{
    "M-270": {
        "best_paths": [
            " HLT_Ele32_WPTight_Gsf == 1  ||  HLT_Ele35_WPTight_Gsf == 1  ||  HLT_Ele24_eta2p1_WPTight_Gsf_LooseChargedIsoPFTauHPS30_eta2p1_CrossL1 == 1 ",
            "HLT_Diphoton30_18_R9IdL_AND_HE_AND_IsoCaloId_NoPixelVeto",
            "HLT_DoubleMediumChargedIsoPFTauHPS35_Trk1_eta2p1_Reg",
            "HLT_Ele30_eta2p1_WPTight_Gsf_CentralPFJet35_EleCleaned",
            "HLT_Ele23_Ele12_CaloIdL_TrackIdL_IsoVL",
            "HLT_Mu12_TrkIsoVVL_Ele23_CaloIdL_TrackIdL_IsoVL_DZ",
            "HLT_Ele35_WPTight_Gsf_L1EGMT",
            "HLT_Mu18_Mu9_SameSign",
            "HLT_VBF_DoubleLooseChargedIsoPFTauHPS20_Trk1_eta2p1",
            "HLT_DiEle27_WPTightCaloOnly_L1DoubleEG"
        ],
        "best_eff": [
            0.4960294354827693,
            0.5666672133881153,
            0.6107835338434251,
            0.6353801042317438,
            0.6563564393938606,
            0.6727471484095706,
            0.6816655420326116,
            0.6898608965404667,
            0.6956397422474732,
            0.6978088595930313
        ],
        "best_eff_err": [
            0.06376374396897293,
            0.06815286659042853,
            0.07075607683127058,
            0.07216670729113114,
            0.07334828433374413,
            0.07425847351382224,
            0.07474906337658783,
            0.07519705787214535,
            0.07551135742647674,
            0.07562899411444364
        ]
    }
}