{
    "M-350": {
        "best_paths": [
            " HLT_Ele32_WPTight_Gsf == 1  ||  HLT_Ele35_WPTight_Gsf == 1  ||  HLT_Ele24_eta2p1_WPTight_Gsf_LooseChargedIsoPFTauHPS30_eta2p1_CrossL1 == 1 ",
            "HLT_DoubleMediumChargedIsoPFTauHPS35_Trk1_eta2p1_Reg",
            "HLT_TriplePhoton_20_20_20_CaloIdLV2",
            "HLT_MonoCentralPFJet80_PFMETNoMu120_PFMHTNoMu120_IDTight",
            "HLT_Ele115_CaloIdVT_GsfTrkIdT",
            "HLT_Ele30_eta2p1_WPTight_Gsf_CentralPFJet35_EleCleaned",
            "HLT_Diphoton30_18_R9IdL_AND_HE_AND_IsoCaloId_NoPixelVeto",
            "HLT_Ele35_WPTight_Gsf_L1EGMT",
            "HLT_Ele50_CaloIdVT_GsfTrkIdT_PFJet165",
            "HLT_Mu17_Photon30_IsoCaloId"
        ],
        "best_eff": [
            0.5746852029812309,
            0.6477239594959537,
            0.6698334482448025,
            0.6899643190493323,
            0.7033848995856855,
            0.7120738077981811,
            0.7195786788019156,
            0.7262889690700922,
            0.7329992593382688,
            0.7397095496064454
        ],
        "best_eff_err": [
            0.062104328923312364,
            0.06593284968631402,
            0.06704868752098929,
            0.06804875468187428,
            0.06870737969144948,
            0.06913044802605502,
            0.06949379185260453,
            0.0698170653293926,
            0.07013884883831656,
            0.07045916279320787
        ]
    }
}