{
    "M-2500": {
        "best_paths": [
            " HLT_Ele32_WPTight_Gsf == 1  ||  HLT_Ele35_WPTight_Gsf == 1  ||  HLT_Ele24_eta2p1_WPTight_Gsf_LooseChargedIsoPFTauHPS30_eta2p1_CrossL1 == 1 ",
            "HLT_AK8PFJet400_TrimMass30",
            "HLT_Photon60_R9Id90_CaloIdL_IsoL",
            "HLT_AK8PFHT750_TrimMass50",
            "HLT_AK8PFHT800_TrimMass50",
            "HLT_AK8PFHT850_TrimMass50",
            "HLT_AK8PFHT900_TrimMass50",
            "HLT_AK8PFJet140",
            "HLT_AK8PFJet200",
            "HLT_AK8PFJet260"
        ],
        "best_eff": [
            0.804213701053426,
            0.9780977445244372,
            0.9782681195670311,
            0.9782681195670311,
            0.9782681195670311,
            0.9782681195670311,
            0.9782681195670311,
            0.9782681195670311,
            0.9782681195670311,
            0.9782681195670311
        ],
        "best_eff_err": [
            0.13222294258047543,
            0.1458183611421532,
            0.14583106065395396,
            0.14583106065395396,
            0.14583106065395396,
            0.14583106065395396,
            0.14583106065395396,
            0.14583106065395396,
            0.14583106065395396,
            0.14583106065395396
        ]
    }
}