{
    "M-600": {
        "best_paths": [
            " HLT_Ele32_WPTight_Gsf == 1  ||  HLT_Ele35_WPTight_Gsf == 1  ||  HLT_Ele24_eta2p1_WPTight_Gsf_LooseChargedIsoPFTauHPS30_eta2p1_CrossL1 == 1 ",
            "HLT_DoubleMediumChargedIsoPFTauHPS35_Trk1_eta2p1_Reg",
            "HLT_Ele50_CaloIdVT_GsfTrkIdT_PFJet165",
            "HLT_PFMET110_PFMHT110_IDTight_CaloBTagDeepCSV_3p1",
            "HLT_DoublePFJets116MaxDeta1p6_DoubleCaloBTagDeepCSV_p71",
            "HLT_Mu8_Ele8_CaloIdM_TrackIdM_Mass8_PFHT350_DZ",
            "HLT_Photon35_TwoProngs35",
            "HLT_Mu50",
            "HLT_TriplePhoton_35_35_5_CaloIdLV2_R9IdVL",
            "HLT_Diphoton30_22_R9Id_OR_IsoCaloId_AND_HE_R9Id_Mass90"
        ],
        "best_eff": [
            0.6318779357472625,
            0.7381404067573234,
            0.8057619792182712,
            0.8542056857736418,
            0.8762255523897193,
            0.8957425572689703,
            0.9127720059707767,
            0.9229042862816246,
            0.9292045378566874,
            0.9354588727536043
        ],
        "best_eff_err": [
            0.05524989062647983,
            0.05971512107346001,
            0.0623904635975271,
            0.0642385983332038,
            0.06506130711138627,
            0.0657819027603183,
            0.06640426642086064,
            0.06677181151470064,
            0.06699933440640939,
            0.06722443744017384
        ]
    }
}