{
    "M-280": {
        "best_paths": [
            " HLT_Ele32_WPTight_Gsf == 1  ||  HLT_Ele35_WPTight_Gsf == 1  ||  HLT_Ele24_eta2p1_WPTight_Gsf_LooseChargedIsoPFTauHPS30_eta2p1_CrossL1 == 1 ",
            "HLT_Ele28_eta2p1_WPTight_Gsf_HT150",
            "HLT_DoubleMediumChargedIsoPFTauHPS35_Trk1_eta2p1_Reg",
            "HLT_Diphoton30_18_R9IdL_AND_HE_AND_IsoCaloId_NoPixelVeto",
            "HLT_Mu8_TrkIsoVVL_Ele23_CaloIdL_TrackIdL_IsoVL_DZ",
            "HLT_DiEle27_WPTightCaloOnly_L1DoubleEG",
            "HLT_Diphoton30PV_18PV_R9Id_AND_IsoCaloId_AND_HE_R9Id_PixelVeto_Mass55",
            "HLT_Ele35_WPTight_Gsf_L1EGMT",
            "HLT_Photon35_TwoProngs35",
            "HLT_Ele28_WPTight_Gsf"
        ],
        "best_eff": [
            0.5246541399354654,
            0.5824491192964911,
            0.635071921925876,
            0.6670586755365995,
            0.6871856981122147,
            0.6967299439193289,
            0.7055004110242263,
            0.7142708781291238,
            0.720455256868201,
            0.7239204397520406
        ],
        "best_eff_err": [
            0.0678397324410962,
            0.07147868773869882,
            0.07463783445869208,
            0.07649439123669084,
            0.07763983977496725,
            0.07817714611528714,
            0.07866765597565331,
            0.07915512629436279,
            0.07949706255569584,
            0.07968801224820789
        ]
    }
}