{
    "M-900": {
        "best_paths": [
            " HLT_Ele32_WPTight_Gsf == 1  ||  HLT_Ele35_WPTight_Gsf == 1  ||  HLT_Ele24_eta2p1_WPTight_Gsf_LooseChargedIsoPFTauHPS30_eta2p1_CrossL1 == 1 ",
            "HLT_PFMET120_PFMHT120_IDTight",
            "HLT_DoubleMediumChargedIsoPFTauHPS35_Trk1_eta2p1_Reg",
            "HLT_Ele50_CaloIdVT_GsfTrkIdT_PFJet165",
            "HLT_Photon35_TwoProngs35",
            "HLT_Mu50",
            "HLT_AK8PFJet330_TrimMass30_PFAK8BoostedDoubleB_p02",
            "HLT_Diphoton30PV_18PV_R9Id_AND_IsoCaloId_AND_HE_R9Id_PixelVeto_Mass55",
            "HLT_Ele28_eta2p1_WPTight_Gsf_HT150",
            "HLT_AK8PFJet400_TrimMass30"
        ],
        "best_eff": [
            0.7227559357910222,
            0.8958039110258035,
            0.9478185804920566,
            0.9750249274296982,
            0.984617025065818,
            0.9890205873911984,
            0.9928354199775596,
            0.993838188935735,
            0.9948409578939101,
            0.9951353227634198
        ],
        "best_eff_err": [
            0.04958178620318872,
            0.055199203602217486,
            0.056779157467878094,
            0.0575882914991241,
            0.05787086918496966,
            0.05800013451166664,
            0.058111885397166975,
            0.05814122464467679,
            0.058170549094469406,
            0.05817915454013429
        ]
    }
}