{
    "M-400": {
        "best_paths": [
            " HLT_Ele32_WPTight_Gsf == 1  ||  HLT_Ele35_WPTight_Gsf == 1  ||  HLT_Ele24_eta2p1_WPTight_Gsf_LooseChargedIsoPFTauHPS30_eta2p1_CrossL1 == 1 ",
            "HLT_DoubleMediumChargedIsoPFTauHPS35_Trk1_eta2p1_Reg",
            "HLT_Photon35_TwoProngs35",
            "HLT_DoubleEle25_CaloIdL_MW",
            "HLT_MediumChargedIsoPFTau50_Trk30_eta2p1_1pr_MET100",
            "HLT_VBF_DoubleLooseChargedIsoPFTauHPS20_Trk1_eta2p1",
            "HLT_Diphoton30_18_R9IdL_AND_HE_AND_IsoCaloId_NoPixelVeto",
            "HLT_Mu8_TrkIsoVVL_Ele23_CaloIdL_TrackIdL_IsoVL_DZ",
            "HLT_Ele115_CaloIdVT_GsfTrkIdT",
            "HLT_Ele28_HighEta_SC20_Mass55"
        ],
        "best_eff": [
            0.5465208794873634,
            0.6292908358941384,
            0.6695776459658409,
            0.6931084589914014,
            0.7166392720169619,
            0.7267109745348874,
            0.7361740394006537,
            0.7454215202839526,
            0.7525631863550833,
            0.7597048524262142
        ],
        "best_eff_err": [
            0.062479761265283984,
            0.06704427300001833,
            0.06915704932387282,
            0.07036174178544359,
            0.07154615253791288,
            0.07204715591367362,
            0.07251472950869331,
            0.07296875653729933,
            0.07331746948107074,
            0.07366453170702855
        ]
    }
}