{
    "M-1750": {
        "best_paths": [
            " HLT_Ele32_WPTight_Gsf == 1  ||  HLT_Ele35_WPTight_Gsf == 1  ||  HLT_Ele24_eta2p1_WPTight_Gsf_LooseChargedIsoPFTauHPS30_eta2p1_CrossL1 == 1 ",
            "HLT_AK8PFJet330_TrimMass30_PFAK8BoostedDoubleB_np2",
            "HLT_AK8PFJet400_TrimMass30",
            "HLT_Ele115_CaloIdVT_GsfTrkIdT",
            "HLT_Ele50_CaloIdVT_GsfTrkIdT_PFJet165",
            "HLT_AK8PFHT750_TrimMass50",
            "HLT_AK8PFHT800_TrimMass50",
            "HLT_AK8PFHT850_TrimMass50",
            "HLT_AK8PFHT900_TrimMass50",
            "HLT_AK8PFJet140"
        ],
        "best_eff": [
            0.736928464232117,
            0.9669001167250302,
            0.9863064865766229,
            0.99806903451726,
            0.9998332499583139,
            0.9998332499583139,
            0.9998332499583139,
            0.9998332499583139,
            0.9998332499583139,
            0.9998332499583139
        ],
        "best_eff_err": [
            0.08584453763822816,
            0.0983310793556661,
            0.09931296423814079,
            0.09990340507296336,
            0.09999166215031702,
            0.09999166215031702,
            0.09999166215031702,
            0.09999166215031702,
            0.09999166215031702,
            0.09999166215031702
        ]
    }
}