{
    "M-750": {
        "best_paths": [
            " HLT_Ele32_WPTight_Gsf == 1  ||  HLT_Ele35_WPTight_Gsf == 1  ||  HLT_Ele24_eta2p1_WPTight_Gsf_LooseChargedIsoPFTauHPS30_eta2p1_CrossL1 == 1 ",
            "HLT_Ele50_CaloIdVT_GsfTrkIdT_PFJet165",
            "HLT_PFMET120_PFMHT120_IDTight",
            "HLT_DoubleMediumChargedIsoPFTauHPS35_Trk1_eta2p1_Reg",
            "HLT_PFHT450_SixPFJet36_PFBTagDeepCSV_1p59",
            "HLT_Ele28_eta2p1_WPTight_Gsf_HT150",
            "HLT_Photon35_TwoProngs35",
            "HLT_RsqMR300_Rsq0p09_MR200",
            "HLT_Diphoton30_22_R9Id_OR_IsoCaloId_AND_HE_R9Id_Mass90",
            "HLT_Mu12_DoublePhoton20"
        ],
        "best_eff": [
            0.6819909954977478,
            0.8236340392418403,
            0.8986215329887128,
            0.9248457562114349,
            0.9336584959146198,
            0.9419904396642723,
            0.9478655994663956,
            0.9532599633149864,
            0.9574259351898127,
            0.9615919070646389
        ],
        "best_eff_err": [
            0.053306933394327634,
            0.05858163958819351,
            0.061190329198762855,
            0.06207675880886753,
            0.0623718184196804,
            0.06264950251412857,
            0.0628445701534878,
            0.06302314268435401,
            0.06316070558470316,
            0.06329796952590709
        ]
    }
}