{
    "M-400": {
        "best_paths": [
            "HLT_Ele27_eta2p1_WPLoose_Gsf_HT200",
            "HLT_HT650",
            "HLT_Mu8_TrkIsoVVL_Ele23_CaloIdL_TrackIdL_IsoVL",
            "HLT_DoubleEle37_Ele27_CaloIdL_GsfTrkIdVL",
            "HLT_DoubleEle8_CaloIdM_TrackIdM_Mass8_PFHT300",
            "HLT_HT350_DisplacedDijet40_DisplacedTrack",
            "HLT_PFMET90_PFMHT90_IDTight",
            "HLT_Ele36_eta2p1_WPLoose_Gsf_LooseIsoPFTau20_SingleL1",
            "HLT_DoubleMediumCombinedIsoPFTau35_Trk1_eta2p1_Reg",
            "HLT_DiMu9_Ele9_CaloIdL_TrackIdL"
        ],
        "best_eff": [
            0.6086956521739131,
            0.6521739130434783,
            0.6741971761582877,
            0.6904594763216143,
            0.7049522299448027,
            0.7194449835679911,
            0.7306845292736137,
            0.7416822522382899,
            0.7503850574027489,
            0.7576314342143431
        ],
        "best_eff_err": [
            0.06641414050660638,
            0.06874516652539955,
            0.06989625729433378,
            0.07073421759348457,
            0.07147271851800267,
            0.07220366643145529,
            0.07276548240422062,
            0.07331104333039126,
            0.07373990018795838,
            0.07409509333704678
        ]
    }
}