{
    "M-280": {
        "best_paths": [
            "HLT_Ele25_eta2p1_WPTight_Gsf",
            "HLT_LooseIsoPFTau50_Trk30_eta2p1",
            "HLT_Ele23_CaloIdL_TrackIdL_IsoVL_PFJet30",
            "HLT_PFHT125",
            "HLT_AK4CaloJet100",
            "HLT_AK4CaloJet80",
            "HLT_AK4PFJet100",
            "HLT_AK4PFJet80",
            "HLT_AK8DiPFJet250_200_TrimMass30",
            "HLT_AK8DiPFJet250_200_TrimMass30_BTagCSV_p20"
        ],
        "best_eff": [
            0.5,
            0.5094598299972579,
            0.5096795311214696,
            0.5096922127776253,
            0.5096922127776253,
            0.5096922127776253,
            0.5096922127776253,
            0.5096922127776253,
            0.5096922127776253,
            0.5096922127776253
        ],
        "best_eff_err": [
            0.25,
            0.2523538760345425,
            0.2524082831251457,
            0.25241142327003185,
            0.25241142327003185,
            0.25241142327003185,
            0.25241142327003185,
            0.25241142327003185,
            0.25241142327003185,
            0.25241142327003185
        ]
    }
}