{
    "M-340": {
        "best_paths": [
            "HLT_Ele25_eta2p1_WPTight_Gsf",
            "HLT_DoubleJetsC112_DoubleBTagCSV_p014_DoublePFJetsC112MaxDeta1p6",
            "HLT_HT410to430",
            "HLT_Ele10_CaloIdM_TrackIdM_CentralPFJet30_BTagCSV_p13",
            "HLT_Ele23_CaloIdL_TrackIdL_IsoVL_PFJet30",
            "HLT_IsoTrackHB",
            "HLT_AK4CaloJet100",
            "HLT_AK4CaloJet80",
            "HLT_AK4PFJet100",
            "HLT_AK4PFJet80"
        ],
        "best_eff": [
            0.6470588235294118,
            0.7058823529411765,
            0.727447216890595,
            0.7281730350489525,
            0.7283798125776223,
            0.7284865884933629,
            0.7284865884933629,
            0.7284865884933629,
            0.7284865884933629,
            0.7284865884933629
        ],
        "best_eff_err": [
            0.19509557590325882,
            0.2037706832433973,
            0.20685988677911987,
            0.20696305937064235,
            0.20699244268353234,
            0.20700761402498088,
            0.20700761402498088,
            0.20700761402498088,
            0.20700761402498088,
            0.20700761402498088
        ]
    }
}