{
    "M-320": {
        "best_paths": [
            "HLT_Ele27_eta2p1_WPLoose_Gsf_HT200",
            "HLT_HT650",
            "HLT_Diphoton30_18_R9Id_OR_IsoCaloId_AND_HE_R9Id_DoublePixelSeedMatch_Mass70",
            "HLT_DoubleEle33_CaloIdL_GsfTrkIdVL_MW",
            "HLT_HT430to450",
            "HLT_DoubleMediumCombinedIsoPFTau35_Trk1_eta2p1_Reg",
            "HLT_BTagMu_DiJet20_Mu5",
            "HLT_AK4CaloJet100",
            "HLT_AK4CaloJet80",
            "HLT_AK4PFJet100"
        ],
        "best_eff": [
            0.5,
            0.6428571428571429,
            0.7142857142857143,
            0.7857142857142857,
            0.8571428571428571,
            0.874299815895648,
            0.8745152571585256,
            0.8745152571585256,
            0.8745152571585256,
            0.8745152571585256
        ],
        "best_eff_err": [
            0.18898223650461363,
            0.21428571428571427,
            0.22587697572631282,
            0.23690177073967142,
            0.24743582965269675,
            0.24989995368084633,
            0.24993074142914723,
            0.24993074142914723,
            0.24993074142914723,
            0.24993074142914723
        ]
    }
}