{
    "M-800": {
        "best_paths": [
            "HLT_Ele27_eta2p1_WPLoose_Gsf_HT200",
            "HLT_LooseIsoPFTau50_Trk30_eta2p1_MET90",
            "HLT_HT650",
            "HLT_HT500to550",
            "HLT_Ele24_eta2p1_WPLoose_Gsf_LooseIsoPFTau30",
            "HLT_AK4CaloJet100",
            "HLT_AK4CaloJet80",
            "HLT_AK4PFJet100",
            "HLT_AK4PFJet80",
            "HLT_AK8DiPFJet250_200_TrimMass30"
        ],
        "best_eff": [
            0.8559322033898306,
            0.940677966101695,
            0.9745762711864406,
            0.9915254237288136,
            0.9968908738549911,
            0.9968908738549911,
            0.9968908738549911,
            0.9968908738549911,
            0.9968908738549911,
            0.9968908738549911
        ],
        "best_eff_err": [
            0.08516843746712618,
            0.08928520129536219,
            0.09087970588782718,
            0.0916665578507794,
            0.09191424124984018,
            0.09191424124984018,
            0.09191424124984018,
            0.09191424124984018,
            0.09191424124984018,
            0.09191424124984018
        ]
    }
}