{
    "M-550": {
        "best_paths": [
            " HLT_Ele25_eta2p1_WPTight_Gsf == 1  ||  HLT_Ele23_CaloIdL_TrackIdL_IsoVL_PFJet30 == 1  ||  HLT_Ele27_eta2p1_WPLoose_Gsf_HT200 == 1  ||  HLT_Ele50_CaloIdVT_GsfTrkIdT_PFJet165 == 1 ",
            "HLT_HT550to650",
            "HLT_RsqMR270_Rsq0p09_MR200",
            "HLT_HT650",
            "HLT_Diphoton30_18_R9Id_OR_IsoCaloId_AND_HE_R9Id_DoublePixelSeedMatch_Mass70",
            "HLT_Ele27_WPLoose_Gsf_WHbbBoost",
            "HLT_HT430to450",
            "HLT_HT470to500",
            "HLT_HT450to470",
            "HLT_Ele24_eta2p1_WPLoose_Gsf_LooseIsoPFTau30"
        ],
        "best_eff": [
            0.7869478841056574,
            0.8269244493190748,
            0.8668775797459098,
            0.8934973768394113,
            0.9068072753861622,
            0.9201171739329129,
            0.9334270724796636,
            0.9467369710264144,
            0.9600468695731651,
            0.9684650763184353
        ],
        "best_eff_err": [
            0.10243358069862685,
            0.10500313959236805,
            0.10750984945550554,
            0.109148057050315,
            0.10995800867520063,
            0.11076203765628444,
            0.11156027204936732,
            0.11235283536113154,
            0.11313984677222345,
            0.11363479961810029
        ]
    }
}