{
    "M-400": {
        "best_paths": [
            " HLT_Ele25_eta2p1_WPTight_Gsf == 1  ||  HLT_Ele23_CaloIdL_TrackIdL_IsoVL_PFJet30 == 1  ||  HLT_Ele27_eta2p1_WPLoose_Gsf_HT200 == 1  ||  HLT_Ele50_CaloIdVT_GsfTrkIdT_PFJet165 == 1 ",
            "HLT_DoubleEle8_CaloIdM_TrackIdM_Mass8_PFHT300",
            "HLT_Mu8_TrkIsoVVL_Ele23_CaloIdL_TrackIdL_IsoVL",
            "HLT_DoubleMediumCombinedIsoPFTau35_Trk1_eta2p1_Reg",
            "HLT_PFMET90_PFMHT90_IDTight",
            "HLT_Ele36_eta2p1_WPLoose_Gsf_LooseIsoPFTau20_SingleL1",
            "HLT_DoubleEle37_Ele27_CaloIdL_GsfTrkIdVL",
            "HLT_DiMu9_Ele9_CaloIdL_TrackIdL",
            "HLT_HT350_DisplacedDijet40_DisplacedTrack",
            "HLT_Photon42_R9Id85_OR_CaloId24b40e_Iso50T80L_Photon25_AND_HE10_R9Id65_Eta2_Mass15"
        ],
        "best_eff": [
            0.652606947143374,
            0.6815542454985837,
            0.7035265634251701,
            0.7156468091701339,
            0.7268626387382126,
            0.7360943280758853,
            0.7433551976411027,
            0.7505888381556411,
            0.7578224786701796,
            0.765056119184718
        ],
        "best_eff_err": [
            0.06876798563914047,
            0.07027658842334708,
            0.07140041019171185,
            0.07201282138106964,
            0.0725749307307059,
            0.07303435404051378,
            0.07339367729555804,
            0.07374991221589672,
            0.07410443466311872,
            0.07445726909864739
        ]
    }
}