{
    "M-450": {
        "best_paths": [
            " HLT_Ele25_eta2p1_WPTight_Gsf == 1  ||  HLT_Ele23_CaloIdL_TrackIdL_IsoVL_PFJet30 == 1  ||  HLT_Ele27_eta2p1_WPLoose_Gsf_HT200 == 1  ||  HLT_Ele50_CaloIdVT_GsfTrkIdT_PFJet165 == 1 ",
            "HLT_Mu8_Ele8_CaloIdM_TrackIdM_Mass8_PFHT300",
            "HLT_DoubleEle37_Ele27_CaloIdL_GsfTrkIdVL",
            "HLT_HT500to550",
            "HLT_DoubleMediumCombinedIsoPFTau35_Trk1_eta2p1_Reg",
            "HLT_LooseIsoPFTau50_Trk30_eta2p1",
            "HLT_MET60_IsoTrk35_Loose",
            "HLT_Photon26_R9Id85_OR_CaloId24b40e_Iso50T80L_Photon16_AND_HE10_R9Id65_Eta2_Mass60",
            "HLT_IsoTrackHB",
            "HLT_AK4CaloJet100"
        ],
        "best_eff": [
            0.8072642258236761,
            0.8423211098764184,
            0.8773471586836572,
            0.8948601830872767,
            0.8990741729563831,
            0.8997071854299856,
            0.8997433122152789,
            0.8997750133491118,
            0.8997770337552136,
            0.8997770337552136
        ],
        "best_eff_err": [
            0.1190064295641557,
            0.12156300148961952,
            0.12406472268740522,
            0.12529685334305696,
            0.12559152481158092,
            0.12563572973677103,
            0.12563825209601467,
            0.12564046541614057,
            0.12564060647619263,
            0.12564060647619263
        ]
    }
}