{
    "M-250": {
        "best_paths": [
            " HLT_Ele25_eta2p1_WPTight_Gsf == 1  ||  HLT_Ele23_CaloIdL_TrackIdL_IsoVL_PFJet30 == 1  ||  HLT_Ele27_eta2p1_WPLoose_Gsf_HT200 == 1  ||  HLT_Ele50_CaloIdVT_GsfTrkIdT_PFJet165 == 1 ",
            "HLT_HT470to500",
            "HLT_Ele45_WPLoose_Gsf",
            "HLT_Ele17_CaloIdM_TrackIdM_PFJet30",
            "HLT_AK4CaloJet100",
            "HLT_AK4CaloJet30",
            "HLT_AK4CaloJet40",
            "HLT_AK4CaloJet50",
            "HLT_AK4CaloJet80",
            "HLT_AK4PFJet100"
        ],
        "best_eff": [
            0.4008788044968467,
            0.5007030435974773,
            0.5765075404442006,
            0.576683027145599,
            0.576683027145599,
            0.576683027145599,
            0.576683027145599,
            0.576683027145599,
            0.576683027145599,
            0.576683027145599
        ],
        "best_eff_err": [
            0.20021958058512826,
            0.22376394785520684,
            0.2401057143102181,
            0.24014225516255966,
            0.24014225516255966,
            0.24014225516255966,
            0.24014225516255966,
            0.24014225516255966,
            0.24014225516255966,
            0.24014225516255966
        ]
    }
}