{
    "M-800": {
        "best_paths": [
            " HLT_Ele25_eta2p1_WPTight_Gsf == 1  ||  HLT_Ele23_CaloIdL_TrackIdL_IsoVL_PFJet30 == 1  ||  HLT_Ele27_eta2p1_WPLoose_Gsf_HT200 == 1  ||  HLT_Ele50_CaloIdVT_GsfTrkIdT_PFJet165 == 1 ",
            "HLT_AK8PFHT700_TrimR0p1PT0p03Mass50",
            "HLT_HT500to550",
            "HLT_HT450to470",
            "HLT_Ele24_eta2p1_WPLoose_Gsf_LooseIsoPFTau30",
            "HLT_AK4CaloJet100",
            "HLT_AK4CaloJet30",
            "HLT_AK4CaloJet40",
            "HLT_AK4CaloJet50",
            "HLT_AK4CaloJet80"
        ],
        "best_eff": [
            0.9322629697963966,
            0.9661463798896703,
            0.9830657424490992,
            0.9915403187202856,
            0.9968908738549911,
            0.9968908738549911,
            0.9968908738549911,
            0.9968908738549911,
            0.9968908738549911,
            0.9968908738549911
        ],
        "best_eff_err": [
            0.08888494609517601,
            0.09048580654172056,
            0.0912746712619411,
            0.09166724636941798,
            0.09191424124984018,
            0.09191424124984018,
            0.09191424124984018,
            0.09191424124984018,
            0.09191424124984018,
            0.09191424124984018
        ]
    }
}