{
    "M-900": {
        "best_paths": [
            " HLT_Ele25_eta2p1_WPTight_Gsf == 1  ||  HLT_Ele23_CaloIdL_TrackIdL_IsoVL_PFJet30 == 1  ||  HLT_Ele27_eta2p1_WPLoose_Gsf_HT200 == 1  ||  HLT_Ele50_CaloIdVT_GsfTrkIdT_PFJet165 == 1 ",
            "HLT_MonoCentralPFJet80_PFMETNoMu110_PFMHTNoMu110_IDTight",
            "HLT_VLooseIsoPFTau140_Trk50_eta2p1",
            "HLT_Ele115_CaloIdVT_GsfTrkIdT",
            "HLT_AK8DiPFJet280_200_TrimMass30_BTagCSV_p20",
            "HLT_DoubleEle8_CaloIdM_TrackIdM_Mass8_PFHT300",
            "HLT_AK4CaloJet100",
            "HLT_AK4CaloJet30",
            "HLT_AK4CaloJet40",
            "HLT_AK4CaloJet50"
        ],
        "best_eff": [
            0.937561028090059,
            0.9792032835207021,
            0.9919557360692198,
            0.9988879748956525,
            0.9994439874478263,
            1.0,
            1.0,
            1.0,
            1.0,
            1.0
        ],
        "best_eff_err": [
            0.08068977923409898,
            0.08246225077104735,
            0.08299747888026897,
            0.08328698606557014,
            0.08331016292245179,
            0.08333333333333333,
            0.08333333333333333,
            0.08333333333333333,
            0.08333333333333333,
            0.08333333333333333
        ]
    }
}