{
    "M-320": {
        "best_paths": [
            " HLT_Ele25_eta2p1_WPTight_Gsf == 1  ||  HLT_Ele23_CaloIdL_TrackIdL_IsoVL_PFJet30 == 1  ||  HLT_Ele27_eta2p1_WPLoose_Gsf_HT200 == 1  ||  HLT_Ele50_CaloIdVT_GsfTrkIdT_PFJet165 == 1 ",
            "HLT_HT650",
            "HLT_Diphoton30_18_R9Id_OR_IsoCaloId_AND_HE_R9Id_DoublePixelSeedMatch_Mass70",
            "HLT_DoubleEle33_CaloIdL_GsfTrkIdVL_MW",
            "HLT_HT430to450",
            "HLT_DoubleMediumCombinedIsoPFTau35_Trk1_eta2p1_Reg",
            "HLT_BTagMu_DiJet20_Mu5",
            "HLT_AK4CaloJet100",
            "HLT_AK4CaloJet30",
            "HLT_AK4CaloJet40"
        ],
        "best_eff": [
            0.5005021739981981,
            0.6433593168553411,
            0.7146623447843629,
            0.7859653727133847,
            0.8572684006424066,
            0.874299815895648,
            0.8745152571585256,
            0.8745152571585256,
            0.8745152571585256,
            0.8745152571585256
        ],
        "best_eff_err": [
            0.1890771146532165,
            0.2143693936135442,
            0.22593651838899395,
            0.23693962050539746,
            0.24745394963253936,
            0.24989995368084633,
            0.24993074142914723,
            0.24993074142914723,
            0.24993074142914723,
            0.24993074142914723
        ]
    }
}