{
    "M-280": {
        "best_paths": [
            " HLT_Ele25_eta2p1_WPTight_Gsf == 1  ||  HLT_Ele23_CaloIdL_TrackIdL_IsoVL_PFJet30 == 1  ||  HLT_Ele27_eta2p1_WPLoose_Gsf_HT200 == 1  ||  HLT_Ele50_CaloIdVT_GsfTrkIdT_PFJet165 == 1 ",
            "HLT_LooseIsoPFTau50_Trk30_eta2p1",
            "HLT_PFHT125",
            "HLT_AK4CaloJet100",
            "HLT_AK4CaloJet30",
            "HLT_AK4CaloJet40",
            "HLT_AK4CaloJet50",
            "HLT_AK4CaloJet80",
            "HLT_AK4PFJet100",
            "HLT_AK4PFJet30"
        ],
        "best_eff": [
            0.500659103372635,
            0.5096795311214696,
            0.5096922127776253,
            0.5096922127776253,
            0.5096922127776253,
            0.5096922127776253,
            0.5096922127776253,
            0.5096922127776253,
            0.5096922127776253,
            0.5096922127776253
        ],
        "best_eff_err": [
            0.25016472157676306,
            0.2524082831251457,
            0.25241142327003185,
            0.25241142327003185,
            0.25241142327003185,
            0.25241142327003185,
            0.25241142327003185,
            0.25241142327003185,
            0.25241142327003185,
            0.25241142327003185
        ]
    }
}