{
    "M-300": {
        "best_paths": [
            " HLT_Ele25_eta2p1_WPTight_Gsf == 1  ||  HLT_Ele23_CaloIdL_TrackIdL_IsoVL_PFJet30 == 1  ||  HLT_Ele27_eta2p1_WPLoose_Gsf_HT200 == 1  ||  HLT_Ele50_CaloIdVT_GsfTrkIdT_PFJet165 == 1 ",
            "HLT_Ele23_Ele12_CaloIdL_TrackIdL_IsoVL_DZ",
            "HLT_Ele24_eta2p1_WPLoose_Gsf_LooseIsoPFTau30",
            "HLT_Mu8_TrkIsoVVL_Ele23_CaloIdL_TrackIdL_IsoVL",
            "HLT_PFHT300_PFMET110",
            "HLT_DoubleJet90_Double30_TripleBTagCSV_p087",
            "HLT_DoubleMediumCombinedIsoPFTau35_Trk1_eta2p1_Reg",
            "HLT_AK8DiPFJet280_200_TrimMass30_BTagCSV_p20",
            "HLT_Mu8_DiEle12_CaloIdL_TrackIdL",
            "HLT_Photon90_R9Id90_HE10_Iso40_EBOnly_PFMET40"
        ],
        "best_eff": [
            0.5525905566218811,
            0.6005061913901839,
            0.6308117356731564,
            0.64900481491637,
            0.664976693172471,
            0.6809485714285718,
            0.6924358650945988,
            0.7004218042226491,
            0.7084077433506996,
            0.7147287523992326
        ],
        "best_eff_err": [
            0.06648852873221853,
            0.06931125111496308,
            0.07103867879813962,
            0.07205580142730326,
            0.07293705193781667,
            0.07380778123903045,
            0.07442772951499185,
            0.07485569072409387,
            0.07528121908421512,
            0.07561633434115847
        ]
    }
}