{
    "M-340": {
        "best_paths": [
            " HLT_Ele25_eta2p1_WPTight_Gsf == 1  ||  HLT_Ele23_CaloIdL_TrackIdL_IsoVL_PFJet30 == 1  ||  HLT_Ele27_eta2p1_WPLoose_Gsf_HT200 == 1  ||  HLT_Ele50_CaloIdVT_GsfTrkIdT_PFJet165 == 1 ",
            "HLT_HT410to430",
            "HLT_Ele10_CaloIdM_TrackIdM_CentralPFJet30_BTagCSV_p13",
            "HLT_IsoTrackHB",
            "HLT_AK4CaloJet100",
            "HLT_AK4CaloJet30",
            "HLT_AK4CaloJet40",
            "HLT_AK4CaloJet50",
            "HLT_AK4CaloJet80",
            "HLT_AK4PFJet100"
        ],
        "best_eff": [
            0.7061925192341812,
            0.7277573831835997,
            0.7283798125776223,
            0.7284865884933629,
            0.7284865884933629,
            0.7284865884933629,
            0.7284865884933629,
            0.7284865884933629,
            0.7284865884933629,
            0.7284865884933629
        ],
        "best_eff_err": [
            0.2038154469748063,
            0.2069039821616041,
            0.20699244268353234,
            0.20700761402498088,
            0.20700761402498088,
            0.20700761402498088,
            0.20700761402498088,
            0.20700761402498088,
            0.20700761402498088,
            0.20700761402498088
        ]
    }
}