{
    "M-270": {
        "best_paths": [
            " HLT_Ele25_eta2p1_WPTight_Gsf == 1 "
        ],
        "best_eff": [
            0.7333333333333333
        ],
        "best_eff_err": [
            0.22110831935702666
        ]
    }
}