{
    "M-800": {
        "best_paths": [
            " HLT_Ele25_eta2p1_WPTight_Gsf == 1 "
        ],
        "best_eff": [
            0.8135593220338984
        ],
        "best_eff_err": [
            0.08303355060281958
        ]
    }
}