{
    "M-320": {
        "best_paths": [
            " HLT_Ele25_eta2p1_WPTight_Gsf == 1 "
        ],
        "best_eff": [
            0.35714285714285715
        ],
        "best_eff_err": [
            0.15971914124998499
        ]
    }
}