{
    "M-450": {
        "best_paths": [
            " HLT_Ele25_eta2p1_WPTight_Gsf == 1 "
        ],
        "best_eff": [
            0.6491228070175439
        ],
        "best_eff_err": [
            0.10671513211049508
        ]
    }
}