{
    "M-340": {
        "best_paths": [
            " HLT_Ele25_eta2p1_WPTight_Gsf == 1 "
        ],
        "best_eff": [
            0.6470588235294118
        ],
        "best_eff_err": [
            0.19509557590325882
        ]
    }
}