{
    "M-500": {
        "best_paths": [
            " HLT_Ele25_eta2p1_WPTight_Gsf == 1 "
        ],
        "best_eff": [
            0.8387096774193549
        ],
        "best_eff_err": [
            0.11630810566012868
        ]
    }
}