{
    "M-600": {
        "best_paths": [
            " HLT_Ele25_eta2p1_WPTight_Gsf == 1 "
        ],
        "best_eff": [
            0.6811594202898551
        ],
        "best_eff_err": [
            0.09935731304929049
        ]
    }
}