{
    "M-350": {
        "best_paths": [
            " HLT_Ele25_eta2p1_WPTight_Gsf == 1 "
        ],
        "best_eff": [
            0.6923076923076923
        ],
        "best_eff_err": [
            0.16317848796612633
        ]
    }
}