{
    "M-1250": {
        "best_paths": [
            " HLT_IsoMu24 == 1  ||  HLT_IsoMu27 == 1  ||  HLT_IsoMu20_eta2p1_LooseChargedIsoPFTauHPS27_eta2p1_CrossL1 == 1 ",
            "HLT_AK8PFJet400_TrimMass30",
            "HLT_DoubleMu4_Mass3p8_DZ_PFHT350",
            "HLT_DoubleL2Mu25NoVtx_2Cha_Eta2p4",
            "HLT_Mu17_Photon30_IsoCaloId",
            "HLT_Mu18_Mu9_SameSign",
            "HLT_MediumChargedIsoPFTau180HighPtRelaxedIso_Trk50_eta2p1",
            "HLT_Mu37_TkMu27",
            "HLT_PFMETNoMu100_PFMHTNoMu100_IDTight_PFHT60",
            "HLT_MonoCentralPFJet80_PFMETNoMu120_PFMHTNoMu120_IDTight"
        ],
        "best_eff": [
            0.7826045959487642,
            0.9551963481740858,
            0.9850356725982032,
            0.991916593217243,
            0.995473431160024,
            0.9964833607279825,
            0.9967463890675491,
            0.9968565632022356,
            0.9969116502695788,
            0.9969126428293509
        ],
        "best_eff_err": [
            0.04826158249669822,
            0.05331834838334395,
            0.05414474847568001,
            0.05433353216852795,
            0.05443086022762381,
            0.05445846387735244,
            0.05446565073805771,
            0.054468660801698286,
            0.054470165771141645,
            0.05447019288732684
        ]
    }
}