{
    "M-2500": {
        "best_paths": [
            " HLT_IsoMu24 == 1  ||  HLT_IsoMu27 == 1  ||  HLT_IsoMu20_eta2p1_LooseChargedIsoPFTauHPS27_eta2p1_CrossL1 == 1 ",
            "HLT_AK8PFJet400_TrimMass30",
            "HLT_MediumChargedIsoPFTau50_Trk30_eta2p1_1pr_MET100",
            "HLT_AK8PFHT750_TrimMass50",
            "HLT_AK8PFHT800_TrimMass50",
            "HLT_AK8PFHT850_TrimMass50",
            "HLT_AK8PFHT900_TrimMass50",
            "HLT_AK8PFJet140",
            "HLT_AK8PFJet200",
            "HLT_AK8PFJet260"
        ],
        "best_eff": [
            0.3656782094751084,
            0.9905755346809166,
            0.9998332499583084,
            0.9998332499583084,
            0.9998332499583084,
            0.9998332499583084,
            0.9998332499583084,
            0.9998332499583084,
            0.9998332499583084,
            0.9998332499583084
        ],
        "best_eff_err": [
            0.041145530419425536,
            0.0677199959077449,
            0.06803570855584494,
            0.06803570855584494,
            0.06803570855584494,
            0.06803570855584494,
            0.06803570855584494,
            0.06803570855584494,
            0.06803570855584494,
            0.06803570855584494
        ]
    }
}