{
    "M-900": {
        "best_paths": [
            " HLT_IsoMu24 == 1  ||  HLT_IsoMu27 == 1  ||  HLT_IsoMu20_eta2p1_LooseChargedIsoPFTauHPS27_eta2p1_CrossL1 == 1 ",
            "HLT_DoubleMu4_Mass3p8_DZ_PFHT350",
            "HLT_MonoCentralPFJet80_PFMETNoMu120_PFMHTNoMu120_IDTight",
            "HLT_Mu50",
            "HLT_DoubleL2Mu25NoVtx_2Cha_Eta2p4",
            "HLT_MediumChargedIsoPFTau50_Trk30_eta2p1_1pr_MET100",
            "HLT_MediumChargedIsoPFTau180HighPtRelaxedIso_Trk50_eta2p1",
            "HLT_Mu12_DoublePhoton20",
            "HLT_Mu37_TkMu27",
            "HLT_AK8PFJet330_TrimMass30_PFAK8BoostedDoubleB_p02"
        ],
        "best_eff": [
            0.8295537870827749,
            0.935691280866057,
            0.960955489874978,
            0.9758151759043107,
            0.9851992954264689,
            0.9898496069966162,
            0.9917986649802416,
            0.9934096111617264,
            0.994919099530365,
            0.9962511580875425
        ],
        "best_eff_err": [
            0.03474912766506424,
            0.036905230550933435,
            0.03740014341710544,
            0.03768820169718697,
            0.03786898612045318,
            0.03795825499500493,
            0.037995607364674944,
            0.03802645235672176,
            0.038055332034547126,
            0.03808079891657364
        ]
    }
}