{
    "M-800": {
        "best_paths": [
            " HLT_IsoMu24 == 1  ||  HLT_IsoMu27 == 1  ||  HLT_IsoMu20_eta2p1_LooseChargedIsoPFTauHPS27_eta2p1_CrossL1 == 1 ",
            "HLT_DoubleMu4_Mass3p8_DZ_PFHT350",
            "HLT_Mu50",
            "HLT_MonoCentralPFJet80_PFMETNoMu120_PFMHTNoMu120_IDTight",
            "HLT_Mu18_Mu9_SameSign",
            "HLT_AK8PFJet400_TrimMass30",
            "HLT_Mu37_TkMu27",
            "HLT_Mu27_Ele37_CaloIdL_MW",
            "HLT_MET105_IsoTrk50",
            "HLT_DoubleL2Mu23NoVtx_2Cha"
        ],
        "best_eff": [
            0.8067925601964933,
            0.924108643980961,
            0.9645917568245124,
            0.9816288782455096,
            0.9871167707065919,
            0.9905629382348008,
            0.9938627179376336,
            0.9956584452842551,
            0.9973083351356715,
            0.9977458476212872
        ],
        "best_eff_err": [
            0.03648754388020732,
            0.03905037459159848,
            0.039896560908400075,
            0.04024735561584757,
            0.040359702206806465,
            0.040430091606601055,
            0.04049737631434819,
            0.040533945462938835,
            0.040567515641290984,
            0.04057641301426771
        ]
    }
}