{
    "M-600": {
        "best_paths": [
            " HLT_IsoMu24 == 1  ||  HLT_IsoMu27 == 1  ||  HLT_IsoMu20_eta2p1_LooseChargedIsoPFTauHPS27_eta2p1_CrossL1 == 1 ",
            "HLT_DoubleMu4_Mass3p8_DZ_PFHT350",
            "HLT_Mu50",
            "HLT_Mu18_Mu9_SameSign",
            "HLT_RsqMR300_Rsq0p09_MR200",
            "HLT_DoubleL2Mu23NoVtx_2Cha",
            "HLT_Mu37_TkMu27",
            "HLT_MediumChargedIsoPFTau180HighPtRelaxedIso_Trk50_eta2p1",
            "HLT_OldMu100",
            "HLT_PFHT330PT30_QuadPFJet_75_60_45_40_TriplePFBTagDeepCSV_4p5"
        ],
        "best_eff": [
            0.8132253530759238,
            0.9203319017419638,
            0.9541514228696555,
            0.9685218953562831,
            0.9783478528818971,
            0.982077828468769,
            0.9845852265610562,
            0.9868889898098081,
            0.98919275305856,
            0.991496516307312
        ],
        "best_eff_err": [
            0.04328730918086316,
            0.04604976024650167,
            0.04688822434949927,
            0.04723999651149629,
            0.04747902405835997,
            0.04756944543852662,
            0.04763013283928723,
            0.04768582351746406,
            0.04774144923218512,
            0.047797010210261996
        ]
    }
}