{
    "M-350": {
        "best_paths": [
            " HLT_IsoMu24 == 1  ||  HLT_IsoMu27 == 1  ||  HLT_IsoMu20_eta2p1_LooseChargedIsoPFTauHPS27_eta2p1_CrossL1 == 1 ",
            "HLT_Mu18_Mu9_SameSign",
            "HLT_Mu50",
            "HLT_DoubleL2Mu23NoVtx_2Cha",
            "HLT_Mu17_TrkIsoVVL_Mu8_TrkIsoVVL_DZ_Mass3p8",
            "HLT_Mu37_TkMu27",
            "HLT_DoubleL2Mu23NoVtx_2Cha_CosmicSeed",
            "HLT_DoubleMediumChargedIsoPFTauHPS35_Trk1_eta2p1_Reg",
            "HLT_MonoCentralPFJet80_PFMETNoMu120_PFMHTNoMu120_IDTight",
            "HLT_Mu23_Mu12_DZ"
        ],
        "best_eff": [
            0.7154716501981874,
            0.8484823451481068,
            0.8943462556966527,
            0.9126918199160711,
            0.9264509930806348,
            0.935623775190344,
            0.9402101662451986,
            0.9447965573000532,
            0.9493829483549078,
            0.9507551941108133
        ],
        "best_eff_err": [
            0.05728856820326963,
            0.062386864397108804,
            0.06405080608451691,
            0.0647044026661683,
            0.06519029987365905,
            0.06551222923830496,
            0.06567260213246871,
            0.06583258434792644,
            0.06599217872599877,
            0.06603985431772608
        ]
    }
}