{
    "M-750": {
        "best_paths": [
            " HLT_IsoMu24 == 1  ||  HLT_IsoMu27 == 1  ||  HLT_IsoMu20_eta2p1_LooseChargedIsoPFTauHPS27_eta2p1_CrossL1 == 1 ",
            "HLT_DoubleMu4_Mass3p8_DZ_PFHT350",
            "HLT_Mu50",
            "HLT_MonoCentralPFJet80_PFMETNoMu120_PFMHTNoMu120_IDTight",
            "HLT_Mu8_Ele8_CaloIdM_TrackIdM_Mass8_PFHT350_DZ",
            "HLT_Mu18_Mu9_SameSign",
            "HLT_Mu37_TkMu27",
            "HLT_MediumChargedIsoPFTau50_Trk30_eta2p1_1pr_MET100",
            "HLT_Mu17_Photon30_IsoCaloId",
            "HLT_DoubleL2Mu23NoVtx_2Cha"
        ],
        "best_eff": [
            0.811014320109698,
            0.9224873227980943,
            0.9661329465692131,
            0.9785120377934827,
            0.9859204182427,
            0.9908227495042543,
            0.9931149627571639,
            0.9950721763759637,
            0.9954242708884478,
            0.9955835231764624
        ],
        "best_eff_err": [
            0.038192392555562185,
            0.04073266332008811,
            0.04168511946098994,
            0.041951325807876895,
            0.0421098345081884,
            0.04221439689091586,
            0.04226319901013692,
            0.042304824298767335,
            0.042312308167497044,
            0.042315692685334604
        ]
    }
}