{
    "M-300": {
        "best_paths": [
            " HLT_IsoMu24 == 1  ||  HLT_IsoMu27 == 1  ||  HLT_IsoMu20_eta2p1_LooseChargedIsoPFTauHPS27_eta2p1_CrossL1 == 1 ",
            "HLT_DoubleL2Mu23NoVtx_2Cha",
            "HLT_Mu18_Mu9_SameSign",
            "HLT_Mu37_TkMu27",
            "HLT_DoubleMu3_DCA_PFMET50_PFMHT60",
            "HLT_DoubleL2Mu23NoVtx_2Cha_CosmicSeed",
            "HLT_MonoCentralPFJet80_PFMETNoMu120_PFMHTNoMu120_IDTight",
            "HLT_IsoTrackHB",
            "HLT_Mu23_Mu12_DZ",
            "HLT_IsoMu20"
        ],
        "best_eff": [
            0.7033642790387452,
            0.8370658197315712,
            0.8835706612996416,
            0.8951966293224125,
            0.9067120769687161,
            0.9125250609801016,
            0.9183380449914871,
            0.9238770005157607,
            0.9250361692474134,
            0.9251146968833244
        ],
        "best_eff_err": [
            0.06394784752994924,
            0.06976146316287678,
            0.07167313812361147,
            0.07214313249248316,
            0.07260565985404563,
            0.07283802757840316,
            0.07306965635736262,
            0.07328968488113012,
            0.07333564796922679,
            0.07333876068689117
        ]
    }
}