{
    "M-1000": {
        "best_paths": [
            " HLT_IsoMu24 == 1  ||  HLT_IsoMu27 == 1  ||  HLT_IsoMu20_eta2p1_LooseChargedIsoPFTauHPS27_eta2p1_CrossL1 == 1 ",
            "HLT_Mu50",
            "HLT_AK8PFJet330_TrimMass30_PFAK8BoostedDoubleB_np2",
            "HLT_Mu18_Mu9_SameSign",
            "HLT_Mu37_TkMu27",
            "HLT_DoubleMu4_Mass3p8_DZ_PFHT350",
            "HLT_AK8PFJet400_TrimMass30",
            "HLT_MediumChargedIsoPFTau50_Trk30_eta2p1_1pr_MET100",
            "HLT_MediumChargedIsoPFTau180HighPtRelaxedIso_Trk50_eta2p1",
            "HLT_AK8PFHT750_TrimMass50"
        ],
        "best_eff": [
            0.8163514381304111,
            0.9280358264238502,
            0.9716773280257154,
            0.9868506948509724,
            0.9921689568188359,
            0.9970171255840697,
            0.9991289971226761,
            0.9995982033569991,
            0.9998332499583138,
            0.9998332499583138
        ],
        "best_eff_err": [
            0.04659557319999616,
            0.04968078491152422,
            0.05083550150076568,
            0.05123087849956989,
            0.051368737823524635,
            0.05149408986910046,
            0.05154859814845547,
            0.05156070073216634,
            0.05156676239528409,
            0.05156676239528409
        ]
    }
}