{
    "M-450": {
        "best_paths": [
            " HLT_IsoMu24 == 1  ||  HLT_IsoMu27 == 1  ||  HLT_IsoMu20_eta2p1_LooseChargedIsoPFTauHPS27_eta2p1_CrossL1 == 1 ",
            "HLT_Mu18_Mu9_SameSign",
            "HLT_DoubleL2Mu23NoVtx_2Cha_CosmicSeed",
            "HLT_Mu50",
            "HLT_Mu17_TrkIsoVVL_Mu8_TrkIsoVVL_DZ_Mass3p8",
            "HLT_DoubleMediumChargedIsoPFTauHPS35_Trk1_eta2p1_Reg",
            "HLT_MonoCentralPFJet80_PFMETNoMu120_PFMHTNoMu120_IDTight",
            "HLT_DoubleMu4_Mass3p8_DZ_PFHT350",
            "HLT_MediumChargedIsoPFTau180HighPtRelaxedIso_Trk50_eta2p1",
            "HLT_Mu25_TkMu0_Phi"
        ],
        "best_eff": [
            0.7670264870997578,
            0.8724014785170368,
            0.918962340647449,
            0.9361171598871345,
            0.9434692836614402,
            0.9483704270435889,
            0.9532715704257375,
            0.9577394906603647,
            0.960190062351439,
            0.9626406340425133
        ],
        "best_eff_err": [
            0.04335858484944435,
            0.04624109555291606,
            0.047459021039813636,
            0.04789994575826718,
            0.04808767737015868,
            0.048212418744398904,
            0.048336838203528194,
            0.04844998155214153,
            0.04851192652912532,
            0.04857379250924978
        ]
    }
}