{
    "M-3000": {
        "best_paths": [
            " HLT_IsoMu24 == 1  ||  HLT_IsoMu27 == 1  ||  HLT_IsoMu20_eta2p1_LooseChargedIsoPFTauHPS27_eta2p1_CrossL1 == 1 ",
            "HLT_AK8PFJet400_TrimMass30",
            "HLT_AK8PFJet500",
            "HLT_AK8PFHT750_TrimMass50",
            "HLT_AK8PFHT800_TrimMass50",
            "HLT_AK8PFHT850_TrimMass50",
            "HLT_AK8PFHT900_TrimMass50",
            "HLT_AK8PFJet140",
            "HLT_AK8PFJet200",
            "HLT_AK8PFJet260"
        ],
        "best_eff": [
            0.29406860292891585,
            0.9953091176055556,
            0.9998332499583081,
            0.9998332499583081,
            0.9998332499583081,
            0.9998332499583081,
            0.9998332499583081,
            0.9998332499583081,
            0.9998332499583081,
            0.9998332499583081
        ],
        "best_eff_err": [
            0.03647776257631874,
            0.06710932249424068,
            0.06726167075498887,
            0.06726167075498887,
            0.06726167075498887,
            0.06726167075498887,
            0.06726167075498887,
            0.06726167075498887,
            0.06726167075498887,
            0.06726167075498887
        ]
    }
}