{
    "M-260": {
        "best_paths": [
            " HLT_IsoMu24 == 1  ||  HLT_IsoMu27 == 1  ||  HLT_IsoMu20_eta2p1_LooseChargedIsoPFTauHPS27_eta2p1_CrossL1 == 1 ",
            "HLT_Mu18_Mu9_SameSign",
            "HLT_DoubleL2Mu23NoVtx_2Cha_CosmicSeed",
            "HLT_Mu17_TrkIsoVVL_Mu8_TrkIsoVVL_DZ_Mass3p8",
            "HLT_MonoCentralPFJet80_PFMETNoMu120_PFMHTNoMu120_IDTight",
            "HLT_DoubleMu3_DCA_PFMET50_PFMHT60",
            "HLT_DoubleL2Mu23NoVtx_2Cha",
            "HLT_DoubleMediumChargedIsoPFTauHPS35_Trk1_eta2p1_Reg",
            "HLT_DoubleMu4_LowMassNonResonantTrk_Displaced",
            "HLT_Mu23_Mu12_DZ"
        ],
        "best_eff": [
            0.6223392308399107,
            0.7447686428248137,
            0.7957813940984091,
            0.8314897244540627,
            0.8569956747081009,
            0.8721537639568068,
            0.8772549540076143,
            0.882356144058422,
            0.8874573341092297,
            0.887711712999355
        ],
        "best_eff_err": [
            0.05634891442917497,
            0.06164284236156145,
            0.06371898581712764,
            0.0651328988493582,
            0.06612432919717239,
            0.06670655216558896,
            0.06690134962518696,
            0.06709558153502033,
            0.06728925279250485,
            0.06729889592596489
        ]
    }
}