{
    "M-1500": {
        "best_paths": [
            " HLT_IsoMu24 == 1  ||  HLT_IsoMu27 == 1  ||  HLT_IsoMu20_eta2p1_LooseChargedIsoPFTauHPS27_eta2p1_CrossL1 == 1 ",
            "HLT_AK8PFJet400_TrimMass30",
            "HLT_DoubleMu4_Mass3p8_DZ_PFHT350",
            "HLT_PFHT500_PFMET100_PFMHT100_IDTight",
            "HLT_MediumChargedIsoPFTau180HighPtRelaxedIso_Trk50_eta2p1",
            "HLT_MonoCentralPFJet80_PFMETNoMu120_PFMHTNoMu120_IDTight",
            "HLT_AK8PFHT750_TrimMass50",
            "HLT_AK8PFHT800_TrimMass50",
            "HLT_AK8PFHT850_TrimMass50",
            "HLT_AK8PFHT900_TrimMass50"
        ],
        "best_eff": [
            0.8275451284964493,
            0.9800625359760861,
            0.9903614707542098,
            0.9936851665003881,
            0.9970088622465662,
            0.9998332499583129,
            0.9998332499583129,
            0.9998332499583129,
            0.9998332499583129,
            0.9998332499583129
        ],
        "best_eff_err": [
            0.04834974770458802,
            0.05261690068049031,
            0.05289263912225384,
            0.05298131976792744,
            0.05306985222690733,
            0.05314496882816516,
            0.05314496882816516,
            0.05314496882816516,
            0.05314496882816516,
            0.05314496882816516
        ]
    }
}