{
    "M-250": {
        "best_paths": [
            " HLT_IsoMu24 == 1  ||  HLT_IsoMu27 == 1  ||  HLT_IsoMu20_eta2p1_LooseChargedIsoPFTauHPS27_eta2p1_CrossL1 == 1 ",
            "HLT_Mu18_Mu9_SameSign",
            "HLT_Mu17_TrkIsoVVL_Mu8_TrkIsoVVL_DZ_Mass3p8",
            "HLT_MonoCentralPFJet80_PFMETNoMu120_PFMHTNoMu120_IDTight",
            "HLT_DoubleMediumChargedIsoPFTauHPS35_Trk1_eta2p1_Reg",
            "HLT_DoubleL2Mu23NoVtx_2Cha",
            "HLT_MET105_IsoTrk50",
            "HLT_Mu12_TrkIsoVVL_Ele23_CaloIdL_TrackIdL_IsoVL_DZ",
            "HLT_TripleMu_10_5_5_DZ",
            "HLT_Mu23_Mu12_DZ"
        ],
        "best_eff": [
            0.6972411644418711,
            0.8090712022678018,
            0.8419615509509154,
            0.8682729522656075,
            0.8814297499627015,
            0.8880086973311225,
            0.8945865476597955,
            0.9011643979884686,
            0.9077422483171416,
            0.9080702632017768
        ],
        "best_eff_err": [
            0.06772822841297178,
            0.07295777447966058,
            0.0744259412432267,
            0.07557990509638786,
            0.07615037710980255,
            0.07643404007666739,
            0.07671660715615157,
            0.07699813728046269,
            0.07727864178264696,
            0.07729260293477469
        ]
    }
}