{
    "M-280": {
        "best_paths": [
            " HLT_IsoMu24 == 1  ||  HLT_IsoMu27 == 1  ||  HLT_IsoMu20_eta2p1_LooseChargedIsoPFTauHPS27_eta2p1_CrossL1 == 1 ",
            "HLT_Mu18_Mu9_SameSign",
            "HLT_DoubleL2Mu23NoVtx_2Cha",
            "HLT_Mu17_TrkIsoVVL_Mu8_TrkIsoVVL_DZ_Mass3p8",
            "HLT_Mu17_Photon30_IsoCaloId",
            "HLT_DoubleMu3_DCA_PFMET50_PFMHT60",
            "HLT_Mu50",
            "HLT_PFHT330PT30_QuadPFJet_75_60_45_40_TriplePFBTagDeepCSV_4p5",
            "HLT_Mu23_Mu12_DZ",
            "HLT_IsoMu20"
        ],
        "best_eff": [
            0.634590506821143,
            0.8035151517920284,
            0.8674329554427114,
            0.8993910958523373,
            0.9130882031578925,
            0.9221322990262223,
            0.9266977476561689,
            0.9312631962861154,
            0.9314908595850404,
            0.9315525342579932
        ],
        "best_eff_err": [
            0.05383004316483972,
            0.060572427373801585,
            0.06293553110192106,
            0.06408438699761423,
            0.0645705236608402,
            0.06488951970266867,
            0.06504995437846241,
            0.06520999434164258,
            0.06521796470666373,
            0.06522012373486297
        ]
    }
}