{
    "M-800": {
        "best_paths": [
            " HLT_Ele32_WPTight_Gsf == 1  ||  HLT_Ele35_WPTight_Gsf == 1  ||  HLT_Ele24_eta2p1_WPTight_Gsf_LooseChargedIsoPFTauHPS30_eta2p1_CrossL1 == 1  ||  HLT_DoubleMediumChargedIsoPFTauHPS35_Trk1_eta2p1_Reg == 1  ||  HLT_Ele28_eta2p1_WPTight_Gsf_HT150 == 1  ||  HLT_Ele50_CaloIdVT_GsfTrkIdT_PFJet165 == 1 ",
            "HLT_PFMET120_PFMHT120_IDTight",
            "HLT_RsqMR300_Rsq0p09_MR200",
            "HLT_QuadPFJet103_88_75_15_DoublePFBTagDeepCSV_1p3_7p7_VBF1",
            "HLT_Mu17_Photon30_IsoCaloId",
            "HLT_Diphoton30_18_R9IdL_AND_HE_AND_IsoCaloId_NoPixelVeto",
            "HLT_MediumChargedIsoPFTau180HighPtRelaxedIso_Trk50_eta2p1",
            "HLT_Ele115_CaloIdVT_GsfTrkIdT",
            "HLT_Ele35_WPTight_Gsf_L1EGMT",
            "HLT_RsqMR300_Rsq0p09_MR200_4jet"
        ],
        "best_eff": [
            0.8526879792097268,
            0.9168282254334668,
            0.9356930037345668,
            0.9460132582014228,
            0.9535591695218627,
            0.9604393391664334,
            0.964545165664588,
            0.9683181213248081,
            0.9720910769850282,
            0.9758640326452482
        ],
        "best_eff_err": [
            0.05672469028195636,
            0.05881946236220729,
            0.05942151963072621,
            0.05974831672694622,
            0.05998613580454859,
            0.0602021543890323,
            0.06033069764207586,
            0.060448578531746386,
            0.060566229988648315,
            0.06068365334723161
        ]
    }
}