{
    "M-700": {
        "best_paths": [
            " HLT_Ele32_WPTight_Gsf == 1  ||  HLT_Ele35_WPTight_Gsf == 1  ||  HLT_Ele24_eta2p1_WPTight_Gsf_LooseChargedIsoPFTauHPS30_eta2p1_CrossL1 == 1  ||  HLT_DoubleMediumChargedIsoPFTauHPS35_Trk1_eta2p1_Reg == 1  ||  HLT_Ele28_eta2p1_WPTight_Gsf_HT150 == 1  ||  HLT_Ele50_CaloIdVT_GsfTrkIdT_PFJet165 == 1 ",
            "HLT_MonoCentralPFJet80_PFMETNoMu120_PFMHTNoMu120_IDTight",
            "HLT_Photon60_R9Id90_CaloIdL_IsoL_DisplacedIdL_PFHT350MinPFJet15",
            "HLT_MediumChargedIsoPFTau180HighPtRelaxedIso_Trk50_eta2p1",
            "HLT_DoubleEle25_CaloIdL_MW",
            "HLT_Mu27_Ele37_CaloIdL_MW",
            "HLT_HT430_DisplacedDijet40_DisplacedTrack",
            "HLT_Ele115_CaloIdVT_GsfTrkIdT",
            "HLT_Ele32_WPTight_Gsf_L1DoubleEG",
            "HLT_DiJet110_35_Mjj650_PFMET110"
        ],
        "best_eff": [
            0.840466075725639,
            0.8819338142031722,
            0.900363920193187,
            0.910937563389593,
            0.9201526163846003,
            0.9293676693796077,
            0.9385811855078715,
            0.9431887120053752,
            0.9477903314176256,
            0.9523540572129349
        ],
        "best_eff_err": [
            0.0622343599335556,
            0.06375116567844262,
            0.06441383771651496,
            0.06479096353437268,
            0.06511785191264415,
            0.06544310750355375,
            0.06576670068804663,
            0.06592792853103634,
            0.0660885571018518,
            0.06624747824825604
        ]
    }
}