{
    "M-1500": {
        "best_paths": [
            " HLT_Ele32_WPTight_Gsf == 1  ||  HLT_Ele35_WPTight_Gsf == 1  ||  HLT_Ele24_eta2p1_WPTight_Gsf_LooseChargedIsoPFTauHPS30_eta2p1_CrossL1 == 1  ||  HLT_DoubleMediumChargedIsoPFTauHPS35_Trk1_eta2p1_Reg == 1  ||  HLT_Ele28_eta2p1_WPTight_Gsf_HT150 == 1  ||  HLT_Ele50_CaloIdVT_GsfTrkIdT_PFJet165 == 1 ",
            "HLT_MonoCentralPFJet80_PFMETNoMu120_PFMHTNoMu120_IDTight",
            "HLT_MediumChargedIsoPFTau180HighPtRelaxedIso_Trk50_eta2p1",
            "HLT_AK8PFHT750_TrimMass50",
            "HLT_AK8PFHT800_TrimMass50",
            "HLT_AK8PFHT850_TrimMass50",
            "HLT_AK8PFHT900_TrimMass50",
            "HLT_AK8PFJet140",
            "HLT_AK8PFJet200",
            "HLT_AK8PFJet260"
        ],
        "best_eff": [
            0.9078202467570432,
            0.9870149596250285,
            0.9998332499583139,
            0.9998332499583139,
            0.9998332499583139,
            0.9998332499583139,
            0.9998332499583139,
            0.9998332499583139,
            0.9998332499583139,
            0.9998332499583139
        ],
        "best_eff_err": [
            0.09480674698998068,
            0.09885557820791938,
            0.09949542255047797,
            0.09949542255047797,
            0.09949542255047797,
            0.09949542255047797,
            0.09949542255047797,
            0.09949542255047797,
            0.09949542255047797,
            0.09949542255047797
        ]
    }
}