{
    "M-750": {
        "best_paths": [
            " HLT_Ele32_WPTight_Gsf == 1  ||  HLT_Ele35_WPTight_Gsf == 1  ||  HLT_Ele24_eta2p1_WPTight_Gsf_LooseChargedIsoPFTauHPS30_eta2p1_CrossL1 == 1  ||  HLT_DoubleMediumChargedIsoPFTauHPS35_Trk1_eta2p1_Reg == 1  ||  HLT_Ele28_eta2p1_WPTight_Gsf_HT150 == 1  ||  HLT_Ele50_CaloIdVT_GsfTrkIdT_PFJet165 == 1 ",
            "HLT_PFMET120_PFMHT120_IDTight",
            "HLT_PFHT450_SixPFJet36_PFBTagDeepCSV_1p59",
            "HLT_Photon35_TwoProngs35",
            "HLT_RsqMR300_Rsq0p09_MR200",
            "HLT_Diphoton30_22_R9Id_OR_IsoCaloId_AND_HE_R9Id_Mass90",
            "HLT_Mu12_DoublePhoton20",
            "HLT_Mu17_Photon30_IsoCaloId",
            "HLT_Mu25_TkMu0_Phi",
            "HLT_DoublePFJets116MaxDeta1p6_DoubleCaloBTagDeepCSV_p71"
        ],
        "best_eff": [
            0.8665221499638674,
            0.9331776999610875,
            0.9419904396642723,
            0.9478655994663956,
            0.9532599633149864,
            0.9574259351898127,
            0.9615919070646389,
            0.9657578789394652,
            0.9699238508142914,
            0.9737222778055649
        ],
        "best_eff_err": [
            0.06008751083363981,
            0.062355756883422805,
            0.06264950251412857,
            0.0628445701534878,
            0.06302314268435401,
            0.06316070558470316,
            0.06329796952590709,
            0.06343493644867765,
            0.06357160827282003,
            0.06369596657185748
        ]
    }
}