{
    "M-400": {
        "best_paths": [
            " HLT_Ele32_WPTight_Gsf == 1  ||  HLT_Ele35_WPTight_Gsf == 1  ||  HLT_Ele24_eta2p1_WPTight_Gsf_LooseChargedIsoPFTauHPS30_eta2p1_CrossL1 == 1  ||  HLT_DoubleMediumChargedIsoPFTauHPS35_Trk1_eta2p1_Reg == 1  ||  HLT_Ele28_eta2p1_WPTight_Gsf_HT150 == 1  ||  HLT_Ele50_CaloIdVT_GsfTrkIdT_PFJet165 == 1 ",
            "HLT_Photon35_TwoProngs35",
            "HLT_MediumChargedIsoPFTau50_Trk30_eta2p1_1pr_MET100",
            "HLT_Diphoton30_18_R9IdL_AND_HE_AND_IsoCaloId_NoPixelVeto",
            "HLT_Mu8_TrkIsoVVL_Ele23_CaloIdL_TrackIdL_IsoVL_DZ",
            "HLT_Diphoton30_22_R9Id_OR_IsoCaloId_AND_HE_R9Id_Mass90",
            "HLT_Ele115_CaloIdVT_GsfTrkIdT",
            "HLT_Ele28_HighEta_SC20_Mass55",
            "HLT_PFMETTypeOne140_PFMHT140_IDTight",
            "HLT_Mu8_Ele8_CaloIdM_TrackIdM_Mass8_PFHT350_DZ"
        ],
        "best_eff": [
            0.6649991662497925,
            0.7002501250625321,
            0.7166392720169619,
            0.7275780747516626,
            0.7368255556349614,
            0.7445972986493258,
            0.7517389647204565,
            0.7588806307915874,
            0.7660222968627183,
            0.7730960718454477
        ],
        "best_eff_err": [
            0.06892020055572513,
            0.07072331021374434,
            0.07154615253791288,
            0.07209012587189845,
            0.07254681028899111,
            0.07292840415921269,
            0.07327730913261994,
            0.07362456067254747,
            0.0739701820650301,
            0.07431093323930238
        ]
    }
}