{
    "M-600": {
        "best_paths": [
            " HLT_Ele32_WPTight_Gsf == 1  ||  HLT_Ele35_WPTight_Gsf == 1  ||  HLT_Ele24_eta2p1_WPTight_Gsf_LooseChargedIsoPFTauHPS30_eta2p1_CrossL1 == 1  ||  HLT_DoubleMediumChargedIsoPFTauHPS35_Trk1_eta2p1_Reg == 1  ||  HLT_Ele28_eta2p1_WPTight_Gsf_HT150 == 1  ||  HLT_Ele50_CaloIdVT_GsfTrkIdT_PFJet165 == 1 ",
            "HLT_PFMET110_PFMHT110_IDTight_CaloBTagDeepCSV_3p1",
            "HLT_RsqMR300_Rsq0p09_MR200",
            "HLT_Mu12_DoublePhoton20",
            "HLT_Photon60_R9Id90_CaloIdL_IsoL_DisplacedIdL_PFHT350MinPFJet15",
            "HLT_MediumChargedIsoPFTau180HighPtRelaxedIso_Trk50_eta2p1",
            "HLT_Mu12_TrkIsoVVL_Ele23_CaloIdL_TrackIdL_IsoVL_DZ",
            "HLT_Photon35_TwoProngs35",
            "HLT_DiEle27_WPTightCaloOnly_L1DoubleEG",
            "HLT_Diphoton30_22_R9Id_OR_IsoCaloId_AND_HE_R9Id_Mass90"
        ],
        "best_eff": [
            0.812016314115188,
            0.8604600206705586,
            0.8823373039176571,
            0.8972537798689981,
            0.9117441168249155,
            0.9214043414621937,
            0.931064566099472,
            0.9378763455801945,
            0.9427064578988337,
            0.9475365702174727
        ],
        "best_eff_err": [
            0.06263213333553576,
            0.0644733409562485,
            0.06528781703152821,
            0.06583737026217434,
            0.06636686636300528,
            0.06671752920122201,
            0.06706635859047978,
            0.06731124424519791,
            0.06748434987293085,
            0.06765701259816012
        ]
    }
}