{
    "M-500": {
        "best_paths": [
            " HLT_Ele32_WPTight_Gsf == 1  ||  HLT_Ele35_WPTight_Gsf == 1  ||  HLT_Ele24_eta2p1_WPTight_Gsf_LooseChargedIsoPFTauHPS30_eta2p1_CrossL1 == 1  ||  HLT_DoubleMediumChargedIsoPFTauHPS35_Trk1_eta2p1_Reg == 1  ||  HLT_Ele28_eta2p1_WPTight_Gsf_HT150 == 1  ||  HLT_Ele50_CaloIdVT_GsfTrkIdT_PFJet165 == 1 ",
            "HLT_PFMET110_PFMHT110_IDTight_CaloBTagDeepCSV_3p1",
            "HLT_Mu17_Photon30_IsoCaloId",
            "HLT_Ele115_CaloIdVT_GsfTrkIdT",
            "HLT_Mu8_TrkIsoVVL_Ele23_CaloIdL_TrackIdL_IsoVL_DZ",
            "HLT_AK8PFJet330_TrimMass30_PFAK8BoostedDoubleB_np4",
            "HLT_RsqMR300_Rsq0p09_MR200_4jet",
            "HLT_Diphoton30PV_18PV_R9Id_AND_IsoCaloId_AND_HE_R9Id_PixelVeto_Mass55",
            "HLT_Ele23_Ele12_CaloIdL_TrackIdL_IsoVL",
            "HLT_MediumChargedIsoPFTau180HighPtRelaxedIso_Trk50_eta2p1"
        ],
        "best_eff": [
            0.7725984204223318,
            0.8278482675681261,
            0.842997256203858,
            0.8530965819610126,
            0.8631959077181671,
            0.8724042155757995,
            0.8792359142534211,
            0.8842855771319983,
            0.8893352400105756,
            0.8943849028891528
        ],
        "best_eff_err": [
            0.062466088594974566,
            0.06466105362894017,
            0.065249995402448,
            0.06563968765741264,
            0.06602707998621395,
            0.06637832399848216,
            0.06663771773944789,
            0.06682880197485161,
            0.06701934139683509,
            0.0672093406390595
        ]
    }
}