{
    "M-2500": {
        "best_paths": [
            " HLT_Ele32_WPTight_Gsf == 1  ||  HLT_Ele35_WPTight_Gsf == 1  ||  HLT_Ele24_eta2p1_WPTight_Gsf_LooseChargedIsoPFTauHPS30_eta2p1_CrossL1 == 1  ||  HLT_DoubleMediumChargedIsoPFTauHPS35_Trk1_eta2p1_Reg == 1  ||  HLT_Ele28_eta2p1_WPTight_Gsf_HT150 == 1  ||  HLT_Ele50_CaloIdVT_GsfTrkIdT_PFJet165 == 1 ",
            "HLT_AK8PFHT800_TrimMass50",
            "HLT_Photon60_R9Id90_CaloIdL_IsoL",
            "HLT_AK8PFHT750_TrimMass50",
            "HLT_AK8PFHT850_TrimMass50",
            "HLT_AK8PFHT900_TrimMass50",
            "HLT_AK8PFJet140",
            "HLT_AK8PFJet200",
            "HLT_AK8PFJet260",
            "HLT_AK8PFJet320"
        ],
        "best_eff": [
            0.912891228222808,
            0.9780977445244372,
            0.9782681195670311,
            0.9782681195670311,
            0.9782681195670311,
            0.9782681195670311,
            0.9782681195670311,
            0.9782681195670311,
            0.9782681195670311,
            0.9782681195670311
        ],
        "best_eff_err": [
            0.1408739205215235,
            0.1458183611421532,
            0.14583106065395396,
            0.14583106065395396,
            0.14583106065395396,
            0.14583106065395396,
            0.14583106065395396,
            0.14583106065395396,
            0.14583106065395396,
            0.14583106065395396
        ]
    }
}