{
    "M-300": {
        "best_paths": [
            " HLT_Ele32_WPTight_Gsf == 1  ||  HLT_Ele35_WPTight_Gsf == 1  ||  HLT_Ele24_eta2p1_WPTight_Gsf_LooseChargedIsoPFTauHPS30_eta2p1_CrossL1 == 1  ||  HLT_DoubleMediumChargedIsoPFTauHPS35_Trk1_eta2p1_Reg == 1  ||  HLT_Ele28_eta2p1_WPTight_Gsf_HT150 == 1  ||  HLT_Ele50_CaloIdVT_GsfTrkIdT_PFJet165 == 1 ",
            "HLT_Ele23_Ele12_CaloIdL_TrackIdL_IsoVL",
            "HLT_Mu17_Photon30_IsoCaloId",
            "HLT_Diphoton30_18_R9IdL_AND_HE_AND_IsoCaloId_NoPixelVeto",
            "HLT_DiEle27_WPTightCaloOnly_L1DoubleEG",
            "HLT_PFHT330PT30_QuadPFJet_75_60_45_40_TriplePFBTagDeepCSV_4p5",
            "HLT_Photon60_R9Id90_CaloIdL_IsoL_DisplacedIdL_PFHT350MinPFJet15",
            "HLT_Ele28_WPTight_Gsf",
            "HLT_Ele27_WPTight_Gsf",
            "HLT_Ele12_CaloIdL_TrackIdL_IsoVL_PFJet30"
        ],
        "best_eff": [
            0.6538754461863083,
            0.6832697394448868,
            0.7028743129734811,
            0.72074926352065,
            0.7305515502849473,
            0.7403538370492445,
            0.7501561238135417,
            0.7540289752719507,
            0.7542104385526105,
            0.7543188260797076
        ],
        "best_eff_err": [
            0.08006587031976763,
            0.08184572643537465,
            0.0830115933890858,
            0.08406050945719072,
            0.08463019615263111,
            0.08519607356834692,
            0.08575821711121066,
            0.08597930526608559,
            0.08598965045753999,
            0.08599582901876454
        ]
    }
}