{
    "M-280": {
        "best_paths": [
            " HLT_Ele32_WPTight_Gsf == 1  ||  HLT_Ele35_WPTight_Gsf == 1  ||  HLT_Ele24_eta2p1_WPTight_Gsf_LooseChargedIsoPFTauHPS30_eta2p1_CrossL1 == 1  ||  HLT_DoubleMediumChargedIsoPFTauHPS35_Trk1_eta2p1_Reg == 1  ||  HLT_Ele28_eta2p1_WPTight_Gsf_HT150 == 1  ||  HLT_Ele50_CaloIdVT_GsfTrkIdT_PFJet165 == 1 ",
            "HLT_Diphoton30_18_R9IdL_AND_HE_AND_IsoCaloId_NoPixelVeto",
            "HLT_Mu12_TrkIsoVVL_Ele23_CaloIdL_TrackIdL_IsoVL_DZ",
            "HLT_DiEle27_WPTightCaloOnly_L1DoubleEG",
            "HLT_Diphoton30PV_18PV_R9Id_AND_IsoCaloId_AND_HE_R9Id_PixelVeto_Mass55",
            "HLT_Ele35_WPTight_Gsf_L1EGMT",
            "HLT_Photon35_TwoProngs35",
            "HLT_Ele28_WPTight_Gsf",
            "HLT_TriplePhoton_20_20_20_CaloIdLV2",
            "HLT_Ele12_CaloIdL_TrackIdL_IsoVL_PFJet30"
        ],
        "best_eff": [
            0.6438423890307735,
            0.675829142641497,
            0.6871856981122147,
            0.6967299439193289,
            0.7055004110242263,
            0.7142708781291238,
            0.720455256868201,
            0.7239204397520406,
            0.7265065281178611,
            0.7266434386784045
        ],
        "best_eff_err": [
            0.07515144878614057,
            0.07699562203557232,
            0.07763983977496725,
            0.07817714611528714,
            0.07866765597565331,
            0.07915512629436279,
            0.07949706255569584,
            0.07968801224820789,
            0.07983022160645442,
            0.07983774327700498
        ]
    }
}