{
    "M-2000": {
        "best_paths": [
            " HLT_Ele32_WPTight_Gsf == 1  ||  HLT_Ele35_WPTight_Gsf == 1  ||  HLT_Ele24_eta2p1_WPTight_Gsf_LooseChargedIsoPFTauHPS30_eta2p1_CrossL1 == 1  ||  HLT_DoubleMediumChargedIsoPFTauHPS35_Trk1_eta2p1_Reg == 1  ||  HLT_Ele28_eta2p1_WPTight_Gsf_HT150 == 1  ||  HLT_Ele50_CaloIdVT_GsfTrkIdT_PFJet165 == 1 ",
            "HLT_AK8PFJet400_TrimMass30",
            "HLT_MediumChargedIsoPFTau50_Trk30_eta2p1_1pr_MET100",
            "HLT_AK8PFHT750_TrimMass50",
            "HLT_AK8PFHT800_TrimMass50",
            "HLT_AK8PFHT850_TrimMass50",
            "HLT_AK8PFHT900_TrimMass50",
            "HLT_AK8PFJet140",
            "HLT_AK8PFJet200",
            "HLT_AK8PFJet260"
        ],
        "best_eff": [
            0.894128223532057,
            0.9853429130023962,
            0.9998332499583138,
            0.9998332499583138,
            0.9998332499583138,
            0.9998332499583138,
            0.9998332499583138,
            0.9998332499583138,
            0.9998332499583138,
            0.9998332499583138
        ],
        "best_eff_err": [
            0.11383488064380456,
            0.1195003433990819,
            0.12037581549429932,
            0.12037581549429932,
            0.12037581549429932,
            0.12037581549429932,
            0.12037581549429932,
            0.12037581549429932,
            0.12037581549429932,
            0.12037581549429932
        ]
    }
}