{
    "M-350": {
        "best_paths": [
            " HLT_Ele32_WPTight_Gsf == 1  ||  HLT_Ele35_WPTight_Gsf == 1  ||  HLT_Ele24_eta2p1_WPTight_Gsf_LooseChargedIsoPFTauHPS30_eta2p1_CrossL1 == 1  ||  HLT_DoubleMediumChargedIsoPFTauHPS35_Trk1_eta2p1_Reg == 1  ||  HLT_Ele28_eta2p1_WPTight_Gsf_HT150 == 1  ||  HLT_Ele50_CaloIdVT_GsfTrkIdT_PFJet165 == 1 ",
            "HLT_TriplePhoton_20_20_20_CaloIdLV2",
            "HLT_MonoCentralPFJet80_PFMETNoMu120_PFMHTNoMu120_IDTight",
            "HLT_Diphoton30_18_R9IdL_AND_HE_AND_IsoCaloId_NoPixelVeto",
            "HLT_DiMu9_Ele9_CaloIdL_TrackIdL_DZ",
            "HLT_Ele30_eta2p1_WPTight_Gsf_CentralPFJet35_EleCleaned",
            "HLT_Ele35_WPTight_Gsf_L1EGMT",
            "HLT_Mu17_Photon30_IsoCaloId",
            "HLT_Mu23_TrkIsoVVL_Ele12_CaloIdL_TrackIdL_IsoVL",
            "HLT_Mu8_TrkIsoVVL_Ele23_CaloIdL_TrackIdL_IsoVL_DZ"
        ],
        "best_eff": [
            0.6651017759209449,
            0.6872112646697935,
            0.7073421354743233,
            0.7148470064780579,
            0.7215572967462345,
            0.7282675870144111,
            0.7349778772825877,
            0.7416881675507643,
            0.7483984578189409,
            0.7551087480871175
        ],
        "best_eff_err": [
            0.06681145342075909,
            0.0679128569471455,
            0.0689003821048192,
            0.06926493280123876,
            0.06958926943944496,
            0.06991210142937498,
            0.07023344951963247,
            0.0705533339862994,
            0.07087177464786569,
            0.07118879087955776
        ]
    }
}