{
    "M-1250": {
        "best_paths": [
            " HLT_Ele32_WPTight_Gsf == 1  ||  HLT_Ele35_WPTight_Gsf == 1  ||  HLT_Ele24_eta2p1_WPTight_Gsf_LooseChargedIsoPFTauHPS30_eta2p1_CrossL1 == 1  ||  HLT_DoubleMediumChargedIsoPFTauHPS35_Trk1_eta2p1_Reg == 1  ||  HLT_Ele28_eta2p1_WPTight_Gsf_HT150 == 1  ||  HLT_Ele50_CaloIdVT_GsfTrkIdT_PFJet165 == 1 ",
            "HLT_AK8PFJet330_TrimMass30_PFAK8BoostedDoubleB_np2",
            "HLT_AK8PFJet400_TrimMass30",
            "HLT_MonoCentralPFJet80_PFMETNoMu120_PFMHTNoMu120_IDTight",
            "HLT_AK8PFHT750_TrimMass50",
            "HLT_AK8PFHT800_TrimMass50",
            "HLT_AK8PFHT850_TrimMass50",
            "HLT_AK8PFHT900_TrimMass50",
            "HLT_AK8PFJet140",
            "HLT_AK8PFJet200"
        ],
        "best_eff": [
            0.9381151481090333,
            0.9943881405723424,
            0.9987442280811174,
            0.9998332499583111,
            0.9998332499583111,
            0.9998332499583111,
            0.9998332499583111,
            0.9998332499583111,
            0.9998332499583111,
            0.9998332499583111
        ],
        "best_eff_err": [
            0.07609753115303167,
            0.07834665531211084,
            0.07851807325489603,
            0.0785608692984481,
            0.0785608692984481,
            0.0785608692984481,
            0.0785608692984481,
            0.0785608692984481,
            0.0785608692984481,
            0.0785608692984481
        ]
    }
}