{
    "M-900": {
        "best_paths": [
            " HLT_Ele32_WPTight_Gsf == 1  ||  HLT_Ele35_WPTight_Gsf == 1  ||  HLT_Ele24_eta2p1_WPTight_Gsf_LooseChargedIsoPFTauHPS30_eta2p1_CrossL1 == 1  ||  HLT_DoubleMediumChargedIsoPFTauHPS35_Trk1_eta2p1_Reg == 1  ||  HLT_Ele28_eta2p1_WPTight_Gsf_HT150 == 1  ||  HLT_Ele50_CaloIdVT_GsfTrkIdT_PFJet165 == 1 ",
            "HLT_MonoCentralPFJet80_PFMETNoMu120_PFMHTNoMu120_IDTight",
            "HLT_Photon35_TwoProngs35",
            "HLT_Mu50",
            "HLT_AK8PFJet330_TrimMass30_PFAK8BoostedDoubleB_p02",
            "HLT_Diphoton30PV_18PV_R9Id_AND_IsoCaloId_AND_HE_R9Id_PixelVeto_Mass55",
            "HLT_AK8PFJet400_TrimMass30",
            "HLT_Ele115_CaloIdVT_GsfTrkIdT",
            "HLT_Ele23_CaloIdL_TrackIdL_IsoVL_PFJet30",
            "HLT_AK8PFHT750_TrimMass50"
        ],
        "best_eff": [
            0.9070090600855942,
            0.9760276963878733,
            0.9856197940239931,
            0.9900233563493737,
            0.993838188935735,
            0.9948409578939101,
            0.9951353227634198,
            0.9954296876329294,
            0.9954319052950484,
            0.9954319052950484
        ],
        "best_eff_err": [
            0.05554335991118208,
            0.05761789736320992,
            0.05790033056031005,
            0.05802953025952155,
            0.05814122464467679,
            0.058170549094469406,
            0.05817915454013429,
            0.058187758713131255,
            0.05818782352972153,
            0.05818782352972153
        ]
    }
}