{
    "M-270": {
        "best_paths": [
            " HLT_Ele32_WPTight_Gsf == 1  ||  HLT_Ele35_WPTight_Gsf == 1  ||  HLT_Ele24_eta2p1_WPTight_Gsf_LooseChargedIsoPFTauHPS30_eta2p1_CrossL1 == 1  ||  HLT_DoubleMediumChargedIsoPFTauHPS35_Trk1_eta2p1_Reg == 1  ||  HLT_Ele28_eta2p1_WPTight_Gsf_HT150 == 1  ||  HLT_Ele50_CaloIdVT_GsfTrkIdT_PFJet165 == 1 ",
            "HLT_Diphoton30_18_R9IdL_AND_HE_AND_IsoCaloId_NoPixelVeto",
            "HLT_Ele23_Ele12_CaloIdL_TrackIdL_IsoVL",
            "HLT_Mu12_TrkIsoVVL_Ele23_CaloIdL_TrackIdL_IsoVL_DZ",
            "HLT_Ele35_WPTight_Gsf_L1EGMT",
            "HLT_Ele30_eta2p1_WPTight_Gsf_CentralPFJet35_EleCleaned",
            "HLT_Mu18_Mu9_SameSign",
            "HLT_VBF_DoubleLooseChargedIsoPFTauHPS20_Trk1_eta2p1",
            "HLT_DiEle27_WPTightCaloOnly_L1DoubleEG",
            "HLT_Diphoton30_22_R9Id_OR_IsoCaloId_AND_HE_R9Id_Mass90"
        ],
        "best_eff": [
            0.5606464434403001,
            0.6295907516599837,
            0.6481505780212519,
            0.6645412870369619,
            0.673459680660003,
            0.6816655420326116,
            0.6898608965404667,
            0.6956397422474732,
            0.6978088595930313,
            0.6985318987082173
        ],
        "best_eff_err": [
            0.06778984179912209,
            0.07183717652886429,
            0.07288833689906705,
            0.07380419859202567,
            0.07429778810223943,
            0.07474906337658783,
            0.07519705787214535,
            0.07551135742647674,
            0.07562899411444364,
            0.07566816570320062
        ]
    }
}