{
    "M-260": {
        "best_paths": [
            " HLT_Ele32_WPTight_Gsf == 1  ||  HLT_Ele35_WPTight_Gsf == 1  ||  HLT_Ele24_eta2p1_WPTight_Gsf_LooseChargedIsoPFTauHPS30_eta2p1_CrossL1 == 1  ||  HLT_DoubleMediumChargedIsoPFTauHPS35_Trk1_eta2p1_Reg == 1  ||  HLT_Ele28_eta2p1_WPTight_Gsf_HT150 == 1  ||  HLT_Ele50_CaloIdVT_GsfTrkIdT_PFJet165 == 1 ",
            "HLT_Diphoton30_18_R9IdL_AND_HE_AND_IsoCaloId_NoPixelVeto",
            "HLT_DiMu9_Ele9_CaloIdL_TrackIdL_DZ",
            "HLT_DoubleEle8_CaloIdM_TrackIdM_Mass8_DZ_PFHT350",
            "HLT_Mu8_TrkIsoVVL_Ele23_CaloIdL_TrackIdL_IsoVL_DZ",
            "HLT_Ele28_WPTight_Gsf",
            "HLT_Ele30_eta2p1_WPTight_Gsf_CentralPFJet35_EleCleaned",
            "HLT_Mu8_TrkIsoVVL_Ele23_CaloIdL_TrackIdL_IsoVL",
            "HLT_Ele12_CaloIdL_TrackIdL_IsoVL_PFJet30",
            "HLT_MediumChargedIsoPFTau50_Trk30_eta2p1_1pr"
        ],
        "best_eff": [
            0.5875786048872599,
            0.6040042351197935,
            0.6130117418761749,
            0.622019248632556,
            0.6310267553889372,
            0.6381489909503925,
            0.6408119590710893,
            0.641376806059148,
            0.6415243163956345,
            0.6416569845623197
        ],
        "best_eff_err": [
            0.07275644950745101,
            0.07376638526913065,
            0.07431438827838634,
            0.07485837972269846,
            0.07539844643110798,
            0.07582275389724442,
            0.0759807917328594,
            0.07601427118611537,
            0.0760230119497157,
            0.07603087237836675
        ]
    }
}