{
    "M-450": {
        "best_paths": [
            " HLT_Ele32_WPTight_Gsf == 1  ||  HLT_Ele35_WPTight_Gsf == 1  ||  HLT_Ele24_eta2p1_WPTight_Gsf_LooseChargedIsoPFTauHPS30_eta2p1_CrossL1 == 1  ||  HLT_DoubleMediumChargedIsoPFTauHPS35_Trk1_eta2p1_Reg == 1  ||  HLT_Ele28_eta2p1_WPTight_Gsf_HT150 == 1  ||  HLT_Ele50_CaloIdVT_GsfTrkIdT_PFJet165 == 1 ",
            "HLT_PFMET110_PFMHT110_IDTight_CaloBTagDeepCSV_3p1",
            "HLT_Diphoton30_18_R9IdL_AND_HE_AND_IsoCaloId_NoPixelVeto",
            "HLT_QuadPFJet103_88_75_15_DoublePFBTagDeepCSV_1p3_7p7_VBF1",
            "HLT_DiEle27_WPTightCaloOnly_L1DoubleEG",
            "HLT_RsqMR300_Rsq0p09_MR200",
            "HLT_AK8PFHT800_TrimMass50",
            "HLT_Ele23_Ele12_CaloIdL_TrackIdL_IsoVL",
            "HLT_Ele35_WPTight_Gsf_L1EGMT",
            "HLT_Mu8_Ele8_CaloIdM_TrackIdM_Mass8_PFHT350_DZ"
        ],
        "best_eff": [
            0.7054811809574506,
            0.7440646928969062,
            0.764973465325934,
            0.7775187287833505,
            0.7875007840311578,
            0.7937327001331196,
            0.7987237277570232,
            0.8037147553809268,
            0.8087057830048304,
            0.8136096110656498
        ],
        "best_eff_err": [
            0.05688718841907058,
            0.058422091652944735,
            0.05923725680041429,
            0.05972101534064974,
            0.06010315230979252,
            0.06034049791544676,
            0.0605299125293605,
            0.06071873625941198,
            0.060906974601173794,
            0.06109135928427381
        ]
    }
}