{
    "M-3000": {
        "best_paths": [
            " HLT_Ele32_WPTight_Gsf == 1  ||  HLT_Ele35_WPTight_Gsf == 1  ||  HLT_Ele24_eta2p1_WPTight_Gsf_LooseChargedIsoPFTauHPS30_eta2p1_CrossL1 == 1  ||  HLT_DoubleMediumChargedIsoPFTauHPS35_Trk1_eta2p1_Reg == 1  ||  HLT_Ele28_eta2p1_WPTight_Gsf_HT150 == 1  ||  HLT_Ele50_CaloIdVT_GsfTrkIdT_PFJet165 == 1 ",
            "HLT_AK8PFJet400_TrimMass30",
            "HLT_AK8PFHT750_TrimMass50",
            "HLT_AK8PFHT800_TrimMass50",
            "HLT_AK8PFHT850_TrimMass50",
            "HLT_AK8PFHT900_TrimMass50",
            "HLT_AK8PFJet140",
            "HLT_AK8PFJet200",
            "HLT_AK8PFJet260",
            "HLT_AK8PFJet320"
        ],
        "best_eff": [
            0.9165138124617873,
            0.9998332499583135,
            0.9998332499583135,
            0.9998332499583135,
            0.9998332499583135,
            0.9998332499583135,
            0.9998332499583135,
            0.9998332499583135,
            0.9998332499583135,
            0.9998332499583135
        ],
        "best_eff_err": [
            0.1595578798205448,
            0.16665277025052833,
            0.16665277025052833,
            0.16665277025052833,
            0.16665277025052833,
            0.16665277025052833,
            0.16665277025052833,
            0.16665277025052833,
            0.16665277025052833,
            0.16665277025052833
        ]
    }
}