{
    "M-320": {
        "best_paths": [
            " HLT_Ele32_WPTight_Gsf == 1  ||  HLT_Ele35_WPTight_Gsf == 1  ||  HLT_Ele24_eta2p1_WPTight_Gsf_LooseChargedIsoPFTauHPS30_eta2p1_CrossL1 == 1  ||  HLT_DoubleMediumChargedIsoPFTauHPS35_Trk1_eta2p1_Reg == 1  ||  HLT_Ele28_eta2p1_WPTight_Gsf_HT150 == 1  ||  HLT_Ele50_CaloIdVT_GsfTrkIdT_PFJet165 == 1 ",
            "HLT_Diphoton30_18_R9IdL_AND_HE_AND_IsoCaloId_NoPixelVeto",
            "HLT_Photon35_TwoProngs35",
            "HLT_Mu12_DoublePhoton20",
            "HLT_QuadPFJet103_88_75_15_DoublePFBTagDeepCSV_1p3_7p7_VBF1",
            "HLT_Ele35_WPTight_Gsf_L1EGMT",
            "HLT_AK8PFHT750_TrimMass50",
            "HLT_AK8PFHT800_TrimMass50",
            "HLT_AK8PFHT850_TrimMass50",
            "HLT_AK8PFHT900_TrimMass50"
        ],
        "best_eff": [
            0.5905114719521931,
            0.5408379865608486,
            0.5660521702292595,
            0.5457852800274017,
            0.3266295309817074,
            0.19412521576103384,
            0.0,
            0.0,
            0.0,
            0.0
        ],
        "best_eff_err": [
            0.06316599067580085,
            0.06045089511335406,
            0.06184397162111579,
            0.06072675175376603,
            0.046978253377674035,
            0.036216803603441164,
            0.0,
            0.0,
            0.0,
            0.0
        ]
    }
}