{
    "M-250": {
        "best_paths": [
            " HLT_Ele32_WPTight_Gsf == 1  ||  HLT_Ele35_WPTight_Gsf == 1  ||  HLT_Ele24_eta2p1_WPTight_Gsf_LooseChargedIsoPFTauHPS30_eta2p1_CrossL1 == 1  ||  HLT_DoubleMediumChargedIsoPFTauHPS35_Trk1_eta2p1_Reg == 1  ||  HLT_Ele28_eta2p1_WPTight_Gsf_HT150 == 1  ||  HLT_Ele50_CaloIdVT_GsfTrkIdT_PFJet165 == 1 ",
            "HLT_Diphoton30_22_R9Id_OR_IsoCaloId_AND_HE_R9Id_Mass90",
            "HLT_Mu8_TrkIsoVVL_Ele23_CaloIdL_TrackIdL_IsoVL_DZ",
            "HLT_MonoCentralPFJet80_PFMETNoMu120_PFMHTNoMu120_IDTight",
            "HLT_Mu12_DoublePhoton20",
            "HLT_HT430_DisplacedDijet40_DisplacedTrack",
            "HLT_Ele28_WPTight_Gsf",
            "HLT_Photon35_TwoProngs35",
            "HLT_Ele27_WPTight_Gsf",
            "HLT_PFHT400_SixPFJet32"
        ],
        "best_eff": [
            0.5528232312287503,
            0.5738723522805044,
            0.5949079803059432,
            0.6054325408318201,
            0.6159571013576971,
            0.6264799066199774,
            0.6348016765917829,
            0.6422229310786756,
            0.6426125995971452,
            0.6429162601993762
        ],
        "best_eff_err": [
            0.07628362804475844,
            0.07772233657676973,
            0.07913399564269676,
            0.07983090951516937,
            0.08052179184332629,
            0.08120668280900205,
            0.0817442530792988,
            0.08222068705487404,
            0.0822456269576332,
            0.08226505686526975
        ]
    }
}