{
    "M-340": {
        "best_paths": [
            " HLT_DoubleTightChargedIsoPFTauHPS35_Trk1_TightID_eta2p1_Reg == 1  ||  HLT_DoubleTightChargedIsoPFTauHPS40_Trk1_eta2p1_Reg == 1  ||  HLT_DoubleMediumChargedIsoPFTauHPS40_Trk1_TightID_eta2p1_Reg == 1  ||  HLT_DoubleMediumChargedIsoPFTauHPS35_Trk1_eta2p1_Reg == 1  ||  HLT_MediumChargedIsoPFTau180HighPtRelaxedIso_Trk50_eta2p1 == 1  ||  HLT_PFMETNoMu120_PFMHTNoMu120_IDTight == 1  ||  HLT_MediumChargedIsoPFTau50_Trk30_eta2p1_1pr_MET100 == 1 ",
            "HLT_PFHT330PT30_QuadPFJet_75_60_45_40_TriplePFBTagDeepCSV_4p5",
            "HLT_PFHT450_SixPFJet36_PFBTagDeepCSV_1p59",
            "HLT_Photon35_TwoProngs35",
            "HLT_QuadPFJet103_88_75_15_DoublePFBTagDeepCSV_1p3_7p7_VBF1",
            "HLT_Diphoton30_18_R9IdL_AND_HE_AND_IsoCaloId_NoPixelVeto",
            "HLT_VBF_DoubleLooseChargedIsoPFTauHPS20_Trk1_eta2p1",
            "HLT_Mu17_Photon30_IsoCaloId",
            "HLT_AK8PFJet330_TrimMass30_PFAK8BoostedDoubleB_np4",
            "HLT_PFHT400_SixPFJet32_DoublePFBTagDeepCSV_2p94"
        ],
        "best_eff": [
            0.23545442281295023,
            0.2520851780981269,
            0.2615214465936547,
            0.26948757180908217,
            0.2770819158346247,
            0.28327653333252495,
            0.28891778080267744,
            0.29301016370589444,
            0.29612943505939876,
            0.2989671534837785
        ],
        "best_eff_err": [
            0.0033790807109824418,
            0.0034963813454601,
            0.003561219918615834,
            0.0036150516737393857,
            0.0036656350947172245,
            0.003706384221646974,
            0.003743107276442665,
            0.003769523728085976,
            0.0037895350469602453,
            0.003807648737551508
        ]
    }
}