{
    "M-2000": {
        "best_paths": [
            " HLT_DoubleTightChargedIsoPFTauHPS35_Trk1_TightID_eta2p1_Reg == 1  ||  HLT_DoubleTightChargedIsoPFTauHPS40_Trk1_eta2p1_Reg == 1  ||  HLT_DoubleMediumChargedIsoPFTauHPS40_Trk1_TightID_eta2p1_Reg == 1  ||  HLT_DoubleMediumChargedIsoPFTauHPS35_Trk1_eta2p1_Reg == 1  ||  HLT_MediumChargedIsoPFTau180HighPtRelaxedIso_Trk50_eta2p1 == 1  ||  HLT_PFMETNoMu120_PFMHTNoMu120_IDTight == 1  ||  HLT_MediumChargedIsoPFTau50_Trk30_eta2p1_1pr_MET100 == 1 ",
            "HLT_AK8PFJet330_TrimMass30_PFAK8BoostedDoubleB_np4",
            "HLT_QuadPFJet103_88_75_15_DoublePFBTagDeepCSV_1p3_7p7_VBF1",
            "HLT_DiJet110_35_Mjj650_PFMET110",
            "HLT_AK8PFJet400_TrimMass30",
            "HLT_Mu50",
            "HLT_Ele115_CaloIdVT_GsfTrkIdT",
            "HLT_PFHT330PT30_QuadPFJet_75_60_45_40_TriplePFBTagDeepCSV_4p5",
            "HLT_HT650_DisplacedDijet60_Inclusive",
            "HLT_VBF_DoubleLooseChargedIsoPFTauHPS20_Trk1_eta2p1"
        ],
        "best_eff": [
            0.8911265476138177,
            0.9428259431728848,
            0.9504737827526284,
            0.9553486474780558,
            0.9597412240795534,
            0.9631323491723005,
            0.965661745861696,
            0.9676089163149312,
            0.9688221068027928,
            0.9697684412675641
        ],
        "best_eff_err": [
            0.017292650295221517,
            0.017787201710468332,
            0.01785919745704176,
            0.017904937711584572,
            0.017946052865449678,
            0.017977729970439362,
            0.018001321221660406,
            0.01801946110817889,
            0.01803075399230821,
            0.018039557961105047
        ]
    }
}