{
    "M-280": {
        "best_paths": [
            " HLT_DoubleTightChargedIsoPFTauHPS35_Trk1_TightID_eta2p1_Reg == 1  ||  HLT_DoubleTightChargedIsoPFTauHPS40_Trk1_eta2p1_Reg == 1  ||  HLT_DoubleMediumChargedIsoPFTauHPS40_Trk1_TightID_eta2p1_Reg == 1  ||  HLT_DoubleMediumChargedIsoPFTauHPS35_Trk1_eta2p1_Reg == 1  ||  HLT_MediumChargedIsoPFTau180HighPtRelaxedIso_Trk50_eta2p1 == 1  ||  HLT_PFMETNoMu120_PFMHTNoMu120_IDTight == 1  ||  HLT_MediumChargedIsoPFTau50_Trk30_eta2p1_1pr_MET100 == 1 ",
            "HLT_PFHT330PT30_QuadPFJet_75_60_45_40_TriplePFBTagDeepCSV_4p5",
            "HLT_Diphoton30_18_R9IdL_AND_HE_AND_IsoCaloId_NoPixelVeto",
            "HLT_Photon35_TwoProngs35",
            "HLT_PFHT450_SixPFJet36_PFBTagDeepCSV_1p59",
            "HLT_QuadPFJet103_88_75_15_DoublePFBTagDeepCSV_1p3_7p7_VBF1",
            "HLT_Mu17_Photon30_IsoCaloId",
            "HLT_VBF_DoubleLooseChargedIsoPFTauHPS20_Trk1_eta2p1",
            "HLT_AK8PFJet330_TrimMass30_PFAK8BoostedDoubleB_np4",
            "HLT_Mu12_DoublePhoton20"
        ],
        "best_eff": [
            0.1486675098402301,
            0.16189714836470115,
            0.16883618468338366,
            0.17501372138730095,
            0.1804736654437935,
            0.1845842749814243,
            0.18803848102707887,
            0.1910336503380691,
            0.19376129788682123,
            0.19637979820954324
        ],
        "best_eff_err": [
            0.0025649720718641934,
            0.0026766661504494965,
            0.002733426320343958,
            0.0027829836632611337,
            0.0028260609669187218,
            0.0028580640499812,
            0.002884682197502003,
            0.0029075657500524307,
            0.0029282498157653363,
            0.0029479696761896246
        ]
    }
}