{
    "M-2500": {
        "best_paths": [
            " HLT_DoubleTightChargedIsoPFTauHPS35_Trk1_TightID_eta2p1_Reg == 1  ||  HLT_DoubleTightChargedIsoPFTauHPS40_Trk1_eta2p1_Reg == 1  ||  HLT_DoubleMediumChargedIsoPFTauHPS40_Trk1_TightID_eta2p1_Reg == 1  ||  HLT_DoubleMediumChargedIsoPFTauHPS35_Trk1_eta2p1_Reg == 1  ||  HLT_MediumChargedIsoPFTau180HighPtRelaxedIso_Trk50_eta2p1 == 1  ||  HLT_PFMETNoMu120_PFMHTNoMu120_IDTight == 1  ||  HLT_MediumChargedIsoPFTau50_Trk30_eta2p1_1pr_MET100 == 1 ",
            "HLT_AK8PFJet330_TrimMass30_PFAK8BoostedDoubleB_np4",
            "HLT_DiJet110_35_Mjj650_PFMET110",
            "HLT_QuadPFJet103_88_75_15_DoublePFBTagDeepCSV_1p3_7p7_VBF1",
            "HLT_Ele115_CaloIdVT_GsfTrkIdT",
            "HLT_AK8PFJet400_TrimMass30",
            "HLT_Mu17_Photon30_IsoCaloId",
            "HLT_Mu50",
            "HLT_VBF_DoubleLooseChargedIsoPFTauHPS20_Trk1_eta2p1",
            "HLT_HT650_DisplacedDijet60_Inclusive"
        ],
        "best_eff": [
            0.8933761844951355,
            0.9497787262936146,
            0.9570968937706386,
            0.9629994853542003,
            0.9679704360573698,
            0.9717837335934273,
            0.973941647082546,
            0.9753802560752918,
            0.9763946721562339,
            0.977247256721898
        ],
        "best_eff_err": [
            0.02535185751563193,
            0.026139893796518147,
            0.026240406177911083,
            0.02632119649915077,
            0.026389043345190946,
            0.026440971771035767,
            0.02647031250182509,
            0.026489854934345258,
            0.02650362635912944,
            0.0265151952731913
        ]
    }
}