{
    "M-800": {
        "best_paths": [
            " HLT_DoubleTightChargedIsoPFTauHPS35_Trk1_TightID_eta2p1_Reg == 1  ||  HLT_DoubleTightChargedIsoPFTauHPS40_Trk1_eta2p1_Reg == 1  ||  HLT_DoubleMediumChargedIsoPFTauHPS40_Trk1_TightID_eta2p1_Reg == 1  ||  HLT_DoubleMediumChargedIsoPFTauHPS35_Trk1_eta2p1_Reg == 1  ||  HLT_MediumChargedIsoPFTau180HighPtRelaxedIso_Trk50_eta2p1 == 1  ||  HLT_PFMETNoMu120_PFMHTNoMu120_IDTight == 1  ||  HLT_MediumChargedIsoPFTau50_Trk30_eta2p1_1pr_MET100 == 1 ",
            "HLT_AK8PFJet330_TrimMass30_PFAK8BoostedDoubleB_np4",
            "HLT_PFHT330PT30_QuadPFJet_75_60_45_40_TriplePFBTagDeepCSV_4p5",
            "HLT_RsqMR300_Rsq0p09_MR200",
            "HLT_DoublePFJets116MaxDeta1p6_DoubleCaloBTagDeepCSV_p71",
            "HLT_HT650_DisplacedDijet60_Inclusive",
            "HLT_QuadPFJet103_88_75_15_DoublePFBTagDeepCSV_1p3_7p7_VBF1",
            "HLT_Mu50",
            "HLT_Ele50_CaloIdVT_GsfTrkIdT_PFJet165",
            "HLT_VBF_DoubleLooseChargedIsoPFTauHPS20_Trk1_eta2p1"
        ],
        "best_eff": [
            0.7478747786220229,
            0.7998360253622792,
            0.8177148678023871,
            0.8321437518291859,
            0.841683073584955,
            0.8498546672811863,
            0.8569998063217824,
            0.8638251443878465,
            0.8683698476968719,
            0.8723912546277901
        ],
        "best_eff_err": [
            0.0055398191813549776,
            0.005729036994484113,
            0.005792714083410961,
            0.005843597899951299,
            0.005876996644885326,
            0.005905456542530348,
            0.005930229595797904,
            0.0059537976008356185,
            0.005969438930483236,
            0.005983245153141514
        ]
    }
}