{
    "M-250": {
        "best_paths": [
            " HLT_DoubleTightChargedIsoPFTauHPS35_Trk1_TightID_eta2p1_Reg == 1  ||  HLT_DoubleTightChargedIsoPFTauHPS40_Trk1_eta2p1_Reg == 1  ||  HLT_DoubleMediumChargedIsoPFTauHPS40_Trk1_TightID_eta2p1_Reg == 1  ||  HLT_DoubleMediumChargedIsoPFTauHPS35_Trk1_eta2p1_Reg == 1  ||  HLT_MediumChargedIsoPFTau180HighPtRelaxedIso_Trk50_eta2p1 == 1  ||  HLT_PFMETNoMu120_PFMHTNoMu120_IDTight == 1  ||  HLT_MediumChargedIsoPFTau50_Trk30_eta2p1_1pr_MET100 == 1 ",
            "HLT_PFHT330PT30_QuadPFJet_75_60_45_40_TriplePFBTagDeepCSV_4p5",
            "HLT_Diphoton30_18_R9IdL_AND_HE_AND_IsoCaloId_NoPixelVeto",
            "HLT_Photon35_TwoProngs35",
            "HLT_PFHT400_SixPFJet32_DoublePFBTagDeepCSV_2p94",
            "HLT_Mu17_Photon30_IsoCaloId",
            "HLT_AK8PFJet330_TrimMass30_PFAK8BoostedDoubleB_np4",
            "HLT_QuadPFJet103_88_75_15_DoublePFBTagDeepCSV_1p3_7p7_VBF1",
            "HLT_VBF_DoubleLooseChargedIsoPFTauHPS20_Trk1_eta2p1",
            "HLT_Mu12_DoublePhoton20"
        ],
        "best_eff": [
            0.1469458597793556,
            0.15636489924158803,
            0.16414665402837636,
            0.1706636380105621,
            0.17502908182638033,
            0.17832250939690703,
            0.181250753704819,
            0.1835887131902372,
            0.18552198116581378,
            0.18738708886340388
        ],
        "best_eff_err": [
            0.002549343731660439,
            0.002629779608465629,
            0.00269442274581098,
            0.002747389400653255,
            0.002782305575928135,
            0.0028083601530233277,
            0.002831324385430569,
            0.0028495265495168615,
            0.0028644906271639036,
            0.0028788534075585683
        ]
    }
}