{
    "M-450": {
        "best_paths": [
            " HLT_DoubleTightChargedIsoPFTauHPS35_Trk1_TightID_eta2p1_Reg == 1  ||  HLT_DoubleTightChargedIsoPFTauHPS40_Trk1_eta2p1_Reg == 1  ||  HLT_DoubleMediumChargedIsoPFTauHPS40_Trk1_TightID_eta2p1_Reg == 1  ||  HLT_DoubleMediumChargedIsoPFTauHPS35_Trk1_eta2p1_Reg == 1  ||  HLT_MediumChargedIsoPFTau180HighPtRelaxedIso_Trk50_eta2p1 == 1  ||  HLT_PFMETNoMu120_PFMHTNoMu120_IDTight == 1  ||  HLT_MediumChargedIsoPFTau50_Trk30_eta2p1_1pr_MET100 == 1 ",
            "HLT_PFHT330PT30_QuadPFJet_75_60_45_40_TriplePFBTagDeepCSV_4p5",
            "HLT_QuadPFJet103_88_75_15_DoublePFBTagDeepCSV_1p3_7p7_VBF1",
            "HLT_PFHT450_SixPFJet36_PFBTagDeepCSV_1p59",
            "HLT_Photon35_TwoProngs35",
            "HLT_VBF_DoubleLooseChargedIsoPFTauHPS20_Trk1_eta2p1",
            "HLT_Mu50",
            "HLT_Mu17_Photon30_IsoCaloId",
            "HLT_Diphoton30_18_R9IdL_AND_HE_AND_IsoCaloId_NoPixelVeto",
            "HLT_RsqMR300_Rsq0p09_MR200"
        ],
        "best_eff": [
            0.37813292742889315,
            0.4042351007961414,
            0.42006710406959685,
            0.42934923951091203,
            0.43791736453366437,
            0.4450310238889747,
            0.4517764883941692,
            0.45651595490161534,
            0.4607860944725272,
            0.4649591935938927
        ],
        "best_eff_err": [
            0.0037661028479382777,
            0.0038939192250980505,
            0.003969440201903664,
            0.00401305652057363,
            0.004052901142629856,
            0.004085686797221221,
            0.004116534316445809,
            0.004138070711831131,
            0.004157378920978086,
            0.004176162094822414
        ]
    }
}