{
    "M-700": {
        "best_paths": [
            " HLT_DoubleTightChargedIsoPFTauHPS35_Trk1_TightID_eta2p1_Reg == 1  ||  HLT_DoubleTightChargedIsoPFTauHPS40_Trk1_eta2p1_Reg == 1  ||  HLT_DoubleMediumChargedIsoPFTauHPS40_Trk1_TightID_eta2p1_Reg == 1  ||  HLT_DoubleMediumChargedIsoPFTauHPS35_Trk1_eta2p1_Reg == 1  ||  HLT_MediumChargedIsoPFTau180HighPtRelaxedIso_Trk50_eta2p1 == 1  ||  HLT_PFMETNoMu120_PFMHTNoMu120_IDTight == 1  ||  HLT_MediumChargedIsoPFTau50_Trk30_eta2p1_1pr_MET100 == 1 ",
            "HLT_DoublePFJets116MaxDeta1p6_DoubleCaloBTagDeepCSV_p71",
            "HLT_AK8PFJet330_TrimMass30_PFAK8BoostedDoubleB_np4",
            "HLT_PFHT330PT30_QuadPFJet_75_60_45_40_TriplePFBTagDeepCSV_4p5",
            "HLT_RsqMR300_Rsq0p09_MR200",
            "HLT_QuadPFJet103_88_75_15_DoublePFBTagDeepCSV_1p3_7p7_VBF1",
            "HLT_Mu50",
            "HLT_HT650_DisplacedDijet60_Inclusive",
            "HLT_Photon35_TwoProngs35",
            "HLT_VBF_DoubleLooseChargedIsoPFTauHPS20_Trk1_eta2p1"
        ],
        "best_eff": [
            0.6721296208418361,
            0.7038284747197111,
            0.7259719729070078,
            0.7436818942669852,
            0.7596183021665676,
            0.7695891081045786,
            0.7774557615090698,
            0.7844250438989826,
            0.7904332736743048,
            0.7956382641748504
        ],
        "best_eff_err": [
            0.005534501583806152,
            0.005663506652455817,
            0.005751907929557429,
            0.0058216434402959686,
            0.005883688996440449,
            0.005922177974076871,
            0.0059523689370434025,
            0.005978988578388303,
            0.006001842649781857,
            0.006021571244016707
        ]
    }
}