{
    "M-250": {
        "best_paths": [
            "HLT_DoubleMediumChargedIsoPFTauHPS35_Trk1_eta2p1_Reg",
            "HLT_PFHT330PT30_QuadPFJet_75_60_45_40_TriplePFBTagDeepCSV_4p5",
            "HLT_Diphoton30_18_R9IdL_AND_HE_AND_IsoCaloId_NoPixelVeto",
            "HLT_Photon35_TwoProngs35",
            "HLT_AK8PFJet330_TrimMass30_PFAK8BoostedDoubleB_np4",
            "HLT_PFHT400_SixPFJet32_DoublePFBTagDeepCSV_2p94",
            "HLT_Mu17_Photon30_IsoCaloId",
            "HLT_QuadPFJet103_88_75_15_DoublePFBTagDeepCSV_1p3_7p7_VBF1",
            "HLT_VBF_DoubleLooseChargedIsoPFTauHPS20_Trk1_eta2p1",
            "HLT_Diphoton30PV_18PV_R9Id_AND_IsoCaloId_AND_HE_R9Id_PixelVeto_Mass55"
        ],
        "best_eff": [
            0.14117512599402077,
            0.1517571081283765,
            0.15904958549167364,
            0.16541231342275708,
            0.17036214992501403,
            0.1744111586084307,
            0.17756236289762692,
            0.18000958068135528,
            0.1820051635324678,
            0.1837099970119926
        ],
        "best_eff_err": [
            0.0024065171628623798,
            0.002495079525249867,
            0.002554324930357351,
            0.0026049163950866115,
            0.002643604164784083,
            0.0026748350469026007,
            0.0026988909013466213,
            0.002717425719042561,
            0.0027324468681399704,
            0.0027452143878387365
        ]
    },
    "M-260": {
        "best_paths": [
            "HLT_DoubleMediumChargedIsoPFTauHPS35_Trk1_eta2p1_Reg",
            "HLT_PFHT330PT30_QuadPFJet_75_60_45_40_TriplePFBTagDeepCSV_4p5",
            "HLT_Diphoton30_18_R9IdL_AND_HE_AND_IsoCaloId_NoPixelVeto",
            "HLT_Photon35_TwoProngs35",
            "HLT_PFHT450_SixPFJet36_PFBTagDeepCSV_1p59",
            "HLT_AK8PFJet330_TrimMass30_PFAK8BoostedDoubleB_np4",
            "HLT_QuadPFJet103_88_75_15_DoublePFBTagDeepCSV_1p3_7p7_VBF1",
            "HLT_Mu17_Photon30_IsoCaloId",
            "HLT_VBF_DoubleLooseChargedIsoPFTauHPS20_Trk1_eta2p1",
            "HLT_Diphoton30PV_18PV_R9Id_AND_IsoCaloId_AND_HE_R9Id_PixelVeto_Mass55"
        ],
        "best_eff": [
            0.12937878376558148,
            0.1405237726292815,
            0.14707085545457352,
            0.15278630368257085,
            0.15822219194289427,
            0.1624110658367437,
            0.16606925921064722,
            0.1692515791012611,
            0.17123956109360797,
            0.17297455172127557
        ],
        "best_eff_err": [
            0.0023875215666002377,
            0.002488230856993562,
            0.0025455350449803895,
            0.0025945257379762885,
            0.0026402768604708985,
            0.002674998725276854,
            0.0027049571852513126,
            0.002730751216679348,
            0.0027467417210411535,
            0.0027606215766889128
        ]
    },
    "M-270": {
        "best_paths": [
            "HLT_DoubleMediumChargedIsoPFTauHPS35_Trk1_eta2p1_Reg",
            "HLT_PFHT330PT30_QuadPFJet_75_60_45_40_TriplePFBTagDeepCSV_4p5",
            "HLT_Photon35_TwoProngs35",
            "HLT_PFHT400_SixPFJet32_DoublePFBTagDeepCSV_2p94",
            "HLT_Diphoton30_18_R9IdL_AND_HE_AND_IsoCaloId_NoPixelVeto",
            "HLT_AK8PFJet330_TrimMass30_PFAK8BoostedDoubleB_np4",
            "HLT_QuadPFJet103_88_75_15_DoublePFBTagDeepCSV_1p3_7p7_VBF1",
            "HLT_Mu17_Photon30_IsoCaloId",
            "HLT_VBF_DoubleLooseChargedIsoPFTauHPS20_Trk1_eta2p1",
            "HLT_Diphoton30PV_18PV_R9Id_AND_IsoCaloId_AND_HE_R9Id_PixelVeto_Mass55"
        ],
        "best_eff": [
            0.13359966417041855,
            0.14612723392596066,
            0.1530826327009825,
            0.15921629659963044,
            0.16507008895024267,
            0.1700472892849968,
            0.1736239641894883,
            0.17697586006555002,
            0.17993997515532728,
            0.18193310679576033
        ],
        "best_eff_err": [
            0.002358245761681686,
            0.0024663344038771255,
            0.002524348669857082,
            0.002574424372554639,
            0.002621323204647389,
            0.0026605488415755293,
            0.0026883834506167817,
            0.002714209680698675,
            0.0027368450341153905,
            0.0027519608249011824
        ]
    },
    "M-280": {
        "best_paths": [
            "HLT_DoubleMediumChargedIsoPFTauHPS35_Trk1_eta2p1_Reg",
            "HLT_PFHT330PT30_QuadPFJet_75_60_45_40_TriplePFBTagDeepCSV_4p5",
            "HLT_AK8PFJet330_TrimMass30_PFAK8BoostedDoubleB_np4",
            "HLT_Diphoton30_18_R9IdL_AND_HE_AND_IsoCaloId_NoPixelVeto",
            "HLT_Photon35_TwoProngs35",
            "HLT_PFHT450_SixPFJet36_PFBTagDeepCSV_1p59",
            "HLT_QuadPFJet103_88_75_15_DoublePFBTagDeepCSV_1p3_7p7_VBF1",
            "HLT_Mu17_Photon30_IsoCaloId",
            "HLT_VBF_DoubleLooseChargedIsoPFTauHPS20_Trk1_eta2p1",
            "HLT_Mu12_DoublePhoton20"
        ],
        "best_eff": [
            0.14118339281454154,
            0.15524007995939357,
            0.1623978491479137,
            0.1691060116505285,
            0.17467057967818986,
            0.17956855882753756,
            0.18347394817435195,
            0.18672612922664672,
            0.18953739536562145,
            0.19217528971908443
        ],
        "best_eff_err": [
            0.002409109032665972,
            0.002526193292516406,
            0.002583775556324295,
            0.0026365995415658476,
            0.0026796281381443756,
            0.002716938433818231,
            0.0027463245053782766,
            0.0027705576795244834,
            0.0027913359111614395,
            0.0028106930580448185
        ]
    },
    "M-300": {
        "best_paths": [
            "HLT_DoubleMediumChargedIsoPFTauHPS35_Trk1_eta2p1_Reg",
            "HLT_PFHT330PT30_QuadPFJet_75_60_45_40_TriplePFBTagDeepCSV_4p5",
            "HLT_AK8PFJet330_TrimMass30_PFAK8BoostedDoubleB_np4",
            "HLT_Diphoton30_18_R9IdL_AND_HE_AND_IsoCaloId_NoPixelVeto",
            "HLT_PFHT400_SixPFJet32_DoublePFBTagDeepCSV_2p94",
            "HLT_Photon35_TwoProngs35",
            "HLT_QuadPFJet103_88_75_15_DoublePFBTagDeepCSV_1p3_7p7_VBF1",
            "HLT_Mu17_Photon30_IsoCaloId",
            "HLT_VBF_DoubleLooseChargedIsoPFTauHPS20_Trk1_eta2p1",
            "HLT_PFMETNoMu120_PFMHTNoMu120_IDTight"
        ],
        "best_eff": [
            0.16611465779098392,
            0.18109483071757557,
            0.18877472149385174,
            0.19621157775189135,
            0.20275241148520554,
            0.20835347025683665,
            0.21299701659234244,
            0.21718378961983992,
            0.22041661548802965,
            0.2235309781434525
        ],
        "best_eff_err": [
            0.002976085772584341,
            0.0031073809047675633,
            0.003172585864252452,
            0.0032344748660936757,
            0.0032879445136403517,
            0.003333050047778914,
            0.0033699870031823316,
            0.0034029468749515418,
            0.003428180107238952,
            0.0034523142829038633
        ]
    },
    "M-320": {
        "best_paths": [
            "HLT_DoubleMediumChargedIsoPFTauHPS35_Trk1_eta2p1_Reg",
            "HLT_PFHT330PT30_QuadPFJet_75_60_45_40_TriplePFBTagDeepCSV_4p5",
            "HLT_AK8PFJet330_TrimMass30_PFAK8BoostedDoubleB_np4",
            "HLT_Photon35_TwoProngs35",
            "HLT_QuadPFJet103_88_75_15_DoublePFBTagDeepCSV_1p3_7p7_VBF1",
            "HLT_Diphoton30_18_R9IdL_AND_HE_AND_IsoCaloId_NoPixelVeto",
            "HLT_PFHT400_SixPFJet32_DoublePFBTagDeepCSV_2p94",
            "HLT_Mu17_Photon30_IsoCaloId",
            "HLT_VBF_DoubleLooseChargedIsoPFTauHPS20_Trk1_eta2p1",
            "HLT_PFMETNoMu120_PFMHTNoMu120_IDTight"
        ],