{
    "M-600": {
        "best_paths": [
            "HLT_PFHT330PT30_QuadPFJet_75_60_45_40_TriplePFBTagDeepCSV_4p5",
            "HLT_DoublePFJets116MaxDeta1p6_DoubleCaloBTagDeepCSV_p71",
            "HLT_RsqMR300_Rsq0p09_MR200",
            "HLT_QuadPFJet103_88_75_15_DoublePFBTagDeepCSV_1p3_7p7_VBF1",
            "HLT_PFHT450_SixPFJet36_PFBTagDeepCSV_1p59",
            "HLT_Mu50",
            "HLT_MediumChargedIsoPFTau50_Trk30_eta2p1_1pr_MET100"
        ],
        "best_eff": [
            0.5818248301952308,
            0.6025417594318345,
            0.6207154351327179,
            0.6358067306699268,
            0.6460078762962238,
            0.655538196822899,
            0.6642008730514397
        ],
        "best_eff_err": [
            0.00497600348659242,
            0.005063818439596798,
            0.005139617778960849,
            0.005201721672786232,
            0.0052432849065701,
            0.005281819448186897,
            0.005316603481413542
        ]
    }
}