{
    "M-320": {
        "best_paths": [
            " HLT_DoubleTightChargedIsoPFTauHPS35_Trk1_TightID_eta2p1_Reg == 1  ||  HLT_DoubleTightChargedIsoPFTauHPS40_Trk1_eta2p1_Reg == 1  ||  HLT_DoubleMediumChargedIsoPFTauHPS40_Trk1_TightID_eta2p1_Reg == 1  ||  HLT_DoubleMediumChargedIsoPFTauHPS35_Trk1_eta2p1_Reg == 1 ",
            "HLT_PFHT330PT30_QuadPFJet_75_60_45_40_TriplePFBTagDeepCSV_4p5",
            "HLT_DoubleMediumChargedIsoPFTauHPS35_Trk1_eta2p1_Reg",
            "HLT_AK8PFJet330_TrimMass30_PFAK8BoostedDoubleB_np4",
            "HLT_Photon35_TwoProngs35",
            "HLT_QuadPFJet103_88_75_15_DoublePFBTagDeepCSV_1p3_7p7_VBF1"
        ],
        "best_eff": [
            0.19017223898309268,
            0.20567233211439617,
            0.19266833664049127,
            0.19266833664049127,
            0.19982165234517624,
            0.20636927961300475
        ],
        "best_eff_err": [
            0.0031296349145461594,
            0.0032546781970855527,
            0.0031501069026576164,
            0.0031501069026576164,
            0.0032080519411580794,
            0.003260187983969981
        ]
    }
}