{
    "M-260": {
        "best_paths": [
            "HLT_IsoMu20_eta2p1_LooseChargedIsoPFTauHPS27_eta2p1_CrossL1",
            "HLT_Mu18_Mu9_SameSign",
            "HLT_IsoMu24",
            "HLT_DoubleL2Mu23NoVtx_2Cha_CosmicSeed",
            "HLT_Mu17_TrkIsoVVL_Mu8_TrkIsoVVL_DZ_Mass3p8",
            "HLT_MonoCentralPFJet80_PFMETNoMu120_PFMHTNoMu120_IDTight",
            "HLT_DoubleMu3_DCA_PFMET50_PFMHT60",
            "HLT_DoubleL2Mu23NoVtx_2Cha",
            "HLT_DoubleMediumChargedIsoPFTauHPS35_Trk1_eta2p1_Reg",
            "HLT_DoubleMu4_LowMassNonResonantTrk_Displaced"
        ],
        "best_eff": [
            0.47441067472511833,
            0.6223451861985424,
            0.7447533290454753,
            0.7957660803190707,
            0.8314752614402432,
            0.8569837639908378,
            0.8721418532395436,
            0.8772430432903513,
            0.8823442333411589,
            0.8874454233919665
        ],
        "best_eff_err": [
            0.04919819738718648,
            0.05634918403871788,
            0.06164220861459361,
            0.06371837271961733,
            0.06513233238287951,
            0.06612386969022908,
            0.06670609666930613,
            0.0669008954551871,
            0.06709512867978519,
            0.06728880124068189
        ]
    }
}