{
    "M-1000": {
        "best_paths": [
            "HLT_DoubleMu4_Mass3p8_DZ_PFHT350",
            "HLT_IsoMu24",
            "HLT_MonoCentralPFJet80_PFMETNoMu120_PFMHTNoMu120_IDTight",
            "HLT_Mu50",
            "HLT_MediumChargedIsoPFTau180HighPtRelaxedIso_Trk50_eta2p1",
            "HLT_DoubleL2Mu23NoVtx_2Cha",
            "HLT_Mu37_TkMu27",
            "HLT_Mu18_Mu9_SameSign",
            "HLT_AK8PFHT800_TrimMass50",
            "HLT_IsoMu20_eta2p1_LooseChargedIsoPFTauHPS27_eta2p1_CrossL1"
        ],
        "best_eff": [
            0.756314327376458,
            0.9047347255187855,
            0.952674919019793,
            0.977680773010619,
            0.9877789071840891,
            0.9938058568291247,
            0.9991250057652951,
            0.9995950989679246,
            0.9998314760217,
            0.9998328064741604
        ],
        "best_eff_err": [
            0.044849462370661564,
            0.04905312809984444,
            0.0503359701506794,
            0.05099230159383623,
            0.05125496621460023,
            0.051411094941230175,
            0.05154849518423175,
            0.05156062066769655,
            0.051566716649551765,
            0.05156675095885482
        ]
    }
}