{
    "M-500": {
        "best_paths": [
            "HLT_IsoMu20_eta2p1_LooseChargedIsoPFTauHPS27_eta2p1_CrossL1",
            "HLT_DoubleL2Mu23NoVtx_2Cha",
            "HLT_Mu50",
            "HLT_Mu18_Mu9_SameSign",
            "HLT_IsoMu24",
            "HLT_DoubleMu4_Mass3p8_DZ_PFHT350",
            "HLT_MonoCentralPFJet80_PFMETNoMu120_PFMHTNoMu120_IDTight",
            "HLT_Mu37_TkMu27",
            "HLT_Mu17_TrkIsoVVL_Mu8_TrkIsoVVL_DZ_Mass3p8",
            "HLT_MediumChargedIsoPFTau180HighPtRelaxedIso_Trk50_eta2p1"
        ],
        "best_eff": [
            0.6939481917518866,
            0.8834143098946748,
            0.9313515205091153,
            0.9518960393438755,
            0.9655901009865689,
            0.9759948467384404,
            0.9647830003281729,
            0.9695509855384342,
            0.9741168148762387,
            0.9743185900408377
        ],
        "best_eff_err": [
            0.03980397721551525,
            0.04491021763653966,
            0.0461126157845735,
            0.04661843657437457,
            0.04695256765671475,
            0.047204859250354246,
            0.04693294060669183,
            0.04704876964356872,
            0.047159421040425475,
            0.04716430500664568
        ]
    }
}