{
    "M-750": {
        "best_paths": [
            "HLT_DoubleMu4_Mass3p8_DZ_PFHT350",
            "HLT_IsoMu24",
            "HLT_Mu50",
            "HLT_IsoMu20_eta2p1_LooseChargedIsoPFTauHPS27_eta2p1_CrossL1",
            "HLT_MonoCentralPFJet80_PFMETNoMu120_PFMHTNoMu120_IDTight",
            "HLT_Mu8_Ele8_CaloIdM_TrackIdM_Mass8_PFHT350_DZ",
            "HLT_Mu18_Mu9_SameSign",
            "HLT_Mu37_TkMu27",
            "HLT_MediumChargedIsoPFTau50_Trk30_eta2p1_1pr_MET100",
            "HLT_Mu17_Photon30_IsoCaloId"
        ],
        "best_eff": [
            0.704902811117793,
            0.8925280985816587,
            0.9438226307398321,
            0.9661305472880376,
            0.9785108381528947,
            0.9859192186021121,
            0.9908218497738135,
            0.9931143629368699,
            0.9950718764658167,
            0.9954242708884478
        ],
        "best_eff_err": [
            0.0356063310573125,
            0.04006577547428106,
            0.04120100383677528,
            0.0416850677008337,
            0.04195130009203149,
            0.04210980888914194,
            0.042214377724225066,
            0.04226318624709879,
            0.04230481792352776,
            0.042312308167497044
        ]
    }
}