{
    "M-280": {
        "best_paths": [
            "HLT_IsoMu24",
            "HLT_Mu18_Mu9_SameSign",
            "HLT_IsoMu20_eta2p1_LooseChargedIsoPFTauHPS27_eta2p1_CrossL1",
            "HLT_DoubleL2Mu23NoVtx_2Cha",
            "HLT_Mu17_TrkIsoVVL_Mu8_TrkIsoVVL_DZ_Mass3p8",
            "HLT_Mu17_Photon30_IsoCaloId",
            "HLT_DoubleMu3_DCA_PFMET50_PFMHT60",
            "HLT_Mu50",
            "HLT_PFHT330PT30_QuadPFJet_75_60_45_40_TriplePFBTagDeepCSV_4p5",
            "HLT_Mu23_Mu12_DZ"
        ],
        "best_eff": [
            0.4884215319227358,
            0.7212822545214774,
            0.8035014463091503,
            0.8674261027012723,
            0.8993842431108983,
            0.9130813504164534,
            0.9221254462847832,
            0.9266939405775916,
            0.9312593892075381,
            0.9314870525064631
        ],
        "best_eff_err": [
            0.04722536718314923,
            0.05738925227212651,
            0.06057191078248126,
            0.06293528250531712,
            0.06408414285767727,
            0.06457028135898375,
            0.06488927859196945,
            0.06504982075855087,
            0.06520986104966497,
            0.06521783143097594
        ]
    }
}