{
    "M-1250": {
        "best_paths": [
            "HLT_DoubleMu4_Mass3p8_DZ_PFHT350",
            "HLT_AK8PFJet400_TrimMass30",
            "HLT_IsoMu24",
            "HLT_DoubleL2Mu25NoVtx_2Cha_Eta2p4",
            "HLT_IsoMu20_eta2p1_LooseChargedIsoPFTauHPS27_eta2p1_CrossL1",
            "HLT_Mu17_Photon30_IsoCaloId",
            "HLT_Mu18_Mu9_SameSign",
            "HLT_MediumChargedIsoPFTau180HighPtRelaxedIso_Trk50_eta2p1",
            "HLT_Mu37_TkMu27",
            "HLT_PFMETNoMu100_PFMHTNoMu100_IDTight_PFHT60"
        ],
        "best_eff": [
            0.763079214025621,
            0.9273075075743833,
            0.9784931225302554,
            0.9864062706879446,
            0.9912846788842905,
            0.9949631515647059,
            0.9960927307507551,
            0.996386343780969,
            0.9965098828483987,
            0.9965713753886888
        ],
        "best_eff_err": [
            0.050350242208459815,
            0.055504556922090206,
            0.05701585495322647,
            0.057245936491688625,
            0.05738732073386012,
            0.05749369896328423,
            0.057526325932147605,
            0.05753480367415724,
            0.05753837035074303,
            0.05754014560959203
        ]
    }
}