{
    "M-350": {
        "best_paths": [
            "HLT_IsoMu24",
            "HLT_Mu18_Mu9_SameSign",
            "HLT_IsoMu20_eta2p1_LooseChargedIsoPFTauHPS27_eta2p1_CrossL1",
            "HLT_Mu50",
            "HLT_DoubleL2Mu23NoVtx_2Cha",
            "HLT_Mu17_TrkIsoVVL_Mu8_TrkIsoVVL_DZ_Mass3p8",
            "HLT_Mu37_TkMu27",
            "HLT_DoubleL2Mu23NoVtx_2Cha_CosmicSeed",
            "HLT_DoubleMediumChargedIsoPFTauHPS35_Trk1_eta2p1_Reg",
            "HLT_MonoCentralPFJet80_PFMETNoMu120_PFMHTNoMu120_IDTight"
        ],
        "best_eff": [
            0.5640320160080055,
            0.7842185618803281,
            0.8484701066129375,
            0.8943401364290681,
            0.9126879953738306,
            0.9264471685383944,
            0.9356207155565518,
            0.9402071066114064,
            0.944793497666261,
            0.9493798887211156
        ],
        "best_eff_err": [
            0.05086553671912639,
            0.05997776965394808,
            0.06238641446047095,
            0.06405058696094515,
            0.06470426709741717,
            0.06519016531537443,
            0.0655121221206795,
            0.06567249527642557,
            0.06583247775155857,
            0.06599207238742218
        ]
    }
}