{
    "M-650": {
        "best_paths": [
            "HLT_IsoMu20_eta2p1_LooseChargedIsoPFTauHPS27_eta2p1_CrossL1",
            "HLT_Mu50",
            "HLT_DoubleMu4_Mass3p8_DZ_PFHT350",
            "HLT_IsoMu24",
            "HLT_DoubleL2Mu23NoVtx_2Cha",
            "HLT_DoubleMu3_DCA_PFMET50_PFMHT60",
            "HLT_Mu37_TkMu27",
            "HLT_Photon110EB_TightID_TightIso",
            "HLT_RsqMR300_Rsq0p09_MR200",
            "HLT_Mu43NoFiltersNoVtx_Photon43_CaloIdL"
        ],
        "best_eff": [
            0.7009583644869023,
            0.8686723289960413,
            0.9163449108066607,
            0.945430779906085,
            0.9535950771084499,
            0.9592115053942775,
            0.963892340435454,
            0.9678132973296718,
            0.9704461549771336,
            0.9726372146646836
        ],
        "best_eff_err": [
            0.03882573042432796,
            0.04322166743053023,
            0.04439182601322588,
            0.04509084688621751,
            0.045285120087159916,
            0.04541828312153734,
            0.04552896609439569,
            0.04562147431844505,
            0.045683486933961695,
            0.04573502962459695
        ]
    }
}