{
    "M-800": {
        "best_paths": [
            "HLT_DoubleMu4_Mass3p8_DZ_PFHT350",
            "HLT_IsoMu20_eta2p1_LooseChargedIsoPFTauHPS27_eta2p1_CrossL1",
            "HLT_Mu50",
            "HLT_MonoCentralPFJet80_PFMETNoMu120_PFMHTNoMu120_IDTight",
            "HLT_Mu18_Mu9_SameSign",
            "HLT_Mu37_TkMu27",
            "HLT_AK8PFJet400_TrimMass30",
            "HLT_IsoMu27",
            "HLT_Mu27_Ele37_CaloIdL_MW",
            "HLT_MET105_IsoTrk50"
        ],
        "best_eff": [
            0.7159289215564918,
            0.8988630729005909,
            0.9565811508614647,
            0.9776466891311504,
            0.9837173812428831,
            0.9883296984025634,
            0.9917753156006013,
            0.9938627179376336,
            0.9956584452842551,
            0.9973083351356715
        ],
        "best_eff_err": [
            0.03437151234168024,
            0.03851327560109277,
            0.03973055185366139,
            0.04016563661767218,
            0.04029014778642072,
            0.040384490749216295,
            0.04045482579413729,
            0.04049737631434819,
            0.040533945462938835,
            0.040567515641290984
        ]
    }
}