{
    "M-300": {
        "best_paths": [
            "HLT_IsoMu20_eta2p1_LooseChargedIsoPFTauHPS27_eta2p1_CrossL1",
            "HLT_DoubleL2Mu23NoVtx_2Cha",
            "HLT_IsoMu24",
            "HLT_Mu18_Mu9_SameSign",
            "HLT_Mu37_TkMu27",
            "HLT_DoubleMu3_DCA_PFMET50_PFMHT60",
            "HLT_DoubleL2Mu23NoVtx_2Cha_CosmicSeed",
            "HLT_MonoCentralPFJet80_PFMETNoMu120_PFMHTNoMu120_IDTight",
            "HLT_IsoTrackHB",
            "HLT_Mu23_Mu12_DZ"
        ],
        "best_eff": [
            0.563859449104398,
            0.7673138895028918,
            0.837058063915679,
            0.8835638749607359,
            0.8951898429835068,
            0.9067052906298104,
            0.9125182746411958,
            0.9183312586525814,
            0.923870214176855,
            0.9250293829085077
        ],
        "best_eff_err": [
            0.05725602685370407,
            0.06679167062255366,
            0.06976113997543727,
            0.07167286287729502,
            0.07214285903933407,
            0.07260538814291001,
            0.07283775673408308,
            0.07306938637161468,
            0.07328941570592987,
            0.0733353789627326
        ]
    }
}