{
    "M-250": {
        "best_paths": [
            "HLT_IsoMu24",
            "HLT_Mu18_Mu9_SameSign",
            "HLT_DoubleL2Mu23NoVtx_2Cha",
            "HLT_Mu17_TrkIsoVVL_Mu8_TrkIsoVVL_DZ_Mass3p8",
            "HLT_MonoCentralPFJet80_PFMETNoMu120_PFMHTNoMu120_IDTight",
            "HLT_IsoMu20_eta2p1_LooseChargedIsoPFTauHPS27_eta2p1_CrossL1",
            "HLT_DoubleMediumChargedIsoPFTauHPS35_Trk1_eta2p1_Reg",
            "HLT_Mu50",
            "HLT_Mu12_TrkIsoVVL_Ele23_CaloIdL_TrackIdL_IsoVL_DZ",
            "HLT_TripleMu_10_5_5_DZ"
        ],
        "best_eff": [
            0.624791562447892,
            0.7826983667272248,
            0.8221797302159868,
            0.84191657232125,
            0.861650123307269,
            0.8748376381173052,
            0.8879944358143993,
            0.8945755772623161,
            0.9011545246307371,
            0.9077323749594101
        ],
        "best_eff_err": [
            0.06411295349286474,
            0.07175884168552006,
            0.07354642868605925,
            0.07442395325365994,
            0.0752911071191813,
            0.07586508272642649,
            0.07643342630468478,
            0.07671613676328896,
            0.07699771547494193,
            0.07727822150819598
        ]
    }
}