{
    "M-550": {
        "best_paths": [
            "HLT_IsoMu20_eta2p1_LooseChargedIsoPFTauHPS27_eta2p1_CrossL1",
            "HLT_DoubleL2Mu23NoVtx_2Cha",
            "HLT_Mu50",
            "HLT_Mu18_Mu9_SameSign",
            "HLT_MonoCentralPFJet80_PFMETNoMu120_PFMHTNoMu120_IDTight",
            "HLT_DoubleMu4_Mass3p8_DZ_PFHT350",
            "HLT_Mu17_TrkIsoVVL_Mu8_TrkIsoVVL_DZ_Mass3p8",
            "HLT_MediumChargedIsoPFTau180HighPtRelaxedIso_Trk50_eta2p1",
            "HLT_IsoMu24",
            "HLT_Mu43NoFiltersNoVtx_Photon43_CaloIdL"
        ],
        "best_eff": [
            0.6846684211671062,
            0.8494960040406713,
            0.9056460597448528,
            0.9400606100151574,
            0.9527396548515855,
            0.9626467823283676,
            0.9684008671002221,
            0.9721835555458944,
            0.97596533774134,
            0.9795879219803194
        ],
        "best_eff_err": [
            0.03521848013038088,
            0.039229351719160026,
            0.04050510031726486,
            0.04126752175109059,
            0.04154488699708664,
            0.04176033201861563,
            0.04188495430247827,
            0.041966678369633255,
            0.0420482240776247,
            0.042126189012168955
        ]
    }
}