{
    "M-340": {
        "best_paths": [
            "HLT_IsoMu20_eta2p1_LooseChargedIsoPFTauHPS27_eta2p1_CrossL1",
            "HLT_Mu18_Mu9_SameSign",
            "HLT_IsoMu24",
            "HLT_DoubleL2Mu23NoVtx_2Cha",
            "HLT_Mu50",
            "HLT_DoubleMediumChargedIsoPFTauHPS35_Trk1_eta2p1_Reg",
            "HLT_PFMETNoMu120_PFMHTNoMu120_IDTight",
            "HLT_DoubleL2Mu23NoVtx_2Cha_CosmicSeed",
            "HLT_Mu12_DoublePhoton20",
            "HLT_Mu23_TrkIsoVVL_Ele12_CaloIdL_TrackIdL_IsoVL"
        ],
        "best_eff": [
            0.5761120957008858,
            0.7582378549869703,
            0.866008592896197,
            0.9069014060933772,
            0.9329237109260904,
            0.9403574153867469,
            0.944074887505706,
            0.947792359624665,
            0.9515092118549933,
            0.9552260640853216
        ],
        "best_eff_err": [
            0.046278295702879384,
            0.05309169507044789,
            0.056739428961442864,
            0.05806359179207691,
            0.05889072834057673,
            0.05912488878261574,
            0.05924164137253388,
            0.05935816432022773,
            0.05947443960226689,
            0.059590488003877166
        ]
    }
}