{
    "M-2500": {
        "best_paths": [
            "HLT_AK8PFJet400_TrimMass30",
            "HLT_MonoCentralPFJet80_PFMETNoMu120_PFMHTNoMu120_IDTight",
            "HLT_IsoMu27",
            "HLT_AK8PFHT750_TrimMass50",
            "HLT_AK8PFHT800_TrimMass50",
            "HLT_AK8PFHT850_TrimMass50",
            "HLT_AK8PFHT900_TrimMass50",
            "HLT_AK8PFJet140",
            "HLT_AK8PFJet200",
            "HLT_AK8PFJet260"
        ],
        "best_eff": [
            0.9628023888487417,
            0.9952043923196124,
            0.9998332499583084,
            0.9998332499583084,
            0.9998332499583084,
            0.9998332499583084,
            0.9998332499583084,
            0.9998332499583084,
            0.9998332499583084,
            0.9998332499583084
        ],
        "best_eff_err": [
            0.06676390092626645,
            0.06787803578640464,
            0.06803570855584494,
            0.06803570855584494,
            0.06803570855584494,
            0.06803570855584494,
            0.06803570855584494,
            0.06803570855584494,
            0.06803570855584494,
            0.06803570855584494
        ]
    }
}