{
    "M-270": {
        "best_paths": [
            "HLT_IsoMu20_eta2p1_LooseChargedIsoPFTauHPS27_eta2p1_CrossL1",
            "HLT_Mu18_Mu9_SameSign",
            "HLT_IsoMu24",
            "HLT_DoubleL2Mu23NoVtx_2Cha",
            "HLT_Mu50",
            "HLT_Mu37_TkMu27",
            "HLT_Mu17_TrkIsoVVL_Mu8_TrkIsoVVL_DZ_Mass3p8",
            "HLT_Mu17_Photon30_IsoCaloId",
            "HLT_MonoCentralPFJet80_PFMETNoMu120_PFMHTNoMu120_IDTight",
            "HLT_DoubleMediumChargedIsoPFTauHPS35_Trk1_eta2p1_Reg"
        ],
        "best_eff": [
            0.4830112318639198,
            0.6907060615654044,
            0.8017801171116951,
            0.8452567668697459,
            0.8597503260486908,
            0.8742414685603652,
            0.8839041098649142,
            0.8935651400579493,
            0.9032253646952276,
            0.9080554770138667
        ],
        "best_eff_err": [
            0.048305150797254594,
            0.05776455884684024,
            0.06223611410660465,
            0.0639012208296942,
            0.0644467471454264,
            0.06498760448736816,
            0.06534575857390149,
            0.06570190109154554,
            0.06605609403313326,
            0.06623248021061569
        ]
    }
}