{
    "M-2000": {
        "best_paths": [
            "HLT_AK8PFJet400_TrimMass30",
            "HLT_Mu37_TkMu27",
            "HLT_MonoCentralPFJet80_PFMETNoMu120_PFMHTNoMu120_IDTight",
            "HLT_DiMu9_Ele9_CaloIdL_TrackIdL_DZ",
            "HLT_AK8PFHT750_TrimMass50",
            "HLT_AK8PFHT800_TrimMass50",
            "HLT_AK8PFHT850_TrimMass50",
            "HLT_AK8PFHT900_TrimMass50",
            "HLT_AK8PFJet140",
            "HLT_AK8PFJet200"
        ],
        "best_eff": [
            0.9331776999610899,
            0.9846842613225795,
            0.9968034522311653,
            0.9998332499583118,
            0.9998332499583118,
            0.9998332499583118,
            0.9998332499583118,
            0.9998332499583118,
            0.9998332499583118,
            0.9998332499583118
        ],
        "best_eff_err": [
            0.05317716814576819,
            0.05462500984876354,
            0.054960135752312525,
            0.05504359842112795,
            0.05504359842112795,
            0.05504359842112795,
            0.05504359842112795,
            0.05504359842112795,
            0.05504359842112795,
            0.05504359842112795
        ]
    }
}