{
    "M-700": {
        "best_paths": [
            "HLT_IsoMu20_eta2p1_LooseChargedIsoPFTauHPS27_eta2p1_CrossL1",
            "HLT_DoubleMu4_Mass3p8_DZ_PFHT350",
            "HLT_Mu50",
            "HLT_Mu18_Mu9_SameSign",
            "HLT_MonoCentralPFJet80_PFMETNoMu120_PFMHTNoMu120_IDTight",
            "HLT_IsoMu24",
            "HLT_MediumChargedIsoPFTau180HighPtRelaxedIso_Trk50_eta2p1",
            "HLT_Mu17_Photon30_IsoCaloId",
            "HLT_Mu27_Ele37_CaloIdL_MW",
            "HLT_PFMET120_PFMHT120_IDTight"
        ],
        "best_eff": [
            0.6705230922339475,
            0.8567928143966196,
            0.9172595557037816,
            0.9443968015753951,
            0.9575270439452573,
            0.9684944985720415,
            0.976605035321898,
            0.9807479798100152,
            0.9829071281672627,
            0.9850662765245102
        ],
        "best_eff_err": [
            0.03647468931713664,
            0.04123088336248007,
            0.042660982594405886,
            0.04328744827001193,
            0.04358732896064096,
            0.04383624149713705,
            0.04401940939422591,
            0.0441126799386421,
            0.04416121098755588,
            0.04420968876169311
        ]
    }
}