{
    "M-400": {
        "best_paths": [
            "HLT_IsoMu20_eta2p1_LooseChargedIsoPFTauHPS27_eta2p1_CrossL1",
            "HLT_DoubleL2Mu23NoVtx_2Cha",
            "HLT_IsoMu24",
            "HLT_Mu18_Mu9_SameSign",
            "HLT_Mu50",
            "HLT_DoubleMu3_DZ_PFMET50_PFMHT60",
            "HLT_QuadPFJet103_88_75_15_DoublePFBTagDeepCSV_1p3_7p7_VBF1",
            "HLT_Mu12_DoublePhoton20",
            "HLT_IsoTrackHB",
            "HLT_DoubleL2Mu23NoVtx_2Cha_CosmicSeed_NoL2Matched"
        ],
        "best_eff": [
            0.6252644513013611,
            0.7874792853653929,
            0.8553032661856962,
            0.8965972661847129,
            0.9201946105796246,
            0.937722548589928,
            0.9457900041466147,
            0.9516897091613641,
            0.9573092032742021,
            0.9608881805701266
        ],
        "best_eff_err": [
            0.04294691967351725,
            0.04819696820797639,
            0.05022965741793973,
            0.051427907732671904,
            0.05210027235332775,
            0.052594136661606374,
            0.05281989222993317,
            0.05298437764862662,
            0.05314057727961953,
            0.05323981976642516
        ]
    }
}