{
    "M-600": {
        "best_paths": [
            "HLT_IsoMu20_eta2p1_LooseChargedIsoPFTauHPS27_eta2p1_CrossL1",
            "HLT_DoubleMu4_Mass3p8_DZ_PFHT350",
            "HLT_Mu50",
            "HLT_IsoMu24",
            "HLT_Mu18_Mu9_SameSign",
            "HLT_RsqMR300_Rsq0p09_MR200",
            "HLT_DoubleL2Mu23NoVtx_2Cha",
            "HLT_Mu37_TkMu27",
            "HLT_MediumChargedIsoPFTau180HighPtRelaxedIso_Trk50_eta2p1",
            "HLT_OldMu100"
        ],
        "best_eff": [
            0.7026477908693195,
            0.8643576780709882,
            0.9219640542237348,
            0.9541437385359369,
            0.9685169005393658,
            0.9783432422816658,
            0.9820751389519673,
            0.9845833054776265,
            0.9868874529430643,
            0.9891912161918163
        ],
        "best_eff_err": [
            0.04023685035420894,
            0.04462743050141873,
            0.04609057537896838,
            0.04688803554011316,
            0.04723987469936221,
            0.04747891218247832,
            0.047569380301677656,
            0.04763008637225669,
            0.047685786387257116,
            0.04774141214524028
        ]
    }
}