{
    "M-850": {
        "best_paths": [
            "HLT_DoubleMu4_Mass3p8_DZ_PFHT350",
            "HLT_IsoMu24",
            "HLT_MonoCentralPFJet80_PFMETNoMu120_PFMHTNoMu120_IDTight",
            "HLT_MediumChargedIsoPFTau180HighPtRelaxedIso_Trk50_eta2p1",
            "HLT_DoubleL2Mu23NoVtx_2Cha_CosmicSeed",
            "HLT_Mu50",
            "HLT_AK8PFJet330_TrimMass30_PFAK8BoostedDoubleB_np2",
            "HLT_Mu17_Photon30_IsoCaloId",
            "HLT_DoubleMediumChargedIsoPFTauHPS35_Trk1_eta2p1_Reg",
            "HLT_IsoMu20_eta2p1_LooseChargedIsoPFTauHPS27_eta2p1_CrossL1"
        ],
        "best_eff": [
            0.7283322026310001,
            0.9139209381453761,
            0.9475049549127698,
            0.966239842397102,
            0.9791742649609992,
            0.9842470702626871,
            0.9884099837843896,
            0.9917239187833455,
            0.9949025755901864,
            0.9969667735948208
        ],
        "best_eff_err": [
            0.03329523399443668,
            0.03729680490649902,
            0.03797589868779629,
            0.03834950705842519,
            0.03860533367778222,
            0.03870520576376849,
            0.03878697202751199,
            0.03885193997932792,
            0.038914153959345804,
            0.038954502079477295
        ]
    }
}