{
    "M-1750": {
        "best_paths": [
            "HLT_AK8PFJet400_TrimMass30",
            "HLT_Mu50",
            "HLT_Mu18_Mu9_SameSign",
            "HLT_QuadPFJet103_88_75_15_DoublePFBTagDeepCSV_1p3_7p7_VBF1",
            "HLT_DoubleL2Mu23NoVtx_2Cha",
            "HLT_HT650_DisplacedDijet60_Inclusive",
            "HLT_AK8PFHT750_TrimMass50",
            "HLT_AK8PFHT800_TrimMass50",
            "HLT_AK8PFHT850_TrimMass50",
            "HLT_AK8PFHT900_TrimMass50"
        ],
        "best_eff": [
            0.9210420427605104,
            0.9780977445244368,
            0.9943993735998443,
            0.9993538435884619,
            0.9995935467733877,
            0.9998327968332003,
            0.9998327968332003,
            0.9998327968332003,
            0.9998327968332003,
            0.9998327968332003
        ],
        "best_eff_err": [
            0.050028308365726,
            0.05155457599256273,
            0.05198242213353608,
            0.052111759177117245,
            0.05211800851801809,
            0.05212424529828998,
            0.05212424529828998,
            0.05212424529828998,
            0.05212424529828998,
            0.05212424529828998
        ]
    }
}