{
    "M-3000": {
        "best_paths": [
            "HLT_AK8PFJet400_TrimMass30",
            "HLT_Mu18_Mu9_SameSign",
            "HLT_AK8PFHT750_TrimMass50",
            "HLT_AK8PFHT800_TrimMass50",
            "HLT_AK8PFHT850_TrimMass50",
            "HLT_AK8PFHT900_TrimMass50",
            "HLT_AK8PFJet140",
            "HLT_AK8PFJet200",
            "HLT_AK8PFJet260",
            "HLT_AK8PFJet320"
        ],
        "best_eff": [
            0.9862608529000506,
            0.9998332499583081,
            0.9998332499583081,
            0.9998332499583081,
            0.9998332499583081,
            0.9998332499583081,
            0.9998332499583081,
            0.9998332499583081,
            0.9998332499583081,
            0.9998332499583081
        ],
        "best_eff_err": [
            0.06680358367185808,
            0.06726167075498887,
            0.06726167075498887,
            0.06726167075498887,
            0.06726167075498887,
            0.06726167075498887,
            0.06726167075498887,
            0.06726167075498887,
            0.06726167075498887,
            0.06726167075498887
        ]
    }
}