{
    "M-1500": {
        "best_paths": [
            "HLT_AK8PFJet400_TrimMass30",
            "HLT_IsoMu24",
            "HLT_DoubleMu4_Mass3p8_DZ_PFHT350",
            "HLT_MonoCentralPFJet80_PFMETNoMu120_PFMHTNoMu120_IDTight",
            "HLT_MediumChargedIsoPFTau180HighPtRelaxedIso_Trk50_eta2p1",
            "HLT_PFHT500_PFMET100_PFMHT100_IDTight",
            "HLT_IsoMu27",
            "HLT_IsoMu20_eta2p1_LooseChargedIsoPFTauHPS27_eta2p1_CrossL1",
            "HLT_AK8PFHT750_TrimMass50",
            "HLT_AK8PFHT800_TrimMass50"
        ],
        "best_eff": [
            0.8331943749652582,
            0.9659184582875242,
            0.9890910615383025,
            0.9929239572705378,
            0.9965006043511403,
            0.9998243000973186,
            0.9998327789129974,
            0.9998332499583129,
            0.9998332499583129,
            0.9998332499583129
        ],
        "best_eff_err": [
            0.048514497075158175,
            0.05223584224937395,
            0.0528587036042161,
            0.052961022797831984,
            0.053056323455541475,
            0.053144730967927975,
            0.05314495630923185,
            0.05314496882816516,
            0.05314496882816516,
            0.05314496882816516
        ]
    }
}