{
    "M-900": {
        "best_paths": [
            " HLT_IsoMu24 == 1  ||  HLT_IsoMu27 == 1  ||  HLT_IsoMu20_eta2p1_LooseChargedIsoPFTau27_eta2p1_CrossL1 == 1 ",
            "HLT_DoubleMu8_Mass8_PFHT350",
            "HLT_MonoCentralPFJet80_PFMETNoMu120_PFMHTNoMu120_IDTight",
            "HLT_Mu50",
            "HLT_Mu17_TrkIsoVVL_Mu8_TrkIsoVVL_DZ_Mass8",
            "HLT_PFHT700_PFMET85_PFMHT85_IDTight",
            "HLT_MET105_IsoTrk50",
            "HLT_Mu37_TkMu27",
            "HLT_AK8PFJet500",
            "HLT_BTagMu_AK8Jet300_Mu5"
        ],
        "best_eff": [
            0.794392523364486,
            0.9101462839555615,
            0.962622821976941,
            0.9804722243470618,
            0.9868204950526235,
            0.9899357598501313,
            0.9926918017689665,
            0.9947263981569393,
            0.9950856210356118,
            0.9951553657698844
        ],
        "best_eff_err": [
            0.04974678947872683,
            0.0532479734730749,
            0.05476152838062841,
            0.05526690334587745,
            0.055445533180740955,
            0.05553298141154712,
            0.05561023129627714,
            0.055667190797902034,
            0.05567724136232341,
            0.055679192514205056
        ]
    }
}