{
    "M-450": {
        "best_paths": [
            " HLT_IsoMu24 == 1  ||  HLT_IsoMu27 == 1  ||  HLT_IsoMu20_eta2p1_LooseChargedIsoPFTau27_eta2p1_CrossL1 == 1 ",
            "HLT_Mu17_TrkIsoVVL_Mu8_TrkIsoVVL_DZ_Mass8",
            "HLT_MonoCentralPFJet80_PFMETNoMu120_PFMHTNoMu120_IDTight",
            "HLT_Mu50",
            "HLT_DoubleMu4_Mass8_DZ_PFHT350",
            "HLT_MediumChargedIsoPFTau50_Trk30_eta2p1_1pr_MET90",
            "HLT_TripleMu_10_5_5_DZ",
            "HLT_Mu37_TkMu27",
            "HLT_QuadPFJet98_83_71_15_DoubleBTagCSV_p013_p08_VBF1",
            "HLT_Mu18_Mu9_SameSign"
        ],
        "best_eff": [
            0.7590027700831025,
            0.8808864265927978,
            0.9030470914127424,
            0.9224376731301939,
            0.9297896630688041,
            0.9353298292737902,
            0.9408699954787764,
            0.9444883081687444,
            0.9455192538780497,
            0.9465501995873551
        ],
        "best_eff_err": [
            0.045853034230600685,
            0.04939765789508866,
            0.050015152590769496,
            0.05054927310497136,
            0.050750316595461975,
            0.050901290311042784,
            0.05105181755940227,
            0.051149888591868024,
            0.051177797024192485,
            0.051205690245698085
        ]
    }
}