{
    "M-1500": {
        "best_paths": [
            " HLT_IsoMu24 == 1  ||  HLT_IsoMu27 == 1  ||  HLT_IsoMu20_eta2p1_LooseChargedIsoPFTau27_eta2p1_CrossL1 == 1 ",
            "HLT_AK8PFJet400_TrimMass30",
            "HLT_Mu17_TrkIsoVVL_Mu8_TrkIsoVVL_DZ_Mass8",
            "HLT_MediumChargedIsoPFTau180HighPtRelaxedIso_Trk50_eta2p1",
            "HLT_AK8PFJet500",
            "HLT_DiJet110_35_Mjj650_PFMET110",
            "HLT_MonoCentralPFJet80_PFMETNoMu120_PFMHTNoMu120_IDTight",
            "HLT_PFHT1050",
            "HLT_AK8PFHT750_TrimMass50",
            "HLT_AK8PFHT800_TrimMass50"
        ],
        "best_eff": [
            0.7768361581920904,
            0.941778260148139,
            0.9744749462093582,
            0.9887060052389777,
            0.9948949892418716,
            0.9973941119987815,
            0.9986970559993906,
            0.999022791999543,
            0.999022791999543,
            0.999022791999543
        ],
        "best_eff_err": [
            0.04684498291462429,
            0.051578974062986394,
            0.05246669501061764,
            0.05284841357183069,
            0.05301356262992662,
            0.053080104479192404,
            0.053114763713039935,
            0.053123424988272216,
            0.053123424988272216,
            0.053123424988272216
        ]
    }
}