{
    "M-700": {
        "best_paths": [
            " HLT_IsoMu24 == 1  ||  HLT_IsoMu27 == 1  ||  HLT_IsoMu20_eta2p1_LooseChargedIsoPFTau27_eta2p1_CrossL1 == 1 ",
            "HLT_DoubleMu8_Mass8_PFHT350",
            "HLT_Mu50",
            "HLT_Mu17_TrkIsoVVL_Mu8_TrkIsoVVL_DZ_Mass8",
            "HLT_MonoCentralPFJet80_PFMETNoMu120_PFMHTNoMu120_IDTight",
            "HLT_DoubleMediumChargedIsoPFTau40_Trk1_TightID_eta2p1_Reg",
            "HLT_RsqMR300_Rsq0p09_MR200",
            "HLT_Mu12_TrkIsoVVL_Ele23_CaloIdL_TrackIdL_IsoVL_DZ",
            "HLT_DoubleMu4_Mass8_DZ_PFHT350",
            "HLT_DoubleMu3_DZ_PFMET50_PFMHT60"
        ],
        "best_eff": [
            0.8007889546351085,
            0.9072308812873993,
            0.9392401421029998,
            0.9615403608033511,
            0.9714022937422072,
            0.9775468904760414,
            0.9810367897105428,
            0.983009176298314,
            0.9847541259155647,
            0.9864990755328152
        ],
        "best_eff_err": [
            0.039742488519940604,
            0.042301418679083505,
            0.043041197229866594,
            0.04354915970772815,
            0.04377191857238282,
            0.04391013978220053,
            0.04398845082672488,
            0.044032648284957975,
            0.04407171235847564,
            0.04411074183721711
        ]
    }
}