{
    "M-2500": {
        "best_paths": [
            " HLT_IsoMu24 == 1  ||  HLT_IsoMu27 == 1  ||  HLT_IsoMu20_eta2p1_LooseChargedIsoPFTau27_eta2p1_CrossL1 == 1 ",
            "HLT_AK8PFJet500",
            "HLT_AK8PFJet360_TrimMass30",
            "HLT_MonoCentralPFJet80_PFMETNoMu120_PFMHTNoMu120_IDTight",
            "HLT_Mu17_TrkIsoVVL_Mu8_TrkIsoVVL_DZ_Mass8",
            "HLT_Mu50",
            "HLT_AK8PFHT750_TrimMass50",
            "HLT_AK8PFHT800_TrimMass50",
            "HLT_AK8PFHT850_TrimMass50",
            "HLT_AK8PFHT900_TrimMass50"
        ],
        "best_eff": [
            0.3675496688741722,
            0.9801324503311258,
            0.9936676370338012,
            0.9978892123446004,
            0.9989446061723002,
            1.0,
            1.0,
            1.0,
            1.0,
            1.0
        ],
        "best_eff_err": [
            0.034886270704810395,
            0.056969041503593554,
            0.057361051148437356,
            0.05748277059300765,
            0.05751316020353099,
            0.0575435337648436,
            0.0575435337648436,
            0.0575435337648436,
            0.0575435337648436,
            0.0575435337648436
        ]
    }
}