{
    "M-850": {
        "best_paths": [
            " HLT_IsoMu24 == 1  ||  HLT_IsoMu27 == 1  ||  HLT_IsoMu20_eta2p1_LooseChargedIsoPFTau27_eta2p1_CrossL1 == 1 ",
            "HLT_DoubleMu4_Mass8_DZ_PFHT350",
            "HLT_Mu50",
            "HLT_MonoCentralPFJet80_PFMETNoMu120_PFMHTNoMu120_IDTight",
            "HLT_MediumChargedIsoPFTau180HighPtRelaxedIso_Trk50_eta2p1",
            "HLT_Mu17_TrkIsoVVL_Mu8_TrkIsoVVL_DZ_Mass8",
            "HLT_PFHT380_SixPFJet32_DoublePFBTagCSV_2p2",
            "HLT_PFHT500_PFMET100_PFMHT100_IDTight",
            "HLT_Mu27_Ele37_CaloIdL_MW",
            "HLT_DiMu9_Ele9_CaloIdL_TrackIdL_DZ"
        ],
        "best_eff": [
            0.8245033112582781,
            0.9226393932920327,
            0.9607782493216467,
            0.982235665296674,
            0.9894309163432997,
            0.9926138374565965,
            0.995543272741186,
            0.997198901880259,
            0.9982802022785027,
            0.9984711137752807
        ],
        "best_eff_err": [
            0.03694687682851225,
            0.03908386706034579,
            0.03988348612852587,
            0.04032639320472113,
            0.04047382680446113,
            0.040538875084788185,
            0.04059865085884327,
            0.04063239544260715,
            0.0406544190937692,
            0.040658306291444006
        ]
    }
}