{
    "M-1750": {
        "best_paths": [
            " HLT_IsoMu24 == 1  ||  HLT_IsoMu27 == 1  ||  HLT_IsoMu20_eta2p1_LooseChargedIsoPFTau27_eta2p1_CrossL1 == 1 ",
            "HLT_AK8PFJet500",
            "HLT_BTagMu_AK8Jet300_Mu5",
            "HLT_PFHT500_PFMET100_PFMHT100_IDTight",
            "HLT_DiJet110_35_Mjj650_PFMET110",
            "HLT_Mu50",
            "HLT_AK8PFHT750_TrimMass50",
            "HLT_AK8PFHT800_TrimMass50",
            "HLT_AK8PFHT850_TrimMass50",
            "HLT_AK8PFHT900_TrimMass50"
        ],
        "best_eff": [
            0.6201780415430267,
            0.9554896142433235,
            0.9877891103494683,
            0.9959297034498228,
            0.9985548947137577,
            0.9996578322134897,
            0.9996578322134897,
            0.9996578322134897,
            0.9996578322134897,
            0.9996578322134897
        ],
        "best_eff_err": [
            0.04289861215074469,
            0.05324735443598327,
            0.05413986476272925,
            0.054362496439539464,
            0.054434096889680525,
            0.05446415073942705,
            0.05446415073942705,
            0.05446415073942705,
            0.05446415073942705,
            0.05446415073942705
        ]
    }
}