{
    "M-750": {
        "best_paths": [
            " HLT_IsoMu24 == 1  ||  HLT_IsoMu27 == 1  ||  HLT_IsoMu20_eta2p1_LooseChargedIsoPFTau27_eta2p1_CrossL1 == 1 ",
            "HLT_DoubleMu4_Mass8_DZ_PFHT350",
            "HLT_Mu50",
            "HLT_MonoCentralPFJet80_PFMETNoMu120_PFMHTNoMu120_IDTight",
            "HLT_Mu17_TrkIsoVVL_Mu8_TrkIsoVVL_DZ_Mass8",
            "HLT_MediumChargedIsoPFTau180HighPtRelaxedIso_Trk50_eta2p1",
            "HLT_PFMET110_PFMHT110_IDTight_CaloBTagCSV_3p1",
            "HLT_Mu12_TrkIsoVVL_Ele23_CaloIdL_TrackIdL_IsoVL_DZ",
            "HLT_PFMET120_PFMHT120_IDTight_PFHT60",
            "HLT_TripleMu_10_5_5_DZ"
        ],
        "best_eff": [
            0.8109090909090909,
            0.913854773055545,
            0.9488847551100811,
            0.9655267650019703,
            0.9771335405086008,
            0.9825880859631463,
            0.9858051385302228,
            0.9876233203484046,
            0.9892318466319431,
            0.98965115770123
        ],
        "best_eff_err": [
            0.038397658330805225,
            0.040762165458035515,
            0.041536068775114676,
            0.04189872562613917,
            0.04214980945731979,
            0.04226728986651813,
            0.04233642614989909,
            0.042375450018493334,
            0.04240994408759134,
            0.04241893140185127
        ]
    }
}