{
    "M-800": {
        "best_paths": [
            " HLT_IsoMu24 == 1  ||  HLT_IsoMu27 == 1  ||  HLT_IsoMu20_eta2p1_LooseChargedIsoPFTau27_eta2p1_CrossL1 == 1 ",
            "HLT_DoubleMu4_Mass8_DZ_PFHT350",
            "HLT_Mu50",
            "HLT_MonoCentralPFJet80_PFMETNoMu120_PFMHTNoMu120_IDTight",
            "HLT_Mu17_TrkIsoVVL_Mu8_TrkIsoVVL_DZ_Mass8",
            "HLT_MediumChargedIsoPFTau180HighPtRelaxedIso_Trk50_eta2p1",
            "HLT_DoubleMediumChargedIsoPFTau40_Trk1_TightID_eta2p1_Reg",
            "HLT_Diphoton30PV_18PV_R9Id_AND_IsoCaloId_AND_HE_R9Id_PixelVeto_Mass55",
            "HLT_RsqMR300_Rsq0p09_MR200",
            "HLT_Mu30_TkMu0_Onia"
        ],
        "best_eff": [
            0.7881619937694704,
            0.9108058591576339,
            0.9549524010937172,
            0.97753657098889,
            0.986461272173951,
            0.9913137808095488,
            0.9930510246476391,
            0.994608657046393,
            0.9959866780058106,
            0.9961662894451471
        ],
        "best_eff_err": [
            0.03503807439003736,
            0.03766564369818743,
            0.038567665203009076,
            0.039021053726662494,
            0.03919877597137606,
            0.03929506918584277,
            0.03932948575314601,
            0.03936031844760103,
            0.0393875756856031,
            0.03939112700832778
        ]
    }
}