{
    "M-3000": {
        "best_paths": [
            "HLT_PFHT500_PFMET100_PFMHT100_IDTight",
            "HLT_Ele115_CaloIdVT_GsfTrkIdT",
            "HLT_Ele32_WPTight_Gsf_L1DoubleEG",
            "HLT_PFMETTypeOne110_PFMHT110_IDTight",
            "HLT_AK8PFJet500",
            "HLT_AK8PFHT750_TrimMass50",
            "HLT_AK8PFHT800_TrimMass50",
            "HLT_AK8PFHT850_TrimMass50",
            "HLT_AK8PFHT900_TrimMass50",
            "HLT_AK8PFJet140"
        ],
        "best_eff": [
            0.8913043478260869,
            0.9682338657344414,
            0.9757541186075234,
            0.9784388017835088,
            0.9809455527412029,
            0.9809455527412029,
            0.9809455527412029,
            0.9809455527412029,
            0.9809455527412029,
            0.9809455527412029
        ],
        "best_eff_err": [
            0.1391983529876706,
            0.1450812265545574,
            0.1456435582395778,
            0.14584378195323963,
            0.14603048764029014,
            0.14603048764029014,
            0.14603048764029014,
            0.14603048764029014,
            0.14603048764029014,
            0.14603048764029014
        ]
    }
}