{
    "M-600": {
        "best_paths": [
            "HLT_Ele30_eta2p1_WPTight_Gsf_CentralPFJet35_EleCleaned",
            "HLT_DoubleTightChargedIsoPFTau35_Trk1_TightID_eta2p1_Reg",
            "HLT_PFMETTypeOne120_PFMHT120_IDTight",
            "HLT_Ele50_CaloIdVT_GsfTrkIdT_PFJet165",
            "HLT_Photon60_R9Id90_CaloIdL_IsoL_DisplacedIdL_PFHT350MinPFJet15",
            "HLT_Mu8_TrkIsoVVL_Ele23_CaloIdL_TrackIdL_IsoVL_DZ",
            "HLT_MediumChargedIsoPFTau50_Trk30_eta2p1_1pr_MET90",
            "HLT_Diphoton30PV_18PV_R9Id_AND_IsoCaloId_AND_HE_R9Id_PixelVeto_Mass55",
            "HLT_Ele32_WPTight_Gsf_L1DoubleEG",
            "HLT_PFHT500_PFMET100_PFMHT100_IDTight"
        ],
        "best_eff": [
            0.5977653496902999,
            0.7263130675326237,
            0.8196669912615899,
            0.8490342761062729,
            0.8665887204552681,
            0.8791237564251976,
            0.8888569136880068,
            0.8971556688747288,
            0.9054544240614507,
            0.9096907048446581
        ],
        "best_eff_err": [
            0.049803153997438065,
            0.05489760621543676,
            0.058319017889179724,
            0.05935456007141189,
            0.059965021631918594,
            0.06039715570043067,
            0.060730576823878626,
            0.06101342172166381,
            0.06129496144880237,
            0.06143818216362847
        ]
    }
}