{
    "M-2500": {
        "best_paths": [
            "HLT_AK8PFJet400_TrimMass30",
            "HLT_Ele28_eta2p1_WPTight_Gsf_HT150",
            "HLT_DoubleTightChargedIsoPFTau35_Trk1_TightID_eta2p1_Reg",
            "HLT_MonoCentralPFJet80_PFMETNoMu120_PFMHTNoMu120_IDTight",
            "HLT_Photon200",
            "HLT_AK8PFHT750_TrimMass50",
            "HLT_AK8PFHT800_TrimMass50",
            "HLT_AK8PFHT850_TrimMass50",
            "HLT_AK8PFHT900_TrimMass50",
            "HLT_AK8PFJet140"
        ],
        "best_eff": [
            0.8012281865172007,
            0.9274534206629662,
            0.9717162816471506,
            0.9956486587149463,
            1.0,
            1.0,
            1.0,
            1.0,
            1.0,
            1.0
        ],
        "best_eff_err": [
            0.12295329582062749,
            0.13228424375028291,
            0.1354040969285663,
            0.1370613867919722,
            0.137360563948689,
            0.137360563948689,
            0.137360563948689,
            0.137360563948689,
            0.137360563948689,
            0.137360563948689
        ]
    }
}