{
    "M-350": {
        "best_paths": [
            "HLT_Ele32_WPTight_Gsf_L1DoubleEG",
            "HLT_DoubleTightChargedIsoPFTau35_Trk1_TightID_eta2p1_Reg",
            "HLT_Mu8_TrkIsoVVL_Ele23_CaloIdL_TrackIdL_IsoVL_DZ",
            "HLT_MediumChargedIsoPFTau50_Trk30_eta2p1_1pr_MET90",
            "HLT_DoubleMu20_7_Mass0to30_Photon23",
            "HLT_DiEle27_WPTightCaloOnly_L1DoubleEG",
            "HLT_MonoCentralPFJet80_PFMETNoMu120_PFMHTNoMu120_IDTight",
            "HLT_PFHT380_SixPFJet32_DoublePFBTagDeepCSV_2p2",
            "HLT_DoubleMediumChargedIsoPFTau35_Trk1_eta2p1_Reg",
            "HLT_Ele50_CaloIdVT_GsfTrkIdT_PFJet165"
        ],
        "best_eff": [
            0.5028801472279734,
            0.5769542213020474,
            0.6087002530480791,
            0.6298642742121002,
            0.6457372900851162,
            0.659779979862038,
            0.6703619904440485,
            0.6807287434684808,
            0.6899020270760446,
            0.6958082359191817
        ],
        "best_eff_err": [
            0.051582376057377644,
            0.05525095327301576,
            0.056750649859835495,
            0.057728807431571195,
            0.05845168447906158,
            0.05908383335862194,
            0.05955576242756278,
            0.06001449311150695,
            0.06041750802155471,
            0.06067557216684033
        ]
    }
}