{
    "M-2000": {
        "best_paths": [
            "HLT_PFHT500_PFMET100_PFMHT100_IDTight",
            "HLT_Ele28_eta2p1_WPTight_Gsf_HT150",
            "HLT_DoubleTightChargedIsoPFTau40_Trk1_eta2p1_Reg",
            "HLT_AK8PFJet500",
            "HLT_AK8PFHT750_TrimMass50",
            "HLT_AK8PFHT800_TrimMass50",
            "HLT_AK8PFHT850_TrimMass50",
            "HLT_AK8PFHT900_TrimMass50",
            "HLT_AK8PFJet140",
            "HLT_AK8PFJet200"
        ],
        "best_eff": [
            0.8444444444444444,
            0.9444444444444444,
            0.9888888888888889,
            1.0,
            1.0,
            1.0,
            1.0,
            1.0,
            1.0,
            1.0
        ],
        "best_eff_err": [
            0.09686442096757053,
            0.10243938285880985,
            0.1048220125784067,
            0.10540925533894598,
            0.10540925533894598,
            0.10540925533894598,
            0.10540925533894598,
            0.10540925533894598,
            0.10540925533894598,
            0.10540925533894598
        ]
    }
}