{
    "M-1750": {
        "best_paths": [
            "HLT_PFHT500_PFMET100_PFMHT100_IDTight",
            "HLT_Ele28_eta2p1_WPTight_Gsf_HT150",
            "HLT_MediumChargedIsoPFTau180HighPtRelaxedIso_Trk50_eta2p1",
            "HLT_AK8PFJet500",
            "HLT_AK8PFHT750_TrimMass50",
            "HLT_AK8PFHT800_TrimMass50",
            "HLT_AK8PFHT850_TrimMass50",
            "HLT_AK8PFHT900_TrimMass50",
            "HLT_AK8PFJet140",
            "HLT_AK8PFJet200"
        ],
        "best_eff": [
            0.7946428571428571,
            0.9642857142857143,
            0.9910714285714286,
            1.0,
            1.0,
            1.0,
            1.0,
            1.0,
            1.0,
            1.0
        ],
        "best_eff_err": [
            0.08423197439336252,
            0.09278843611976129,
            0.0940683370790423,
            0.09449111825230681,
            0.09449111825230681,
            0.09449111825230681,
            0.09449111825230681,
            0.09449111825230681,
            0.09449111825230681,
            0.09449111825230681
        ]
    }
}