{
    "M-260": {
        "best_paths": [
            "HLT_Ele32_WPTight_Gsf_L1DoubleEG",
            "HLT_DoubleTightChargedIsoPFTau35_Trk1_TightID_eta2p1_Reg",
            "HLT_Mu8_TrkIsoVVL_Ele23_CaloIdL_TrackIdL_IsoVL_DZ",
            "HLT_Ele23_Ele12_CaloIdL_TrackIdL_IsoVL",
            "HLT_VBF_DoubleLooseChargedIsoPFTau20_Trk1_eta2p1_Reg",
            "HLT_PFHT380_SixPFJet32_DoublePFBTagCSV_2p2",
            "HLT_TriplePhoton_30_30_10_CaloIdLV2",
            "HLT_DoubleEle33_CaloIdL_MW",
            "HLT_Ele50_CaloIdVT_GsfTrkIdT_PFJet165",
            "HLT_DiSC30_18_EIso_AND_HE_Mass70"
        ],
        "best_eff": [
            0.38977298961138906,
            0.46037963319225345,
            0.4869283057586251,
            0.5046274208028729,
            0.5161739836853169,
            0.5240030939149282,
            0.5297827880789923,
            0.5328526514370521,
            0.5349020675025992,
            0.5355156141001851
        ],
        "best_eff_err": [
            0.058730898955628004,
            0.06382911597342662,
            0.06564373580899616,
            0.06682611306694446,
            0.06758632524443871,
            0.06809695677026284,
            0.0684714776920742,
            0.06866957251729783,
            0.06880150154660325,
            0.06884094879484949
        ]
    }
}