{
    "M-1500": {
        "best_paths": [
            "HLT_Ele50_CaloIdVT_GsfTrkIdT_PFJet165",
            "HLT_PFMETTypeOne120_PFMHT120_IDTight",
            "HLT_Ele28_eta2p1_WPTight_Gsf_HT150",
            "HLT_Photon200",
            "HLT_DoubleTightChargedIsoPFTau35_Trk1_TightID_eta2p1_Reg",
            "HLT_PFHT500_PFMET100_PFMHT100_IDTight",
            "HLT_AK8PFJet500",
            "HLT_PFMET140_PFMHT140_IDTight",
            "HLT_PFJet140",
            "HLT_AK8PFHT750_TrimMass50"
        ],
        "best_eff": [
            0.7156405153194361,
            0.9069287832462931,
            0.9579424635605622,
            0.979453462091638,
            0.9889600691835669,
            0.9926293128563062,
            0.9933637749203439,
            0.9936305732484076,
            0.9936366605435939,
            0.9936366605435939
        ],
        "best_eff_err": [
            0.0675145898513718,
            0.07600405550888746,
            0.07811238284605669,
            0.07898453698912357,
            0.07936692460284976,
            0.07951402203210259,
            0.07954343343130472,
            0.07955411462927896,
            0.07955435831574069,
            0.07955435831574069
        ]
    }
}