{
    "M-320": {
        "best_paths": [
            "HLT_Ele32_WPTight_Gsf_L1DoubleEG",
            "HLT_DoubleTightChargedIsoPFTau35_Trk1_TightID_eta2p1_Reg",
            "HLT_Mu8_TrkIsoVVL_Ele23_CaloIdL_TrackIdL_IsoVL_DZ",
            "HLT_PFHT500_PFMET100_PFMHT100_IDTight",
            "HLT_Diphoton30PV_18PV_R9Id_AND_IsoCaloId_AND_HE_R9Id_PixelVeto_Mass55",
            "HLT_Ele28_HighEta_SC20_Mass55",
            "HLT_Ele30_eta2p1_WPTight_Gsf_CentralPFJet35_EleCleaned",
            "HLT_DoubleEle33_CaloIdL_MW",
            "HLT_DoubleMu4_LowMassNonResonantTrk_Displaced",
            "HLT_PFHT300PT30_QuadPFJet_75_60_45_40_TriplePFBTagCSV_3p0"
        ],
        "best_eff": [
            0.4716402116402116,
            0.5559788359788359,
            0.5930158730158729,
            0.6088888888888888,
            0.6194708994708994,
            0.628832692655514,
            0.6342295180523394,
            0.6395205233433446,
            0.64481152863435,
            0.6494924252266572
        ],
        "best_eff_err": [
            0.049954487838823995,
            0.054237320756569306,
            0.05601473129255469,
            0.05675944267472544,
            0.057250535427403076,
            0.057681514404507694,
            0.05792850538143258,
            0.05816963531530956,
            0.05840976981383813,
            0.058621394203329055
        ]
    }
}