{
    "M-900": {
        "best_paths": [
            "HLT_DoubleTightChargedIsoPFTau35_Trk1_TightID_eta2p1_Reg",
            "HLT_AK8PFJet360_TrimMass30",
            "HLT_PFMETTypeOne120_PFMHT120_IDTight",
            "HLT_MediumChargedIsoPFTau180HighPtRelaxedIso_Trk50_eta2p1",
            "HLT_MediumChargedIsoPFTau50_Trk30_eta2p1_1pr_MET90",
            "HLT_HT650_DisplacedDijet60_Inclusive",
            "HLT_DoubleMediumChargedIsoPFTau35_Trk1_eta2p1_Reg",
            "HLT_PFHT500_PFMET100_PFMHT100_IDTight",
            "HLT_PFHT300PT30_QuadPFJet_75_60_45_40_TriplePFBTagCSV_3p0",
            "HLT_Mu50"
        ],
        "best_eff": [
            0.5590249470079895,
            0.6909913621511486,
            0.7644214574053125,
            0.8237141022846222,
            0.8391006850945958,
            0.8514007546253952,
            0.8612389065334993,
            0.8697115441606195,
            0.8772600746052898,
            0.8837434462105211
        ],
        "best_eff_err": [
            0.006750937920645742,
            0.007505589862931413,
            0.007894324139028143,
            0.008194770030472196,
            0.008270953089981825,
            0.00833135298586228,
            0.00837935017880287,
            0.008420466205246476,
            0.00845692934162451,
            0.008488122191877659
        ]
    }
}