{
    "M-320": {
        "best_paths": [
            "HLT_DoubleTightChargedIsoPFTau35_Trk1_TightID_eta2p1_Reg",
            "HLT_DoubleMediumChargedIsoPFTau35_Trk1_eta2p1_Reg",
            "HLT_PFHT300PT30_QuadPFJet_75_60_45_40_TriplePFBTagCSV_3p0",
            "HLT_PFHT380_SixPFJet32_DoublePFBTagCSV_2p2",
            "HLT_MediumChargedIsoPFTau50_Trk30_eta2p1_1pr_MET90",
            "HLT_Diphoton30PV_18PV_R9Id_AND_IsoCaloId_AND_HE_R9Id_PixelVeto_Mass55",
            "HLT_VBF_DoubleLooseChargedIsoPFTau20_Trk1_eta2p1_Reg",
            "HLT_Mu12_DoublePFJets40MaxDeta1p6_DoubleCaloBTagCSV_p33",
            "HLT_PFMETNoMu120_PFMHTNoMu120_IDTight",
            "HLT_Mu17_Photon30_IsoCaloId"
        ],
        "best_eff": [
            0.1915104631558068,
            0.21326187157903623,
            0.2292877995640515,
            0.23930702325250355,
            0.24503615656875255,
            0.2505175185210434,
            0.25508400999759023,
            0.25923255731484796,
            0.2625195984172711,
            0.2651752884958301
        ],
        "best_eff_err": [
            0.0030816717124445797,
            0.0032519714691143222,
            0.0033719458509857687,
            0.0034448303667528888,
            0.0034858219838002124,
            0.0035245945809811705,
            0.0035565730752998657,
            0.003585377515787904,
            0.00360803701377818,
            0.003626240830055793
        ]
    }
}