{
    "M-800": {
        "best_paths": [
            "HLT_DoubleTightChargedIsoPFTau35_Trk1_TightID_eta2p1_Reg",
            "HLT_PFMETTypeOne120_PFMHT120_IDTight",
            "HLT_MediumChargedIsoPFTau180HighPtRelaxedIso_Trk50_eta2p1",
            "HLT_AK8PFJet360_TrimMass30",
            "HLT_MediumChargedIsoPFTau50_Trk30_eta2p1_1pr_MET90",
            "HLT_DoubleMediumChargedIsoPFTau35_Trk1_eta2p1_Reg",
            "HLT_RsqMR300_Rsq0p09_MR200",
            "HLT_PFHT300PT30_QuadPFJet_75_60_45_40_TriplePFBTagCSV_3p0",
            "HLT_HT650_DisplacedDijet60_Inclusive",
            "HLT_Mu50"
        ],
        "best_eff": [
            0.537321733603464,
            0.6368492095364674,
            0.7239549309629547,
            0.7546179475104895,
            0.7760693114863155,
            0.792905745108552,
            0.8075107353885309,
            0.8199891416778702,
            0.8308184685041725,
            0.8384716423877899
        ],
        "best_eff_err": [
            0.004620082340303769,
            0.005029801188268145,
            0.0053627589622694555,
            0.005475150697134986,
            0.005552425846833374,
            0.005612331229753056,
            0.005663783767527615,
            0.005707377027286367,
            0.005744941135253348,
            0.005771340551632025
        ]
    }
}