{
    "M-270": {
        "best_paths": [
            "HLT_DoubleTightChargedIsoPFTau35_Trk1_TightID_eta2p1_Reg",
            "HLT_DoubleMediumChargedIsoPFTau35_Trk1_eta2p1_Reg",
            "HLT_PFHT380_SixPFJet32_DoublePFBTagCSV_2p2",
            "HLT_PFHT300PT30_QuadPFJet_75_60_45_40_TriplePFBTagCSV_3p0",
            "HLT_Diphoton30PV_18PV_R9Id_AND_IsoCaloId_AND_HE_R9Id_PixelVeto_Mass55",
            "HLT_PFMETTypeOne120_PFMHT120_IDTight",
            "HLT_VBF_DoubleLooseChargedIsoPFTau20_Trk1_eta2p1_Reg",
            "HLT_Mu12_DoublePFJets40MaxDeta1p6_DoubleCaloBTagCSV_p33",
            "HLT_AK8PFJet360_TrimMass30",
            "HLT_Mu17_Photon30_IsoCaloId"
        ],
        "best_eff": [
            0.13986227336122734,
            0.15531520214758165,
            0.16705100450977495,
            0.17473193823029348,
            0.17997716574850894,
            0.18352716276034628,
            0.18657293865546914,
            0.1893507136353413,
            0.19150455209925096,
            0.19349711576895764
        ],
        "best_eff_err": [
            0.0024689694976060927,
            0.0026017910543571082,
            0.0026982984180335128,
            0.002759634592090818,
            0.00280074866202583,
            0.0028282357547285046,
            0.0028516075705430676,
            0.002872757096392534,
            0.002889049505903541,
            0.002904040581403406
        ]
    }
}