{
    "M-2500": {
        "best_paths": [
            "HLT_AK8PFJet400_TrimMass30",
            "HLT_MediumChargedIsoPFTau180HighPtRelaxedIso_Trk50_eta2p1",
            "HLT_DoubleMediumChargedIsoPFTau40_Trk1_TightID_eta2p1_Reg",
            "HLT_MonoCentralPFJet80_PFMETNoMu120_PFMHTNoMu120_IDTight",
            "HLT_PFHT500_PFMET100_PFMHT100_IDTight",
            "HLT_AK8PFJet360_TrimMass30",
            "HLT_HT650_DisplacedDijet60_Inclusive",
            "HLT_AK8PFJet500",
            "HLT_PFHT300PT30_QuadPFJet_75_60_45_40_TriplePFBTagCSV_3p0",
            "HLT_DiJet110_35_Mjj650_PFMET110"
        ],
        "best_eff": [
            0.7169620303256031,
            0.8413851643241997,
            0.9069655258836152,
            0.9424482096807163,
            0.9481379228470984,
            0.9526175134051348,
            0.9566070663034798,
            0.9604830465436843,
            0.9630183154048579,
            0.9654421221334772
        ],
        "best_eff_err": [
            0.019820593003937285,
            0.02147167824723969,
            0.02229276589934674,
            0.022724655726924486,
            0.022793148728451586,
            0.02284692975272829,
            0.0228947211275603,
            0.02294105665173052,
            0.022971314039797346,
            0.02300020395542062
        ]
    }
}