{
    "M-350": {
        "best_paths": [
            "HLT_DoubleTightChargedIsoPFTau35_Trk1_TightID_eta2p1_Reg",
            "HLT_DoubleMediumChargedIsoPFTau35_Trk1_eta2p1_Reg",
            "HLT_PFHT380_SixPFJet32_DoublePFBTagCSV_2p2",
            "HLT_PFHT300PT30_QuadPFJet_75_60_45_40_TriplePFBTagCSV_3p0",
            "HLT_PFMETTypeOne120_PFMHT120_IDTight",
            "HLT_VBF_DoubleLooseChargedIsoPFTau20_Trk1_eta2p1_Reg",
            "HLT_Diphoton30PV_18PV_R9Id_AND_IsoCaloId_AND_HE_R9Id_PixelVeto_Mass55",
            "HLT_Mu12_DoublePFJets40MaxDeta1p6_DoubleCaloBTagCSV_p33",
            "HLT_MediumChargedIsoPFTau50_Trk30_eta2p1_1pr_MET90",
            "HLT_Mu17_Photon30_IsoCaloId"
        ],
        "best_eff": [
            0.2279071854943674,
            0.2527684267889488,
            0.27321169185886085,
            0.28382438800840926,
            0.2914752648239234,
            0.2973083954135437,
            0.30170288557689673,
            0.3059167891519657,
            0.30991759844134237,
            0.31264363434503445
        ],
        "best_eff_err": [
            0.0031982445583806592,
            0.0033681705435472144,
            0.003501727130707603,
            0.0035690901334641608,
            0.003616875114540167,
            0.0036528870792693173,
            0.0036797845584871686,
            0.0037053933422798555,
            0.003729544382216781,
            0.0037459110112384093
        ]
    }
}