{
    "M-300": {
        "best_paths": [
            "HLT_DoubleTightChargedIsoPFTau35_Trk1_TightID_eta2p1_Reg",
            "HLT_DoubleMediumChargedIsoPFTau35_Trk1_eta2p1_Reg",
            "HLT_PFHT300PT30_QuadPFJet_75_60_45_40_TriplePFBTagCSV_3p0",
            "HLT_PFHT380_SixPFJet32_DoublePFBTagCSV_2p2",
            "HLT_VBF_DoubleLooseChargedIsoPFTau20_Trk1_eta2p1_Reg",
            "HLT_Diphoton30PV_18PV_R9Id_AND_IsoCaloId_AND_HE_R9Id_PixelVeto_Mass55",
            "HLT_PFMETTypeOne120_PFMHT120_IDTight",
            "HLT_Mu12_DoublePFJets40MaxDeta1p6_DoubleCaloBTagCSV_p33",
            "HLT_MediumChargedIsoPFTau50_Trk30_eta2p1_1pr_MET90",
            "HLT_Mu17_Photon30_IsoCaloId"
        ],
        "best_eff": [
            0.16699697507040784,
            0.18589516406500187,
            0.20095075887901467,
            0.20968795309849772,
            0.214320389726918,
            0.21886555649716777,
            0.22299325228807573,
            0.2270325223857685,
            0.23024738579688664,
            0.23283610038335723
        ],
        "best_eff_err": [
            0.0029511952332940666,
            0.0031137065804747637,
            0.003237341121382733,
            0.003306970940422343,
            0.003343300271947308,
            0.0033785655458268074,
            0.0034102757692549687,
            0.0034410237934885237,
            0.003465301227921462,
            0.003484727293965406
        ]
    }
}