{
    "M-600": {
        "best_paths": [
            "HLT_DoubleTightChargedIsoPFTau35_Trk1_TightID_eta2p1_Reg",
            "HLT_PFMETTypeOne120_PFMHT120_IDTight",
            "HLT_MediumChargedIsoPFTau180HighPtRelaxedIso_Trk50_eta2p1",
            "HLT_DoubleMediumChargedIsoPFTau35_Trk1_eta2p1_Reg",
            "HLT_PFHT300PT30_QuadPFJet_75_60_45_40_TriplePFBTagCSV_3p0",
            "HLT_MediumChargedIsoPFTau50_Trk30_eta2p1_1pr_MET90",
            "HLT_DoublePFJets100MaxDeta1p6_DoubleCaloBTagCSV_p33",
            "HLT_PFHT380_SixPFJet32_DoublePFBTagCSV_2p2",
            "HLT_RsqMR300_Rsq0p09_MR200",
            "HLT_Mu50"
        ],
        "best_eff": [
            0.449418737178026,
            0.49891832556886667,
            0.5409434953514745,
            0.5709788374392517,
            0.5981785265456603,
            0.6168088980013925,
            0.6316991408612314,
            0.6437338115118947,
            0.6542424306111563,
            0.6627841247376391
        ],
        "best_eff_err": [
            0.004526440002007353,
            0.0047692041006137005,
            0.0049660047668158794,
            0.005102008603595957,
            0.00522211690517446,
            0.005302815239510981,
            0.005366440564635872,
            0.005417318140342659,
            0.005461356589872109,
            0.005496892317782855
        ]
    }
}