{
    "M-500": {
        "best_paths": [
            "HLT_DoubleTightChargedIsoPFTau35_Trk1_TightID_eta2p1_Reg",
            "HLT_PFHT300PT30_QuadPFJet_75_60_45_40_TriplePFBTagCSV_3p0",
            "HLT_DoubleMediumChargedIsoPFTau35_Trk1_eta2p1_Reg",
            "HLT_MediumChargedIsoPFTau50_Trk30_eta2p1_1pr_MET90",
            "HLT_PFMETTypeOne120_PFMHT120_IDTight",
            "HLT_PFHT380_SixPFJet32_DoublePFBTagCSV_2p2",
            "HLT_MediumChargedIsoPFTau180HighPtRelaxedIso_Trk50_eta2p1",
            "HLT_Mu50",
            "HLT_VBF_DoubleLooseChargedIsoPFTau20_Trk1_eta2p1_Reg",
            "HLT_DoublePFJets100MaxDeta1p6_DoubleCaloBTagCSV_p33"
        ],
        "best_eff": [
            0.3703082747431044,
            0.40557145100229247,
            0.43782727615261546,
            0.46151990965462203,
            0.4772022795702553,
            0.4915393374550014,
            0.5047674665976651,
            0.5127773526165492,
            0.5205482123741827,
            0.5279697571043448
        ],
        "best_eff_err": [
            0.004475208282242134,
            0.004683442931879911,
            0.004866121534237676,
            0.0049960498709872994,
            0.0050802232673575415,
            0.0051559735919259955,
            0.005224890850750223,
            0.005266183188683612,
            0.005305936206279202,
            0.005343626162832642
        ]
    }
}