{
    "M-2000": {
        "best_paths": [
            "HLT_AK8PFJet400_TrimMass30",
            "HLT_DoubleTightChargedIsoPFTau35_Trk1_TightID_eta2p1_Reg",
            "HLT_PFHT500_PFMET100_PFMHT100_IDTight",
            "HLT_MediumChargedIsoPFTau180HighPtRelaxedIso_Trk50_eta2p1",
            "HLT_DiJet110_35_Mjj650_PFMET110",
            "HLT_AK8PFJet500",
            "HLT_HT650_DisplacedDijet60_Inclusive",
            "HLT_MediumChargedIsoPFTau50_Trk30_eta2p1_1pr_MET90",
            "HLT_Ele50_CaloIdVT_GsfTrkIdT_PFJet165",
            "HLT_Mu50"
        ],
        "best_eff": [
            0.6815895419350941,
            0.8227187657908313,
            0.8863968040487188,
            0.9198701087031483,
            0.930197222974892,
            0.9352965310263038,
            0.9399906738770963,
            0.9440716190377566,
            0.9472010476049517,
            0.9496905399631002
        ],
        "best_eff_err": [
            0.01552739334490516,
            0.017059362488931685,
            0.017707252755826526,
            0.018038497023055374,
            0.0181394708937898,
            0.018189122905893803,
            0.01823471030809639,
            0.018274250200440826,
            0.0183045130776894,
            0.018328551819540784
        ]
    }
}