{
    "M-1000": {
        "best_paths": [
            "HLT_DoubleMediumChargedIsoPFTau40_Trk1_TightID_eta2p1_Reg",
            "HLT_AK8PFJet400_TrimMass30",
            "HLT_MediumChargedIsoPFTau180HighPtRelaxedIso_Trk50_eta2p1",
            "HLT_MonoCentralPFJet80_PFMETNoMu120_PFMHTNoMu120_IDTight",
            "HLT_MediumChargedIsoPFTau50_Trk30_eta2p1_1pr_MET90",
            "HLT_AK8PFJet360_TrimMass30",
            "HLT_DoubleMediumChargedIsoPFTau35_Trk1_eta2p1_Reg",
            "HLT_PFHT300PT30_QuadPFJet_75_60_45_40_TriplePFBTagCSV_3p0",
            "HLT_PFHT500_PFMET100_PFMHT100_IDTight",
            "HLT_HT650_DisplacedDijet60_Inclusive"
        ],
        "best_eff": [
            0.5566818850112203,
            0.7390553827006865,
            0.8056089863180512,
            0.8611076100503007,
            0.8749284445468055,
            0.8861046006696376,
            0.8950117154416253,
            0.9018924580170633,
            0.9080581769632239,
            0.9133115440885541
        ],
        "best_eff_err": [
            0.006563294206806476,
            0.007562350810908882,
            0.007895515288718208,
            0.008162948217248788,
            0.008228195385347326,
            0.008280581262929087,
            0.008322095359862485,
            0.008354023746765112,
            0.008382530930789054,
            0.008406743589328754
        ]
    }
}