{
    "M-750": {
        "best_paths": [
            "HLT_DoubleTightChargedIsoPFTau35_Trk1_TightID_eta2p1_Reg",
            "HLT_PFMETTypeOne120_PFMHT120_IDTight",
            "HLT_MediumChargedIsoPFTau180HighPtRelaxedIso_Trk50_eta2p1",
            "HLT_RsqMR300_Rsq0p09_MR200",
            "HLT_DoubleMediumChargedIsoPFTau35_Trk1_eta2p1_Reg",
            "HLT_PFHT300PT30_QuadPFJet_75_60_45_40_TriplePFBTagCSV_3p0",
            "HLT_MediumChargedIsoPFTau50_Trk30_eta2p1_1pr_MET90",
            "HLT_AK8PFJet360_TrimMass30",
            "HLT_HT650_DisplacedDijet60_Inclusive",
            "HLT_Mu50"
        ],
        "best_eff": [
            0.5158539614206474,
            0.6046896050208534,
            0.6845137988422761,
            0.7121261014982341,
            0.7350557031740602,
            0.7540074301752865,
            0.7698729907284729,
            0.7839733107887964,
            0.7943762379474832,
            0.8027511305209794
        ],
        "best_eff_err": [
            0.004620967313383694,
            0.005003060595773295,
            0.005323050853445925,
            0.0054293515569017,
            0.005516068329672851,
            0.005586725386608855,
            0.005645196366857889,
            0.005696658042796743,
            0.005734329362474106,
            0.005764477846244632
        ]
    }
}