{
    "M-250": {
        "best_paths": [
            "HLT_DoubleTightChargedIsoPFTau35_Trk1_TightID_eta2p1_Reg",
            "HLT_DoubleMediumChargedIsoPFTau35_Trk1_eta2p1_Reg",
            "HLT_PFHT300PT30_QuadPFJet_75_60_45_40_TriplePFBTagCSV_3p0",
            "HLT_PFHT380_SixPFJet32_DoublePFBTagCSV_2p2",
            "HLT_Diphoton30PV_18PV_R9Id_AND_IsoCaloId_AND_HE_R9Id_PixelVeto_Mass55",
            "HLT_Mu12_DoublePFJets40MaxDeta1p6_DoubleCaloBTagCSV_p33",
            "HLT_VBF_DoubleLooseChargedIsoPFTau20_Trk1_eta2p1_Reg",
            "HLT_AK8PFJet360_TrimMass30",
            "HLT_Mu8_TrkIsoVVL_Ele23_CaloIdL_TrackIdL_IsoVL_DZ",
            "HLT_Mu12_DoublePhoton20"
        ],
        "best_eff": [
            0.13748395378690628,
            0.15510337047216446,
            0.1643091841302805,
            0.17010721579480753,
            0.17494749616404315,
            0.17759892492853993,
            0.18005820087066474,
            0.18214362657250077,
            0.18419632634334732,
            0.18587310539479598
        ],
        "best_eff_err": [
            0.0024254741498961727,
            0.002576209998763807,
            0.0026515606382194845,
            0.0026979382910764403,
            0.0027360530227119643,
            0.0027567082760022016,
            0.002775729218513316,
            0.0027917571268019077,
            0.002807444153714135,
            0.0028201935903075844
        ]
    }
}