{
    "M-450": {
        "best_paths": [
            "HLT_DoubleTightChargedIsoPFTau35_Trk1_TightID_eta2p1_Reg",
            "HLT_DoubleMediumChargedIsoPFTau35_Trk1_eta2p1_Reg",
            "HLT_PFHT300PT30_QuadPFJet_75_60_45_40_TriplePFBTagCSV_3p0",
            "HLT_PFMETTypeOne120_PFMHT120_IDTight",
            "HLT_PFHT380_SixPFJet32_DoublePFBTagCSV_2p2",
            "HLT_MediumChargedIsoPFTau50_Trk30_eta2p1_1pr_MET90",
            "HLT_MediumChargedIsoPFTau180HighPtRelaxedIso_Trk50_eta2p1",
            "HLT_VBF_DoubleLooseChargedIsoPFTau20_Trk1_eta2p1_Reg",
            "HLT_Mu50",
            "HLT_Mu12_DoublePFJets40MaxDeta1p6_DoubleCaloBTagCSV_p33"
        ],
        "best_eff": [
            0.33487597937725816,
            0.3667244000863887,
            0.3941370439867693,
            0.4121168469062446,
            0.4270841646267758,
            0.4376837824228579,
            0.4463506753870166,
            0.4532971953164311,
            0.45977095910480953,
            0.4644630259352415
        ],
        "best_eff_err": [
            0.0036870866576249875,
            0.003858435546763157,
            0.004000045893389393,
            0.004090265798578143,
            0.004163878812207216,
            0.004215232888130331,
            0.004256762742015874,
            0.004289758688701766,
            0.004320282188561764,
            0.004342270960260885
        ]
    }
}