{
    "M-700": {
        "best_paths": [
            "HLT_DoubleTightChargedIsoPFTau35_Trk1_TightID_eta2p1_Reg",
            "HLT_PFMETTypeOne120_PFMHT120_IDTight",
            "HLT_MediumChargedIsoPFTau180HighPtRelaxedIso_Trk50_eta2p1",
            "HLT_PFHT300PT30_QuadPFJet_75_60_45_40_TriplePFBTagCSV_3p0",
            "HLT_DoubleMediumChargedIsoPFTau35_Trk1_eta2p1_Reg",
            "HLT_RsqMR300_Rsq0p09_MR200",
            "HLT_MediumChargedIsoPFTau50_Trk30_eta2p1_1pr_MET90",
            "HLT_PFHT380_SixPFJet32_DoublePFBTagCSV_2p2",
            "HLT_DoublePFJets100MaxDeta1p6_DoubleCaloBTagCSV_p33",
            "HLT_HT650_DisplacedDijet60_Inclusive"
        ],
        "best_eff": [
            0.49106429502544047,
            0.5736918572311108,
            0.6406690872863707,
            0.6686074322430899,
            0.6928482999571672,
            0.7151683416058721,
            0.7293696060446861,
            0.7414581073277724,
            0.7504457021023269,
            0.7582926222118982
        ],
        "best_eff_err": [
            0.00454416531590716,
            0.004911614653654828,
            0.0051904119525100515,
            0.005302376274540466,
            0.0053976413151726,
            0.005483894411707185,
            0.005538074253119366,
            0.0055837794065968765,
            0.005617519399547676,
            0.005646812388250308
        ]
    }
}