{
    "M-1500": {
        "best_paths": [
            "HLT_AK8PFJet400_TrimMass30",
            "HLT_DoubleTightChargedIsoPFTau35_Trk1_TightID_eta2p1_Reg",
            "HLT_MediumChargedIsoPFTau180HighPtRelaxedIso_Trk50_eta2p1",
            "HLT_MonoCentralPFJet80_PFMETNoMu120_PFMHTNoMu120_IDTight",
            "HLT_AK8PFJet360_TrimMass30",
            "HLT_MediumChargedIsoPFTau50_Trk30_eta2p1_1pr_MET90",
            "HLT_DoubleMediumChargedIsoPFTau35_Trk1_eta2p1_Reg",
            "HLT_PFHT500_PFMET100_PFMHT100_IDTight",
            "HLT_Photon200",
            "HLT_HT650_DisplacedDijet60_Inclusive"
        ],
        "best_eff": [
            0.638983132167302,
            0.810398840463752,
            0.8727014022479227,
            0.9101934580178697,
            0.9199081506902248,
            0.9278362547796147,
            0.93255892541082,
            0.937012803452429,
            0.9409333273832305,
            0.9440826792274625
        ],
        "best_eff_err": [
            0.010293191025633613,
            0.011591903077422226,
            0.012029239526646798,
            0.012284915981513071,
            0.012350301765044095,
            0.012403407293244528,
            0.012434933792076839,
            0.012464592887462426,
            0.012490642011187348,
            0.012511527957187686
        ]
    }
}