{
    "M-650": {
        "best_paths": [
            "HLT_DoubleTightChargedIsoPFTau35_Trk1_TightID_eta2p1_Reg",
            "HLT_PFMETTypeOne120_PFMHT120_IDTight",
            "HLT_MediumChargedIsoPFTau180HighPtRelaxedIso_Trk50_eta2p1",
            "HLT_DoubleMediumChargedIsoPFTau35_Trk1_eta2p1_Reg",
            "HLT_PFHT300PT30_QuadPFJet_75_60_45_40_TriplePFBTagCSV_3p0",
            "HLT_MediumChargedIsoPFTau50_Trk30_eta2p1_1pr_MET90",
            "HLT_RsqMR300_Rsq0p09_MR200",
            "HLT_DoublePFJets100MaxDeta1p6_DoubleCaloBTagCSV_p33",
            "HLT_PFHT380_SixPFJet32_DoublePFBTagCSV_2p2",
            "HLT_Mu50"
        ],
        "best_eff": [
            0.4702919977822953,
            0.5386413840562951,
            0.5919110525493081,
            0.6206680506114484,
            0.6460744896605708,
            0.6680470745277655,
            0.6833146874797569,
            0.6962239927546747,
            0.7073012269626756,
            0.7157280197963672
        ],
        "best_eff_err": [
            0.0046613856184070145,
            0.004988627725316001,
            0.005229491508131713,
            0.005355017969690935,
            0.005463519959210787,
            0.005555648628388783,
            0.00561877466136872,
            0.0056716017799927215,
            0.005716542585149388,
            0.005750495225057743
        ]
    }
}