{
    "M-750": {
        "best_paths": [
            "HLT_DoubleMediumChargedIsoPFTauHPS35_Trk1_eta2p1_Reg",
            "HLT_RsqMR300_Rsq0p09_MR200",
            "HLT_MediumChargedIsoPFTau180HighPtRelaxedIso_Trk50_eta2p1",
            "HLT_AK8PFJet330_TrimMass30_PFAK8BoostedDoubleB_np4",
            "HLT_PFHT330PT30_QuadPFJet_75_60_45_40_TriplePFBTagDeepCSV_4p5",
            "HLT_PFMETNoMu120_PFMHTNoMu120_IDTight",
            "HLT_DoublePFJets116MaxDeta1p6_DoubleCaloBTagDeepCSV_p71",
            "HLT_QuadPFJet103_88_75_15_DoublePFBTagDeepCSV_1p3_7p7_VBF1",
            "HLT_Mu50",
            "HLT_HT650_DisplacedDijet60_Inclusive"
        ],
        "best_eff": [
            0.5384295555016948,
            0.6292749376186525,
            0.7047561065996181,
            0.7483026477798804,
            0.7702450426972182,
            0.7862957502188636,
            0.7991237085910199,
            0.8087161285013555,
            0.8176686958674909,
            0.8249156280312244
        ],
        "best_eff_err": [
            0.004741554574674104,
            0.005125975494486905,
            0.005424700078182003,
            0.005589783005464589,
            0.005671145162712961,
            0.005729929416617165,
            0.005776480555880803,
            0.005811046628010576,
            0.005843122531354806,
            0.005868958974564561
        ]
    }
}