{
    "M-2000": {
        "best_paths": [
            "HLT_AK8PFJet400_TrimMass30",
            "HLT_DoubleMediumChargedIsoPFTauHPS35_Trk1_eta2p1_Reg",
            "HLT_DiJet110_35_Mjj650_PFMET110",
            "HLT_MediumChargedIsoPFTau180HighPtRelaxedIso_Trk50_eta2p1",
            "HLT_AK8PFJet330_TrimMass30_PFAK8BoostedDoubleB_np4",
            "HLT_QuadPFJet103_88_75_15_DoublePFBTagDeepCSV_1p3_7p7_VBF1",
            "HLT_PFMETNoMu120_PFMHTNoMu120_IDTight",
            "HLT_Mu50",
            "HLT_Ele115_CaloIdVT_GsfTrkIdT",
            "HLT_PFHT330PT30_QuadPFJet_75_60_45_40_TriplePFBTagDeepCSV_4p5"
        ],
        "best_eff": [
            0.7901366790777813,
            0.8857583153992775,
            0.9189908153181359,
            0.9382076384948204,
            0.9476909595737026,
            0.954421058403877,
            0.9586987005806678,
            0.9620898256734148,
            0.9646224118770306,
            0.9665695823302656
        ],
        "best_eff_err": [
            0.01628332081005844,
            0.0172404853187665,
            0.017560927641698153,
            0.017743584136763243,
            0.017833033968679815,
            0.017896243263722172,
            0.017936303224165714,
            0.017967997517523662,
            0.017991631274898046,
            0.01800978092136769
        ]
    }
}