{
    "M-1000": {
        "best_paths": [
            "HLT_AK8PFJet330_TrimMass30_PFAK8BoostedDoubleB_np4",
            "HLT_DoubleMediumChargedIsoPFTauHPS35_Trk1_eta2p1_Reg",
            "HLT_PFMETNoMu120_PFMHTNoMu120_IDTight",
            "HLT_MediumChargedIsoPFTau180HighPtRelaxedIso_Trk50_eta2p1",
            "HLT_PFHT330PT30_QuadPFJet_75_60_45_40_TriplePFBTagDeepCSV_4p5",
            "HLT_Mu50",
            "HLT_HT650_DisplacedDijet60_Inclusive",
            "HLT_QuadPFJet103_88_75_15_DoublePFBTagDeepCSV_1p3_7p7_VBF1",
            "HLT_MediumChargedIsoPFTau50_Trk30_eta2p1_1pr_MET100",
            "HLT_Ele50_CaloIdVT_GsfTrkIdT_PFJet165"
        ],
        "best_eff": [
            0.6288949474206637,
            0.8181478992858647,
            0.8266969519076923,
            0.8591235428114221,
            0.8671525944095613,
            0.8735044224790861,
            0.878839019657979,
            0.8834014772452099,
            0.8871559627921868,
            0.8901369708261246
        ],
        "best_eff_err": [
            0.007068230206407238,
            0.008061902521496753,
            0.008103913579798415,
            0.008261319966896443,
            0.00829983381601677,
            0.008330176185289839,
            0.008355574164028457,
            0.008377234902090249,
            0.008395017790600286,
            0.008409110367948584
        ]
    }
}