{
    "M-350": {
        "best_paths": [
            "HLT_DoubleMediumChargedIsoPFTauHPS35_Trk1_eta2p1_Reg",
            "HLT_PFHT330PT30_QuadPFJet_75_60_45_40_TriplePFBTagDeepCSV_4p5",
            "HLT_QuadPFJet103_88_75_15_DoublePFBTagDeepCSV_1p3_7p7_VBF1",
            "HLT_Photon35_TwoProngs35",
            "HLT_AK8PFJet330_TrimMass30_PFAK8BoostedDoubleB_np4",
            "HLT_PFHT400_SixPFJet32_DoublePFBTagDeepCSV_2p94",
            "HLT_Diphoton30_18_R9IdL_AND_HE_AND_IsoCaloId_NoPixelVeto",
            "HLT_PFMETNoMu120_PFMHTNoMu120_IDTight",
            "HLT_Mu17_Photon30_IsoCaloId",
            "HLT_VBF_DoubleLooseChargedIsoPFTauHPS20_Trk1_eta2p1"
        ],
        "best_eff": [
            0.2308181066396629,
            0.25083369891284213,
            0.2618784388249951,
            0.2708872025537576,
            0.27928809017219836,
            0.2861614432393282,
            0.2925968428836441,
            0.2977520628662483,
            0.30278815087396777,
            0.3071924353635849
        ],
        "best_eff_err": [
            0.003305104447857534,
            0.0034454281106603354,
            0.0035204657466863416,
            0.0035805067401843173,
            0.0036356030542424402,
            0.003680067717072589,
            0.003721217625885047,
            0.0037538562779275307,
            0.0037854689593889547,
            0.003812900831115553
        ]
    }
}