{
    "M-1500": {
        "best_paths": [
            "HLT_AK8PFJet330_TrimMass30_PFAK8BoostedDoubleB_np4",
            "HLT_DoubleMediumChargedIsoPFTauHPS35_Trk1_eta2p1_Reg",
            "HLT_MonoCentralPFJet80_PFMETNoMu120_PFMHTNoMu120_IDTight",
            "HLT_MediumChargedIsoPFTau180HighPtRelaxedIso_Trk50_eta2p1",
            "HLT_AK8PFJet400_TrimMass30",
            "HLT_QuadPFJet103_88_75_15_DoublePFBTagDeepCSV_1p3_7p7_VBF1",
            "HLT_DiJet110_35_Mjj650_PFMET110",
            "HLT_VBF_DoubleMediumChargedIsoPFTauHPS20_Trk1_eta2p1",
            "HLT_Mu50",
            "HLT_Photon200"
        ],
        "best_eff": [
            0.7323241150311712,
            0.8548188893892722,
            0.9017457829882023,
            0.9304533041069828,
            0.9370613660909461,
            0.9423570983277414,
            0.9471292769481712,
            0.9507567615064936,
            0.9537371728740025,
            0.9560994605185158
        ],
        "best_eff_err": [
            0.011024861493893267,
            0.01191128262785092,
            0.012233860791817134,
            0.012427070598866363,
            0.01247112093768963,
            0.012506311092797612,
            0.012537937629107813,
            0.012561924697961708,
            0.012581598714120313,
            0.012597170600575457
        ]
    }
}