{
    "M-800": {
        "best_paths": [
            "HLT_DoubleMediumChargedIsoPFTauHPS35_Trk1_eta2p1_Reg",
            "HLT_AK8PFJet330_TrimMass30_PFAK8BoostedDoubleB_np4",
            "HLT_RsqMR300_Rsq0p09_MR200",
            "HLT_MediumChargedIsoPFTau180HighPtRelaxedIso_Trk50_eta2p1",
            "HLT_PFHT330PT30_QuadPFJet_75_60_45_40_TriplePFBTagDeepCSV_4p5",
            "HLT_PFMETNoMu120_PFMHTNoMu120_IDTight",
            "HLT_DoublePFJets116MaxDeta1p6_DoubleCaloBTagDeepCSV_p71",
            "HLT_HT650_DisplacedDijet60_Inclusive",
            "HLT_QuadPFJet103_88_75_15_DoublePFBTagDeepCSV_1p3_7p7_VBF1",
            "HLT_Mu50"
        ],
        "best_eff": [
            0.5476127205544435,
            0.6820984527581472,
            0.7436091609342292,
            0.7932114922954363,
            0.8118300523996488,
            0.8262525191815164,
            0.8363155684062294,
            0.845037234011492,
            0.852481645891485,
            0.8594819794668487
        ],
        "best_eff_err": [
            0.004740431877850858,
            0.005290596962121367,
            0.005523997988290828,
            0.005705262680499092,
            0.005771832350717582,
            0.005822876034448046,
            0.005858227548123261,
            0.005888695103868437,
            0.005914576653704929,
            0.005938811402627952
        ]
    }
}