{
    "M-280": {
        "best_paths": [
            "HLT_DoubleMediumChargedIsoPFTauHPS35_Trk1_eta2p1_Reg",
            "HLT_PFHT330PT30_QuadPFJet_75_60_45_40_TriplePFBTagDeepCSV_4p5",
            "HLT_AK8PFJet330_TrimMass30_PFAK8BoostedDoubleB_np4",
            "HLT_Diphoton30_18_R9IdL_AND_HE_AND_IsoCaloId_NoPixelVeto",
            "HLT_Photon35_TwoProngs35",
            "HLT_PFHT450_SixPFJet36_PFBTagDeepCSV_1p59",
            "HLT_QuadPFJet103_88_75_15_DoublePFBTagDeepCSV_1p3_7p7_VBF1",
            "HLT_Mu17_Photon30_IsoCaloId",
            "HLT_VBF_DoubleLooseChargedIsoPFTauHPS20_Trk1_eta2p1",
            "HLT_Mu12_DoublePhoton20"
        ],
        "best_eff": [
            0.14127838063091017,
            0.15512746711304876,
            0.12375691171985684,
            0.12805677091726844,
            0.13264312392472224,
            0.13632468620281438,
            0.139241701347698,
            0.14184728789545198,
            0.14403126551804904,
            0.14591182846329667
        ],
        "best_eff_err": [
            0.002500417105806489,
            0.0026201065808603807,
            0.0023402342917413998,
            0.0023805421768520493,
            0.0024227967251778683,
            0.002456189443871213,
            0.0024823285814789533,
            0.0025054464537879653,
            0.002524660559422589,
            0.0025410888881018867
        ]
    }
}