{
    "M-260": {
        "best_paths": [
            "HLT_DoubleMediumChargedIsoPFTauHPS35_Trk1_eta2p1_Reg",
            "HLT_PFHT330PT30_QuadPFJet_75_60_45_40_TriplePFBTagDeepCSV_4p5",
            "HLT_Diphoton30_18_R9IdL_AND_HE_AND_IsoCaloId_NoPixelVeto",
            "HLT_Photon35_TwoProngs35",
            "HLT_PFHT450_SixPFJet36_PFBTagDeepCSV_1p59",
            "HLT_QuadPFJet103_88_75_15_DoublePFBTagDeepCSV_1p3_7p7_VBF1",
            "HLT_AK8PFJet330_TrimMass30_PFAK8BoostedDoubleB_np4",
            "HLT_Mu17_Photon30_IsoCaloId",
            "HLT_VBF_DoubleLooseChargedIsoPFTauHPS20_Trk1_eta2p1",
            "HLT_Diphoton30PV_18PV_R9Id_AND_IsoCaloId_AND_HE_R9Id_PixelVeto_Mass55"
        ],
        "best_eff": [
            0.1319682980179629,
            0.14260937028434834,
            0.14949646340802542,
            0.15532500603492277,
            0.16065108809053583,
            0.1647219615247498,
            0.1683850987426192,
            0.17167857646293286,
            0.17365492137665092,
            0.17530513718481477
        ],
        "best_eff_err": [
            0.002504031035492548,
            0.002603028544535293,
            0.002665142033660147,
            0.0027165993287740437,
            0.0027627827463221036,
            0.002797568002904688,
            0.0028285035453250265,
            0.0028560312247207127,
            0.0028724233425164026,
            0.0028860391686853374
        ]
    }
}