{
    "M-2500": {
        "best_paths": [
            "HLT_AK8PFJet400_TrimMass30",
            "HLT_DoubleMediumChargedIsoPFTauHPS35_Trk1_eta2p1_Reg",
            "HLT_DiJet110_35_Mjj650_PFMET110",
            "HLT_MediumChargedIsoPFTau180HighPtRelaxedIso_Trk50_eta2p1",
            "HLT_AK8PFJet330_TrimMass30_PFAK8BoostedDoubleB_np2",
            "HLT_QuadPFJet103_88_75_15_DoublePFBTagDeepCSV_1p3_7p7_VBF1",
            "HLT_Ele115_CaloIdVT_GsfTrkIdT",
            "HLT_Mu17_Photon30_IsoCaloId",
            "HLT_HT650_DisplacedDijet60_Inclusive",
            "HLT_Mu50"
        ],
        "best_eff": [
            0.8286387798215746,
            0.8876217485241522,
            0.9282323415904703,
            0.949907207800554,
            0.9597448604398239,
            0.9656474520233858,
            0.9701107148298489,
            0.9722754662703174,
            0.9738673893301686,
            0.9753059983229143
        ],
        "best_eff_err": [
            0.02441603995462575,
            0.025270077117005203,
            0.025841692117660086,
            0.026141661776406894,
            0.026276680314947967,
            0.02635735944929094,
            0.026418201634014205,
            0.026447660628351584,
            0.026469303373924308,
            0.02648884655093949
        ]
    }
}