{
    "M-450": {
        "best_paths": [
            "HLT_DoubleMediumChargedIsoPFTauHPS35_Trk1_eta2p1_Reg",
            "HLT_PFHT330PT30_QuadPFJet_75_60_45_40_TriplePFBTagDeepCSV_4p5",
            "HLT_QuadPFJet103_88_75_15_DoublePFBTagDeepCSV_1p3_7p7_VBF1",
            "HLT_PFMETNoMu120_PFMHTNoMu120_IDTight",
            "HLT_PFHT450_SixPFJet36_PFBTagDeepCSV_1p59",
            "HLT_MediumChargedIsoPFTau180HighPtRelaxedIso_Trk50_eta2p1",
            "HLT_Photon35_TwoProngs35",
            "HLT_VBF_DoubleLooseChargedIsoPFTauHPS20_Trk1_eta2p1",
            "HLT_Mu50",
            "HLT_MediumChargedIsoPFTau50_Trk30_eta2p1_1pr_MET100"
        ],
        "best_eff": [
            0.34150343488818186,
            0.3711309017849148,
            0.38966426198839776,
            0.40434562117261297,
            0.414949998129785,
            0.4239504410869453,
            0.4326772350916005,
            0.43994956342881336,
            0.4468782153016353,
            0.4517764883941692
        ],
        "best_eff_err": [
            0.0035790475274306882,
            0.003731070763091221,
            0.0038230961066294225,
            0.0038944514995174237,
            0.003945188976320609,
            0.0039877458632701195,
            0.004028579610651235,
            0.0040622942024338025,
            0.0040941572520742904,
            0.004116534316445809
        ]
    }
}