{
    "M-340": {
        "best_paths": [
            "HLT_DoubleMediumChargedIsoPFTauHPS35_Trk1_eta2p1_Reg",
            "HLT_PFHT330PT30_QuadPFJet_75_60_45_40_TriplePFBTagDeepCSV_4p5",
            "HLT_PFHT450_SixPFJet36_PFBTagDeepCSV_1p59",
            "HLT_QuadPFJet103_88_75_15_DoublePFBTagDeepCSV_1p3_7p7_VBF1",
            "HLT_Photon35_TwoProngs35",
            "HLT_AK8PFJet330_TrimMass30_PFAK8BoostedDoubleB_np4",
            "HLT_Diphoton30_18_R9IdL_AND_HE_AND_IsoCaloId_NoPixelVeto",
            "HLT_VBF_DoubleLooseChargedIsoPFTauHPS20_Trk1_eta2p1",
            "HLT_Mu17_Photon30_IsoCaloId",
            "HLT_PFMETNoMu120_PFMHTNoMu120_IDTight"
        ],
        "best_eff": [
            0.22036962907036658,
            0.2391337757040791,
            0.2498692405866723,
            0.25845207653044966,
            0.266623338017519,
            0.27364297217386163,
            0.2798918171961087,
            0.28539630715183323,
            0.2895827351054759,
            0.2932997868809627
        ],
        "best_eff_err": [
            0.0032690458303038317,
            0.0034053801436694222,
            0.0034809800742913923,
            0.003540259947945584,
            0.0035957891657371023,
            0.0036428164436604115,
            0.003684174903063423,
            0.0037202259134740067,
            0.003747412246529323,
            0.003771386243313516
        ]
    }
}