{
    "M-270": {
        "best_paths": [
            "HLT_DoubleMediumChargedIsoPFTauHPS35_Trk1_eta2p1_Reg",
            "HLT_PFHT330PT30_QuadPFJet_75_60_45_40_TriplePFBTagDeepCSV_4p5",
            "HLT_Photon35_TwoProngs35",
            "HLT_AK8PFJet330_TrimMass30_PFAK8BoostedDoubleB_np4",
            "HLT_Diphoton30_18_R9IdL_AND_HE_AND_IsoCaloId_NoPixelVeto",
            "HLT_PFHT400_SixPFJet32_DoublePFBTagDeepCSV_2p94",
            "HLT_QuadPFJet103_88_75_15_DoublePFBTagDeepCSV_1p3_7p7_VBF1",
            "HLT_Mu17_Photon30_IsoCaloId",
            "HLT_VBF_DoubleLooseChargedIsoPFTauHPS20_Trk1_eta2p1",
            "HLT_Mu12_DoublePhoton20"
        ],
        "best_eff": [
            0.13420067932170882,
            0.14646609125837465,
            0.15343581439920426,
            0.1594723247606718,
            0.16527584697107187,
            0.17021801428911462,
            0.17385944286416058,
            0.17715536001778776,
            0.1801016520727748,
            0.18210759797733442
        ],
        "best_eff_err": [
            0.0024556887195534365,
            0.0025654556071566473,
            0.0026257860065866524,
            0.0026769398991946113,
            0.0027252142668044,
            0.0027656595515302583,
            0.0027950855173905506,
            0.002821454860888199,
            0.002844820091208308,
            0.002860618817450733
        ]
    }
}