{
    "M-850": {
        "best_paths": [
            "HLT_DoubleMediumChargedIsoPFTauHPS35_Trk1_eta2p1_Reg",
            "HLT_AK8PFJet330_TrimMass30_PFAK8BoostedDoubleB_np4",
            "HLT_PFMETNoMu120_PFMHTNoMu120_IDTight",
            "HLT_MediumChargedIsoPFTau180HighPtRelaxedIso_Trk50_eta2p1",
            "HLT_PFHT330PT30_QuadPFJet_75_60_45_40_TriplePFBTagDeepCSV_4p5",
            "HLT_RsqMR300_Rsq0p09_MR200",
            "HLT_QuadPFJet103_88_75_15_DoublePFBTagDeepCSV_1p3_7p7_VBF1",
            "HLT_Mu50",
            "HLT_HT650_DisplacedDijet60_Inclusive",
            "HLT_MediumChargedIsoPFTau50_Trk30_eta2p1_1pr_MET100"
        ],
        "best_eff": [
            0.5658590346735327,
            0.7322969319965087,
            0.7869612732246521,
            0.8326429889523782,
            0.8468316215882727,
            0.8596516008311096,
            0.8672235155706781,
            0.8734077372943325,
            0.8792555306025784,
            0.8837197859606306
        ],
        "best_eff_err": [
            0.004730857044148382,
            0.005381821694011621,
            0.005579077292713121,
            0.00573872101743641,
            0.005787409741940855,
            0.00583105228753907,
            0.00585667629150782,
            0.005877521346663928,
            0.005897164629761741,
            0.005912116549620377
        ]
    }
}