{
    "M-3000": {
        "best_paths": [
            " HLT_IsoMu24 == 1  ||  HLT_IsoMu27 == 1  ||  HLT_IsoMu20_eta2p1_LooseChargedIsoPFTau27_eta2p1_CrossL1 == 1 "
        ],
        "best_eff": [
            0.2821576763485477
        ],
        "best_eff_err": [
            0.03421664419599718
        ]
    }
}