{
    "M-350": {
        "best_paths": [
            " HLT_IsoMu24 == 1  ||  HLT_IsoMu27 == 1  ||  HLT_IsoMu20_eta2p1_LooseChargedIsoPFTau27_eta2p1_CrossL1 == 1 "
        ],
        "best_eff": [
            0.701195219123506
        ],
        "best_eff_err": [
            0.05285457833235697
        ]
    }
}