{
    "M-650": {
        "best_paths": [
            " HLT_IsoMu24 == 1  ||  HLT_IsoMu27 == 1  ||  HLT_IsoMu20_eta2p1_LooseChargedIsoPFTau27_eta2p1_CrossL1 == 1 "
        ],
        "best_eff": [
            0.7949308755760369
        ],
        "best_eff_err": [
            0.042797639679738965
        ]
    }
}