{
    "M-250": {
        "best_paths": [
            " HLT_IsoMu24 == 1  ||  HLT_IsoMu27 == 1  ||  HLT_IsoMu20_eta2p1_LooseChargedIsoPFTau27_eta2p1_CrossL1 == 1 "
        ],
        "best_eff": [
            0.6415094339622641
        ],
        "best_eff_err": [
            0.06351889898340929
        ]
    }
}