{
    "M-1750": {
        "best_paths": [
            " HLT_DoubleTightChargedIsoPFTau35_Trk1_TightID_eta2p1_Reg == 1  ||  HLT_DoubleMediumChargedIsoPFTau40_Trk1_TightID_eta2p1_Reg == 1  ||  HLT_DoubleTightChargedIsoPFTau40_Trk1_eta2p1_Reg == 1 ",
            "HLT_AK8PFJet400_TrimMass30",
            "HLT_PFHT500_PFMET100_PFMHT100_IDTight",
            "HLT_MediumChargedIsoPFTau180HighPtRelaxedIso_Trk50_eta2p1",
            "HLT_MediumChargedIsoPFTau50_Trk30_eta2p1_1pr_MET90",
            "HLT_PFMETTypeOne120_PFMHT120_IDTight",
            "HLT_AK8PFJet360_TrimMass30",
            "HLT_AK8PFJet500",
            "HLT_PFHT380_SixPFJet32_DoublePFBTagCSV_2p2",
            "HLT_HT650_DisplacedDijet60_Inclusive"
        ],
        "best_eff": [
            0.47703669513039465,
            0.8357718380099728,
            0.896494649064331,
            0.9293116247636977,
            0.9372111620896867,
            0.9417520098857269,
            0.9459971792208153,
            0.9497233278527444,
            0.9533351385905282,
            0.9557055109198243
        ],
        "best_eff_err": [
            0.010492562124781266,
            0.013888313845962511,
            0.014383994434223052,
            0.014644897634219046,
            0.014707009794929993,
            0.01474259494370193,
            0.014775785444430424,
            0.014804856706604856,
            0.01483298152795523,
            0.014851410441051774
        ]
    }
}