{
    "M-750": {
        "best_paths": [
            " HLT_DoubleTightChargedIsoPFTau35_Trk1_TightID_eta2p1_Reg == 1  ||  HLT_DoubleMediumChargedIsoPFTau40_Trk1_TightID_eta2p1_Reg == 1  ||  HLT_DoubleTightChargedIsoPFTau40_Trk1_eta2p1_Reg == 1 ",
            "HLT_PFMETTypeOne120_PFMHT120_IDTight",
            "HLT_MediumChargedIsoPFTau180HighPtRelaxedIso_Trk50_eta2p1",
            "HLT_RsqMR300_Rsq0p09_MR200",
            "HLT_PFHT300PT30_QuadPFJet_75_60_45_40_TriplePFBTagCSV_3p0",
            "HLT_AK8PFJet360_TrimMass30",
            "HLT_MediumChargedIsoPFTau50_Trk30_eta2p1_1pr_MET90",
            "HLT_HT650_DisplacedDijet60_Inclusive",
            "HLT_Mu50",
            "HLT_DoublePFJets100MaxDeta1p6_DoubleCaloBTagCSV_p33"
        ],
        "best_eff": [
            0.5558821094461462,
            0.6381928722892204,
            0.7111326321744152,
            0.7365110555020876,
            0.7557736870869762,
            0.7714814436341763,
            0.7854680144694176,
            0.7958618436830762,
            0.8040971082108583,
            0.8114588105776772
        ],
        "best_eff_err": [
            0.004796902154610493,
            0.005139791315623666,
            0.005425563058808612,
            0.00552152631956756,
            0.005593264990862564,
            0.005651090387660427,
            0.00570208600887541,
            0.005739688896764054,
            0.005769308489685927,
            0.0057956580212317295
        ]
    }
}