{
    "M-1250": {
        "best_paths": [
            " HLT_DoubleTightChargedIsoPFTau35_Trk1_TightID_eta2p1_Reg == 1  ||  HLT_DoubleMediumChargedIsoPFTau40_Trk1_TightID_eta2p1_Reg == 1  ||  HLT_DoubleTightChargedIsoPFTau40_Trk1_eta2p1_Reg == 1 ",
            "HLT_AK8PFJet400_TrimMass30",
            "HLT_MediumChargedIsoPFTau180HighPtRelaxedIso_Trk50_eta2p1",
            "HLT_PFMETTypeOne120_PFMHT120_IDTight",
            "HLT_MediumChargedIsoPFTau50_Trk30_eta2p1_1pr_MET90",
            "HLT_AK8PFJet360_TrimMass30",
            "HLT_Photon200",
            "HLT_PFHT500_PFMET100_PFMHT100_IDTight",
            "HLT_Mu50",
            "HLT_HT650_DisplacedDijet60_Inclusive"
        ],
        "best_eff": [
            0.5491931869116988,
            0.807838950085583,
            0.8630374842434757,
            0.9027777927643478,
            0.9124563235211463,
            0.9212355898102508,
            0.9267930312722751,
            0.9316804214350005,
            0.935211172848477,
            0.9383437348328769
        ],
        "best_eff_err": [
            0.00784481650523852,
            0.00951442645968447,
            0.009834109700864482,
            0.010057977341324876,
            0.010111748559638053,
            0.010160277577598974,
            0.010190877918353313,
            0.010217713093010384,
            0.010237055610892744,
            0.01025418618167319
        ]
    }
}