{
    "M-270": {
        "best_paths": [
            " HLT_DoubleTightChargedIsoPFTau35_Trk1_TightID_eta2p1_Reg == 1  ||  HLT_DoubleMediumChargedIsoPFTau40_Trk1_TightID_eta2p1_Reg == 1  ||  HLT_DoubleTightChargedIsoPFTau40_Trk1_eta2p1_Reg == 1 ",
            "HLT_PFHT380_SixPFJet32_DoublePFBTagCSV_2p2",
            "HLT_PFHT300PT30_QuadPFJet_75_60_45_40_TriplePFBTagCSV_3p0",
            "HLT_Diphoton30PV_18PV_R9Id_AND_IsoCaloId_AND_HE_R9Id_PixelVeto_Mass55",
            "HLT_DoubleMediumChargedIsoPFTau35_Trk1_eta2p1_Reg",
            "HLT_AK8PFJet360_TrimMass30",
            "HLT_VBF_DoubleLooseChargedIsoPFTau20_Trk1_eta2p1_Reg",
            "HLT_Mu12_DoublePFJets40MaxDeta1p6_DoubleCaloBTagCSV_p33",
            "HLT_PFMETTypeOne120_PFMHT120_IDTight",
            "HLT_Mu17_Photon30_IsoCaloId"
        ],
        "best_eff": [
            0.15145571827057183,
            0.16337033829704192,
            0.17112062511037682,
            0.17641240628560065,
            0.18147522402978547,
            0.18500866443338262,
            0.18779825357097185,
            0.19054555935545223,
            0.192983053018196,
            0.19497561668790264
        ],
        "best_eff_err": [
            0.002569261271476551,
            0.002668406790625188,
            0.0027309680043646986,
            0.002772873101872226,
            0.002812380665605508,
            0.0028396281121411816,
            0.0028609561909420005,
            0.002881806715241982,
            0.0029001804413681907,
            0.0029151142762113
        ]
    }
}