{
    "M-250": {
        "best_paths": [
            " HLT_DoubleTightChargedIsoPFTau35_Trk1_TightID_eta2p1_Reg == 1  ||  HLT_DoubleMediumChargedIsoPFTau40_Trk1_TightID_eta2p1_Reg == 1  ||  HLT_DoubleTightChargedIsoPFTau40_Trk1_eta2p1_Reg == 1 ",
            "HLT_PFHT300PT30_QuadPFJet_75_60_45_40_TriplePFBTagCSV_3p0",
            "HLT_DoubleMediumChargedIsoPFTau35_Trk1_eta2p1_Reg",
            "HLT_PFHT380_SixPFJet32_DoublePFBTagCSV_2p2",
            "HLT_Diphoton30PV_18PV_R9Id_AND_IsoCaloId_AND_HE_R9Id_PixelVeto_Mass55",
            "HLT_Mu12_DoublePFJets40MaxDeta1p6_DoubleCaloBTagCSV_p33",
            "HLT_VBF_DoubleLooseChargedIsoPFTau20_Trk1_eta2p1_Reg",
            "HLT_AK8PFJet360_TrimMass30",
            "HLT_Mu8_TrkIsoVVL_Ele23_CaloIdL_TrackIdL_IsoVL_DZ",
            "HLT_Mu12_DoublePhoton20"
        ],
        "best_eff": [
            0.15066324347454002,
            0.15990005251394251,
            0.16605757497658008,
            0.17185027077952303,
            0.17667346197044229,
            0.17932412846899848,
            0.18178340441112312,
            0.18386883011295913,
            0.18591583349103338,
            0.187592612542482
        ],
        "best_eff_err": [
            0.002539067813289995,
            0.002615742248430515,
            0.0026656307490718015,
            0.00271172568186876,
            0.002749516330208481,
            0.0027700653076572555,
            0.002788995156721466,
            0.0028049472623841772,
            0.0028205177215973698,
            0.002833208327750206
        ]
    }
}