{
    "M-2500": {
        "best_paths": [
            " HLT_DoubleTightChargedIsoPFTau35_Trk1_TightID_eta2p1_Reg == 1  ||  HLT_DoubleMediumChargedIsoPFTau40_Trk1_TightID_eta2p1_Reg == 1  ||  HLT_DoubleTightChargedIsoPFTau40_Trk1_eta2p1_Reg == 1 ",
            "HLT_AK8PFJet500",
            "HLT_AK8PFJet380_TrimMass30",
            "HLT_PFMETTypeOne120_PFMHT120_IDTight",
            "HLT_MediumChargedIsoPFTau180HighPtRelaxedIso_Trk50_eta2p1",
            "HLT_PFHT500_PFMET100_PFMHT100_IDTight",
            "HLT_HT650_DisplacedDijet60_Inclusive",
            "HLT_Photon200",
            "HLT_PFHT300PT30_QuadPFJet_75_60_45_40_TriplePFBTagCSV_3p0",
            "HLT_DiJet110_35_Mjj650_PFMET110"
        ],
        "best_eff": [
            0.38136986301369863,
            0.8471232876712329,
            0.8994239584226477,
            0.9298355768660015,
            0.9494467125266286,
            0.9538986024363381,
            0.9578754921811621,
            0.9612229176697159,
            0.9639385045607136,
            0.965611623719669
        ],
        "best_eff_err": [
            0.014455787351531966,
            0.02154477068639726,
            0.022199888416634884,
            0.022572083338228795,
            0.022808874895250617,
            0.022862286974809444,
            0.02290989487943884,
            0.02294989083054843,
            0.022982286264666446,
            0.02300222292676126
        ]
    }
}