{
    "M-600": {
        "best_paths": [
            " HLT_DoubleTightChargedIsoPFTau35_Trk1_TightID_eta2p1_Reg == 1  ||  HLT_DoubleMediumChargedIsoPFTau40_Trk1_TightID_eta2p1_Reg == 1  ||  HLT_DoubleTightChargedIsoPFTau40_Trk1_eta2p1_Reg == 1 ",
            "HLT_PFMETTypeOne120_PFMHT120_IDTight",
            "HLT_MediumChargedIsoPFTau180HighPtRelaxedIso_Trk50_eta2p1",
            "HLT_PFHT300PT30_QuadPFJet_75_60_45_40_TriplePFBTagCSV_3p0",
            "HLT_MediumChargedIsoPFTau50_Trk30_eta2p1_1pr_MET90",
            "HLT_DoublePFJets100MaxDeta1p6_DoubleCaloBTagCSV_p33",
            "HLT_PFHT380_SixPFJet32_DoublePFBTagCSV_2p2",
            "HLT_RsqMR300_Rsq0p09_MR200",
            "HLT_Mu50",
            "HLT_VBF_DoubleLooseChargedIsoPFTau20_Trk1_eta2p1_Reg"
        ],
        "best_eff": [
            0.485343059038067,
            0.5320306780252804,
            0.571812426942261,
            0.5991980727406463,
            0.6176072145577535,
            0.6326029799384469,
            0.644725174468862,
            0.6553405342896869,
            0.6637805141443781,
            0.6710157373972157
        ],
        "best_eff_err": [
            0.004703873048523407,
            0.004924923833675771,
            0.0051057315346445895,
            0.005226565345276062,
            0.005306245764212542,
            0.005370278360683994,
            0.0054214879247665,
            0.005465937935516301,
            0.005501022613117783,
            0.005530921996028805
        ]
    }
}