{
    "M-3000": {
        "best_paths": [
            " HLT_DoubleTightChargedIsoPFTau35_Trk1_TightID_eta2p1_Reg == 1  ||  HLT_DoubleMediumChargedIsoPFTau40_Trk1_TightID_eta2p1_Reg == 1  ||  HLT_DoubleTightChargedIsoPFTau40_Trk1_eta2p1_Reg == 1 ",
            "HLT_AK8PFJet500",
            "HLT_AK8PFJet360_TrimMass30",
            "HLT_PFMETTypeOne120_PFMHT120_IDTight",
            "HLT_MediumChargedIsoPFTau180HighPtRelaxedIso_Trk50_eta2p1",
            "HLT_PFHT700_PFMET85_PFMHT85_IDTight",
            "HLT_BTagMu_AK8Jet300_Mu5",
            "HLT_PFHT300PT30_QuadPFJet_75_60_45_40_TriplePFBTagCSV_3p0",
            "HLT_AK8PFJet400_TrimMass30",
            "HLT_PFHT430_SixPFJet40_PFBTagCSV_1p5"
        ],
        "best_eff": [
            0.3313356164383562,
            0.8613013698630136,
            0.9184628118796235,
            0.9467389081987332,
            0.9635767390401067,
            0.9693240052499327,
            0.9733970723052879,
            0.9764268307160621,
            0.9790392244478002,
            0.9804426002994305
        ],
        "best_eff_err": [
            0.016842735935707193,
            0.02715539645060566,
            0.028042024662231716,
            0.028470408035920245,
            0.028722466551370757,
            0.028807996970048304,
            0.028868458642105677,
            0.0289133511653884,
            0.028952003628108725,
            0.028972746409392004
        ]
    }
}