{
    "M-300": {
        "best_paths": [
            " HLT_DoubleTightChargedIsoPFTau35_Trk1_TightID_eta2p1_Reg == 1  ||  HLT_DoubleMediumChargedIsoPFTau40_Trk1_TightID_eta2p1_Reg == 1  ||  HLT_DoubleTightChargedIsoPFTau40_Trk1_eta2p1_Reg == 1 ",
            "HLT_PFHT300PT30_QuadPFJet_75_60_45_40_TriplePFBTagCSV_3p0",
            "HLT_PFHT380_SixPFJet32_DoublePFBTagCSV_2p2",
            "HLT_DoubleMediumChargedIsoPFTau35_Trk1_eta2p1_Reg",
            "HLT_VBF_DoubleLooseChargedIsoPFTau20_Trk1_eta2p1_Reg",
            "HLT_Diphoton30PV_18PV_R9Id_AND_IsoCaloId_AND_HE_R9Id_PixelVeto_Mass55",
            "HLT_Mu12_DoublePFJets40MaxDeta1p6_DoubleCaloBTagCSV_p33",
            "HLT_PFMETTypeOne120_PFMHT120_IDTight",
            "HLT_MediumChargedIsoPFTau50_Trk30_eta2p1_1pr_MET90",
            "HLT_Mu17_Photon30_IsoCaloId"
        ],
        "best_eff": [
            0.18201731511421718,
            0.1972896740334903,
            0.20614856500781184,
            0.21166430437943973,
            0.21629674100786025,
            0.22082200791672327,
            0.22491949609469924,
            0.22894495556303932,
            0.23213172062098203,
            0.23472043520745256
        ],
        "best_eff_err": [
            0.003081058827107944,
            0.0032077153036312975,
            0.0032789424669018383,
            0.0033225188251470826,
            0.003358679986402674,
            0.0033936325425069644,
            0.003424973293602603,
            0.00345548632002613,
            0.003479452273048526,
            0.00349879977042071
        ]
    }
}