{
    "M-850": {
        "best_paths": [
            " HLT_DoubleTightChargedIsoPFTau35_Trk1_TightID_eta2p1_Reg == 1  ||  HLT_DoubleMediumChargedIsoPFTau40_Trk1_TightID_eta2p1_Reg == 1  ||  HLT_DoubleTightChargedIsoPFTau40_Trk1_eta2p1_Reg == 1 ",
            "HLT_PFHT500_PFMET100_PFMHT100_IDTight",
            "HLT_MediumChargedIsoPFTau180HighPtRelaxedIso_Trk50_eta2p1",
            "HLT_AK8PFJet360_TrimMass30",
            "HLT_PFMETTypeOne120_PFMHT120_IDTight",
            "HLT_PFHT300PT30_QuadPFJet_75_60_45_40_TriplePFBTagCSV_3p0",
            "HLT_HT650_DisplacedDijet60_Inclusive",
            "HLT_MediumChargedIsoPFTau50_Trk30_eta2p1_1pr_MET90",
            "HLT_Mu50",
            "HLT_Photon200"
        ],
        "best_eff": [
            0.590317627091247,
            0.6937282793178695,
            0.7747514749858563,
            0.8068796303131154,
            0.8297145896871587,
            0.8418651943806819,
            0.8518705074855706,
            0.8610367613236521,
            0.868825106121044,
            0.8742716028552587
        ],
        "best_eff_err": [
            0.004884165498985898,
            0.005294710206175152,
            0.005595368602819357,
            0.0057102072568686315,
            0.0057904439098156535,
            0.005832688363980075,
            0.005867245859086515,
            0.005898727619259293,
            0.0059253454742975034,
            0.0059438888814450095
        ]
    }
}