{
    "M-260": {
        "best_paths": [
            " HLT_DoubleTightChargedIsoPFTau35_Trk1_TightID_eta2p1_Reg == 1  ||  HLT_DoubleMediumChargedIsoPFTau40_Trk1_TightID_eta2p1_Reg == 1  ||  HLT_DoubleTightChargedIsoPFTau40_Trk1_eta2p1_Reg == 1 ",
            "HLT_PFHT380_SixPFJet32_DoublePFBTagCSV_2p2",
            "HLT_PFHT300PT30_QuadPFJet_75_60_45_40_TriplePFBTagCSV_3p0",
            "HLT_DoubleMediumChargedIsoPFTau35_Trk1_eta2p1_Reg",
            "HLT_Diphoton30PV_18PV_R9Id_AND_IsoCaloId_AND_HE_R9Id_PixelVeto_Mass55",
            "HLT_VBF_DoubleLooseChargedIsoPFTau20_Trk1_eta2p1_Reg",
            "HLT_Mu12_DoublePFJets40MaxDeta1p6_DoubleCaloBTagCSV_p33",
            "HLT_Mu17_Photon30_IsoCaloId",
            "HLT_AK8PFJet400_TrimMass30",
            "HLT_Mu8_TrkIsoVVL_Ele23_CaloIdL_TrackIdL_IsoVL_DZ"
        ],
        "best_eff": [
            0.1488330085088178,
            0.15926239411867762,
            0.16527611243404036,
            0.17116873819012735,
            0.176309904654071,
            0.17969387066722745,
            0.18232323389865154,
            0.18483792423870352,
            0.18712182694546656,
            0.18883965455090365
        ],
        "best_eff_err": [
            0.0026598535596402116,
            0.00275146958549618,
            0.002802935738438651,
            0.0028524649791365573,
            0.0028949858931408587,
            0.0029226359923950084,
            0.002943941015169341,
            0.0029641736197184763,
            0.002982430424444613,
            0.0029960888969724777
        ]
    }
}