{
    "M-400": {
        "best_paths": [
            " HLT_DoubleTightChargedIsoPFTau35_Trk1_TightID_eta2p1_Reg == 1  ||  HLT_DoubleMediumChargedIsoPFTau40_Trk1_TightID_eta2p1_Reg == 1  ||  HLT_DoubleTightChargedIsoPFTau40_Trk1_eta2p1_Reg == 1 ",
            "HLT_PFHT300PT30_QuadPFJet_75_60_45_40_TriplePFBTagCSV_3p0",
            "HLT_PFHT380_SixPFJet32_DoublePFBTagCSV_2p2",
            "HLT_MediumChargedIsoPFTau50_Trk30_eta2p1_1pr_MET90",
            "HLT_PFMETTypeOne120_PFMHT120_IDTight",
            "HLT_VBF_DoubleLooseChargedIsoPFTau20_Trk1_eta2p1_Reg",
            "HLT_Mu12_DoublePFJets40MaxDeta1p6_DoubleCaloBTagCSV_p33",
            "HLT_DoubleMediumChargedIsoPFTau35_Trk1_eta2p1_Reg",
            "HLT_Diphoton30PV_18PV_R9Id_AND_IsoCaloId_AND_HE_R9Id_PixelVeto_Mass55",
            "HLT_MediumChargedIsoPFTau180HighPtRelaxedIso_Trk50_eta2p1"
        ],
        "best_eff": [
            0.3056312258589144,
            0.33052267141755753,
            0.34501870112873256,
            0.3565359400037068,
            0.3641410200080108,
            0.3709389461221831,
            0.37696481752587657,
            0.3826215602730668,
            0.3881908207215042,
            0.3932272104273236
        ],
        "best_eff_err": [
            0.003525132521613126,
            0.0036658712985064208,
            0.0037453973984397947,
            0.0038073977060826287,
            0.0038477902403862164,
            0.0038835401854118894,
            0.003914956997382604,
            0.003944221587410926,
            0.003972823008376476,
            0.003998511668765016
        ]
    }
}