{
    "M-1000": {
        "best_paths": [
            " HLT_DoubleTightChargedIsoPFTau35_Trk1_TightID_eta2p1_Reg == 1  ||  HLT_DoubleMediumChargedIsoPFTau40_Trk1_TightID_eta2p1_Reg == 1  ||  HLT_DoubleTightChargedIsoPFTau40_Trk1_eta2p1_Reg == 1 ",
            "HLT_AK8PFJet400_TrimMass30",
            "HLT_MediumChargedIsoPFTau180HighPtRelaxedIso_Trk50_eta2p1",
            "HLT_MonoCentralPFJet80_PFMETNoMu120_PFMHTNoMu120_IDTight",
            "HLT_AK8PFJet360_TrimMass30",
            "HLT_MediumChargedIsoPFTau50_Trk30_eta2p1_1pr_MET90",
            "HLT_PFHT300PT30_QuadPFJet_75_60_45_40_TriplePFBTagCSV_3p0",
            "HLT_PFHT500_PFMET100_PFMHT100_IDTight",
            "HLT_HT650_DisplacedDijet60_Inclusive",
            "HLT_Photon200"
        ],
        "best_eff": [
            0.5927416234620444,
            0.762108002322308,
            0.8222097024370151,
            0.872994356298242,
            0.8854884553600868,
            0.8958519762493967,
            0.9027230694334226,
            0.9087706857897129,
            0.9140814835592973,
            0.9186387160184613
        ],
        "best_eff_err": [
            0.006772531606296082,
            0.007679387610126985,
            0.007976449620239863,
            0.00821909586377603,
            0.008277701846365051,
            0.008326000945665669,
            0.008357869743334984,
            0.008385818966886473,
            0.00841028636735271,
            0.00843122540725061
        ]
    }
}