{
    "M-3000": {
        "best_paths": [
            "HLT_PFMETTypeOne140_PFMHT140_IDTight",
            "HLT_AK8PFJet330_TrimMass30_PFAK8BoostedDoubleB_np2",
            "HLT_AK8PFJet400_TrimMass30",
            "HLT_DoubleMediumChargedIsoPFTauHPS35_Trk1_eta2p1_Reg",
            "HLT_AK8PFHT750_TrimMass50",
            "HLT_AK8PFHT800_TrimMass50",
            "HLT_AK8PFHT850_TrimMass50",
            "HLT_AK8PFHT900_TrimMass50",
            "HLT_AK8PFJet140",
            "HLT_AK8PFJet200"
        ],
        "best_eff": [
            0.8887406666296118,
            0.9900320530635695,
            0.9973829507346275,
            0.9998332499583135,
            0.9998332499583135,
            0.9998332499583135,
            0.9998332499583135,
            0.9998332499583135,
            0.9998332499583135,
            0.9998332499583135
        ],
        "best_eff_err": [
            0.1571217385968964,
            0.16583392404112293,
            0.16644843635447815,
            0.16665277025052833,
            0.16665277025052833,
            0.16665277025052833,
            0.16665277025052833,
            0.16665277025052833,
            0.16665277025052833,
            0.16665277025052833
        ]
    }
}