{
    "M-260": {
        "best_paths": [
            "HLT_Ele32_WPTight_Gsf",
            "HLT_Ele24_eta2p1_WPTight_Gsf_LooseChargedIsoPFTauHPS30_eta2p1_CrossL1",
            "HLT_Ele28_eta2p1_WPTight_Gsf_HT150",
            "HLT_Diphoton30_18_R9IdL_AND_HE_AND_IsoCaloId_NoPixelVeto",
            "HLT_DiMu9_Ele9_CaloIdL_TrackIdL_DZ",
            "HLT_DoubleEle8_CaloIdM_TrackIdM_Mass8_DZ_PFHT350",
            "HLT_Mu8_TrkIsoVVL_Ele23_CaloIdL_TrackIdL_IsoVL_DZ",
            "HLT_DoubleMediumChargedIsoPFTauHPS35_Trk1_eta2p1_Reg",
            "HLT_Ele28_WPTight_Gsf",
            "HLT_Ele30_eta2p1_WPTight_Gsf_CentralPFJet35_EleCleaned"
        ],
        "best_eff": [
            0.47742095425937403,
            0.5599792196090352,
            0.5796106569493269,
            0.5960362871818606,
            0.6050437939382419,
            0.6140513006946231,
            0.6230588074510043,
            0.6310267553889372,
            0.6381489909503925,
            0.6408119590710893
        ],
        "best_eff_err": [
            0.06558269343365199,
            0.07102716265145069,
            0.07226145328025252,
            0.07327821150190324,
            0.07382983807671945,
            0.07437737357524504,
            0.07492090769250269,
            0.07539844643110798,
            0.07582275389724442,
            0.0759807917328594
        ]
    }
}