{
    "M-2000": {
        "best_paths": [
            "HLT_AK8PFJet400_TrimMass30",
            "HLT_Ele28_eta2p1_WPTight_Gsf_HT150",
            "HLT_MediumChargedIsoPFTau50_Trk30_eta2p1_1pr_MET100",
            "HLT_DoubleMediumChargedIsoPFTauHPS35_Trk1_eta2p1_Reg",
            "HLT_AK8PFHT750_TrimMass50",
            "HLT_AK8PFHT800_TrimMass50",
            "HLT_AK8PFHT850_TrimMass50",
            "HLT_AK8PFHT900_TrimMass50",
            "HLT_AK8PFJet140",
            "HLT_AK8PFJet200"
        ],
        "best_eff": [
            0.8404395434432202,
            0.9563622390905611,
            0.9853429130023962,
            0.9998332499583138,
            0.9998332499583138,
            0.9998332499583138,
            0.9998332499583138,
            0.9998332499583138,
            0.9998332499583138,
            0.9998332499583138
        ],
        "best_eff_err": [
            0.1103643204949296,
            0.1177298700655883,
            0.1195003433990819,
            0.12037581549429932,
            0.12037581549429932,
            0.12037581549429932,
            0.12037581549429932,
            0.12037581549429932,
            0.12037581549429932,
            0.12037581549429932
        ]
    }
}