{
    "M-400": {
        "best_paths": [
            "HLT_Ele28_eta2p1_WPTight_Gsf_HT150",
            "HLT_DoubleMediumChargedIsoPFTauHPS35_Trk1_eta2p1_Reg",
            "HLT_Photon35_TwoProngs35",
            "HLT_MediumChargedIsoPFTau50_Trk30_eta2p1_1pr_MET100",
            "HLT_Diphoton30_22_R9Id_OR_IsoCaloId_AND_HE_R9Id_Mass90",
            "HLT_Ele24_eta2p1_WPTight_Gsf_LooseChargedIsoPFTauHPS30_eta2p1_CrossL1",
            "HLT_Ele32_WPTight_Gsf",
            "HLT_Diphoton30_18_R9IdL_AND_HE_AND_IsoCaloId_NoPixelVeto",
            "HLT_Mu8_TrkIsoVVL_Ele23_CaloIdL_TrackIdL_IsoVL_DZ",
            "HLT_Ele115_CaloIdVT_GsfTrkIdT"
        ],
        "best_eff": [
            0.5213416231925494,
            0.6141832821172499,
            0.6544700921889525,
            0.678000905214513,
            0.6943900521689426,
            0.709497605945831,
            0.7237809380880926,
            0.7332440029538589,
            0.7424914838371578,
            0.7496331499082886
        ],
        "best_eff_err": [
            0.06102350970805955,
            0.0662346091080384,
            0.06837240944107668,
            0.0695906862207515,
            0.07042676298158163,
            0.07118876345653309,
            0.07190176523206072,
            0.07237027818072925,
            0.07282520579330237,
            0.07317460283011393
        ]
    }
}