{
    "M-1750": {
        "best_paths": [
            "HLT_AK8PFJet400_TrimMass30",
            "HLT_Ele50_CaloIdVT_GsfTrkIdT_PFJet165",
            "HLT_Photon35_TwoProngs35",
            "HLT_DoubleMediumChargedIsoPFTauHPS35_Trk1_eta2p1_Reg",
            "HLT_Ele115_CaloIdVT_GsfTrkIdT",
            "HLT_AK8PFHT750_TrimMass50",
            "HLT_AK8PFHT800_TrimMass50",
            "HLT_AK8PFHT850_TrimMass50",
            "HLT_AK8PFHT900_TrimMass50",
            "HLT_AK8PFJet140"
        ],
        "best_eff": [
            0.8798532599633162,
            0.9798365849591477,
            0.9939369684842435,
            0.9968851092212787,
            0.9998332499583139,
            0.9998332499583139,
            0.9998332499583139,
            0.9998332499583139,
            0.9998332499583139,
            0.9998332499583139
        ],
        "best_eff_err": [
            0.09380049360015735,
            0.09898669531604476,
            0.09969638752152676,
            0.09984413398999857,
            0.09999166215031702,
            0.09999166215031702,
            0.09999166215031702,
            0.09999166215031702,
            0.09999166215031702,
            0.09999166215031702
        ]
    }
}