{
    "M-1250": {
        "best_paths": [
            "HLT_Ele50_CaloIdVT_GsfTrkIdT_PFJet165",
            "HLT_MonoCentralPFJet80_PFMETNoMu120_PFMHTNoMu120_IDTight",
            "HLT_AK8PFHT800_TrimMass50",
            "HLT_Ele28_eta2p1_WPTight_Gsf_HT150",
            "HLT_AK8PFHT750_TrimMass50",
            "HLT_AK8PFHT850_TrimMass50",
            "HLT_AK8PFHT900_TrimMass50",
            "HLT_AK8PFJet140",
            "HLT_AK8PFJet200",
            "HLT_AK8PFJet260"
        ],
        "best_eff": [
            0.8154668350723837,
            0.9572871542154063,
            0.9785602020868596,
            0.9998332499583127,
            0.9998332499583127,
            0.9998332499583127,
            0.9998332499583127,
            0.9998332499583127,
            0.9998332499583127,
            0.9998332499583127
        ],
        "best_eff_err": [
            0.07604901531913358,
            0.0823970302697396,
            0.08330752233269076,
            0.08420817037052375,
            0.08420817037052375,
            0.08420817037052375,
            0.08420817037052375,
            0.08420817037052375,
            0.08420817037052375,
            0.08420817037052375
        ]
    }
}