{
    "M-750": {
        "best_paths": [
            "HLT_Ele28_eta2p1_WPTight_Gsf_HT150",
            "HLT_Ele50_CaloIdVT_GsfTrkIdT_PFJet165",
            "HLT_PFMET120_PFMHT120_IDTight",
            "HLT_DoubleMediumChargedIsoPFTauHPS35_Trk1_eta2p1_Reg",
            "HLT_PFHT450_SixPFJet36_PFBTagDeepCSV_1p59",
            "HLT_Photon35_TwoProngs35",
            "HLT_RsqMR300_Rsq0p09_MR200",
            "HLT_Diphoton30_22_R9Id_OR_IsoCaloId_AND_HE_R9Id_Mass90",
            "HLT_Mu12_DoublePhoton20",
            "HLT_Mu17_Photon30_IsoCaloId"
        ],
        "best_eff": [
            0.691551331221165,
            0.8331943749652575,
            0.90818186871213,
            0.9331776999610875,
            0.9419904396642723,
            0.9478655994663956,
            0.9532599633149864,
            0.9574259351898127,
            0.9615919070646389,
            0.9657578789394652
        ],
        "best_eff_err": [
            0.0536792686247511,
            0.058920651973836016,
            0.061514966631169316,
            0.062355756883422805,
            0.06264950251412857,
            0.0628445701534878,
            0.06302314268435401,
            0.06316070558470316,
            0.06329796952590709,
            0.06343493644867765
        ]
    }
}