{
    "M-320": {
        "best_paths": [
            "HLT_Ele30_eta2p1_WPTight_Gsf_CentralPFJet35_EleCleaned",
            "HLT_DoubleMediumChargedIsoPFTauHPS35_Trk1_eta2p1_Reg",
            "HLT_Diphoton30_18_R9IdL_AND_HE_AND_IsoCaloId_NoPixelVeto",
            "HLT_Ele28_eta2p1_WPTight_Gsf_HT150",
            "HLT_PFHT400_SixPFJet32_DoublePFBTagDeepCSV_2p94",
            "HLT_Photon35_TwoProngs35",
            "HLT_Mu12_DoublePhoton20",
            "HLT_Mu12_TrkIsoVVL_Ele23_CaloIdL_TrackIdL_IsoVL_DZ",
            "HLT_QuadPFJet103_88_75_15_DoublePFBTagDeepCSV_1p3_7p7_VBF1",
            "HLT_Ele35_WPTight_Gsf_L1EGMT"
        ],
        "best_eff": [
            0.4796497347772992,
            0.5472060354501582,
            0.584163703473359,
            0.6111862237425025,
            0.6350044391565159,
            0.6492953684049239,
            0.6628066285394957,
            0.6763178886740675,
            0.6902772373841250,
            0.6983368227323540
        ],
        "best_eff_err": [
            0.056928697388339236,
            0.06080574049681439,
            0.0628255684454639,
            0.06426224900288506,
            0.06550244678514935,
            0.06623542003792862,
            0.06692102185268395,
            0.06759967059101671,
            0.07150639637,
            0.0719226345
        ]
    }
}
