{
    "M-2500": {
        "best_paths": [
            "HLT_MonoCentralPFJet80_PFMETNoMu120_PFMHTNoMu120_IDTight",
            "HLT_Ele32_WPTight_Gsf",
            "HLT_Photon60_R9Id90_CaloIdL_IsoL",
            "HLT_AK8PFHT750_TrimMass50",
            "HLT_AK8PFHT800_TrimMass50",
            "HLT_AK8PFHT850_TrimMass50",
            "HLT_AK8PFHT900_TrimMass50",
            "HLT_AK8PFJet140",
            "HLT_AK8PFJet200",
            "HLT_AK8PFJet260"
        ],
        "best_eff": [
            0.8911557227889316,
            0.9780977445244372,
            0.9782681195670311,
            0.9782681195670311,
            0.9782681195670311,
            0.9782681195670311,
            0.9782681195670311,
            0.9782681195670311,
            0.9782681195670311,
            0.9782681195670311
        ],
        "best_eff_err": [
            0.13918674683823729,
            0.1458183611421532,
            0.14583106065395396,
            0.14583106065395396,
            0.14583106065395396,
            0.14583106065395396,
            0.14583106065395396,
            0.14583106065395396,
            0.14583106065395396,
            0.14583106065395396
        ]
    }
}