{
    "M-350": {
        "best_paths": [
            "HLT_Ele30_eta2p1_WPTight_Gsf_CentralPFJet35_EleCleaned",
            "HLT_DoubleMediumChargedIsoPFTauHPS35_Trk1_eta2p1_Reg",
            "HLT_Diphoton30_18_R9IdL_AND_HE_AND_IsoCaloId_NoPixelVeto",
            "HLT_Ele32_WPTight_Gsf",
            "HLT_PFHT400_SixPFJet32_DoublePFBTagDeepCSV_2p94",
            "HLT_Ele115_CaloIdVT_GsfTrkIdT",
            "HLT_MediumChargedIsoPFTau50_Trk30_eta2p1_1pr_MET100",
            "HLT_TriplePhoton_20_20_20_CaloIdLV2",
            "HLT_Ele35_WPTight_Gsf_L1EGMT",
            "HLT_Mu17_Photon30_IsoCaloId"
        ],
        "best_eff": [
            0.5502524049267227,
            0.6240655978766654,
            0.6546569561956459,
            0.6747878270001757,
            0.6889828439717487,
            0.7024034245081019,
            0.7158240050444551,
            0.7243103511257732,
            0.7310206413939498,
            0.7377309316621264
        ],
        "best_eff_err": [
            0.060769804677833474,
            0.0647175379421456,
            0.06628477085236581,
            0.06729619129205817,
            0.06800033773957523,
            0.06865942719690717,
            0.06931224966280125,
            0.06972189968830546,
            0.07004412039066289,
            0.07036486556838736
        ]
    }
}