{
    "M-900": {
        "best_paths": [
            "HLT_Ele30_eta2p1_WPTight_Gsf_CentralPFJet35_EleCleaned",
            "HLT_PFMET120_PFMHT120_IDTight",
            "HLT_DoubleMediumChargedIsoPFTauHPS35_Trk1_eta2p1_Reg",
            "HLT_Ele50_CaloIdVT_GsfTrkIdT_PFJet165",
            "HLT_Photon35_TwoProngs35",
            "HLT_Mu50",
            "HLT_AK8PFJet330_TrimMass30_PFAK8BoostedDoubleB_p02",
            "HLT_Diphoton30PV_18PV_R9Id_AND_IsoCaloId_AND_HE_R9Id_PixelVeto_Mass55",
            "HLT_AK8PFJet400_TrimMass30",
            "HLT_Ele115_CaloIdVT_GsfTrkIdT"
        ],
        "best_eff": [
            0.7243689872146929,
            0.8978094489421538,
            0.9488213494502317,
            0.9760276963878733,
            0.9856197940239931,
            0.9900233563493737,
            0.993838188935735,
            0.9948409578939101,
            0.9951353227634198,
            0.9954296876329294
        ],
        "best_eff_err": [
            0.04963708384430921,
            0.055260959418541276,
            0.056809185010272774,
            0.05761789736320992,
            0.05790033056031005,
            0.05802953025952155,
            0.05814122464467679,
            0.058170549094469406,
            0.05817915454013429,
            0.058187758713131255
        ]
    }
}