{
    "M-700": {
        "best_paths": [
            "HLT_Ele28_eta2p1_WPTight_Gsf_HT150",
            "HLT_Ele50_CaloIdVT_GsfTrkIdT_PFJet165",
            "HLT_MonoCentralPFJet80_PFMETNoMu120_PFMHTNoMu120_IDTight",
            "HLT_DoubleMediumChargedIsoPFTauHPS35_Trk1_eta2p1_Reg",
            "HLT_Photon60_R9Id90_CaloIdL_IsoL_DisplacedIdL_PFHT350MinPFJet15",
            "HLT_MediumChargedIsoPFTau180HighPtRelaxedIso_Trk50_eta2p1",
            "HLT_DoubleEle25_CaloIdL_MW",
            "HLT_Mu27_Ele37_CaloIdL_MW",
            "HLT_HT430_DisplacedDijet40_DisplacedTrack",
            "HLT_Ele115_CaloIdVT_GsfTrkIdT"
        ],
        "best_eff": [
            0.6727047757207998,
            0.7832854116608883,
            0.8431832561284363,
            0.875435941610962,
            0.8938660476009768,
            0.9076886270934879,
            0.9169036800884952,
            0.9261187330835026,
            0.9353322492117664,
            0.9399397757092701
        ],
        "best_eff_err": [
            0.055677841264994754,
            0.06008003155779515,
            0.06233487888025319,
            0.06351587999887967,
            0.06418098142005439,
            0.06467531908733293,
            0.06500278902518701,
            0.0653286174892567,
            0.06565277498116157,
            0.06581428191304191
        ]
    }
}