{
    "M-500": {
        "best_paths": [
            " HLT_DoubleMediumIsoPFTau35_Trk1_eta2p1_Reg == 1  ||  HLT_DoubleMediumCombinedIsoPFTau35_Trk1_eta2p1_Reg == 1  ||  HLT_QuadJet45_TripleBTagCSV_p087 == 1  ||  HLT_Diphoton30EB_18EB_R9Id_OR_IsoCaloId_AND_HE_R9Id_DoublePixelVeto_Mass55 == 1 ",
            "HLT_HT650",
            "HLT_HT550to650",
            "HLT_HT500to550",
            "HLT_HT470to500",
            "HLT_HT430to450",
            "HLT_HT450to470",
            "HLT_PFHT300_PFMET110",
            "HLT_VLooseIsoPFTau140_Trk50_eta2p1",
            "HLT_RsqMR270_Rsq0p09_MR200"
        ],
        "best_eff": [
            0.20499594857809642,
            0.30456773533830406,
            0.37657776126696973,
            0.43388358295833956,
            0.47991340553910716,
            0.5241254892301407,
            0.5650410735877983,
            0.5913859372693511,
            0.6053010257952584,
            0.6163741973624616
        ],
        "best_eff_err": [
            0.004820740210025191,
            0.005876016897217566,
            0.0065338389209475805,
            0.007013385286216735,
            0.0073760275409839645,
            0.007708302142302944,
            0.008003521172622492,
            0.008187976461778629,
            0.008283746381940385,
            0.008359173010698696
        ]
    }
}