{
    "M-400": {
        "best_paths": [
            " HLT_DoubleMediumIsoPFTau35_Trk1_eta2p1_Reg == 1  ||  HLT_DoubleMediumCombinedIsoPFTau35_Trk1_eta2p1_Reg == 1  ||  HLT_QuadJet45_TripleBTagCSV_p087 == 1  ||  HLT_Diphoton30EB_18EB_R9Id_OR_IsoCaloId_AND_HE_R9Id_DoublePixelVeto_Mass55 == 1 ",
            "HLT_HT650",
            "HLT_HT550to650",
            "HLT_HT500to550",
            "HLT_HT430to450",
            "HLT_HT470to500",
            "HLT_HT450to470",
            "HLT_VBF_DisplacedJet40_VTightID_Hadronic",
            "HLT_PFHT300_PFMET110",
            "HLT_Mu38NoFiltersNoVtx_DisplacedJet60_Loose"
        ],
        "best_eff": [
            0.15812181274792317,
            0.21829145927201526,
            0.25781107999277486,
            0.28753963298184027,
            0.31238442375921427,
            0.3368559490782269,
            0.3559567264115165,
            0.3680826227934199,
            0.37656349909266784,
            0.38475037399014367
        ],
        "best_eff_err": [
            0.0029378739448680693,
            0.003451879584760515,
            0.003751354049519425,
            0.00396174138648893,
            0.004129352432917413,
            0.004288045413118746,
            0.004407941959127764,
            0.004482392912535474,
            0.004533737547691363,
            0.004582756590622537
        ]
    }
}