{
    "M-900": {
        "best_paths": [
            " HLT_DoubleMediumIsoPFTau35_Trk1_eta2p1_Reg == 1  ||  HLT_DoubleMediumCombinedIsoPFTau35_Trk1_eta2p1_Reg == 1  ||  HLT_QuadJet45_TripleBTagCSV_p087 == 1  ||  HLT_Diphoton30EB_18EB_R9Id_OR_IsoCaloId_AND_HE_R9Id_DoublePixelVeto_Mass55 == 1 ",
            "HLT_HT650",
            "HLT_HT550to650",
            "HLT_HT500to550",
            "HLT_PFHT300_PFMET110",
            "HLT_HT470to500",
            "HLT_HT450to470",
            "HLT_HT430to450",
            "HLT_Mu38NoFiltersNoVtx_DisplacedJet60_Loose",
            "HLT_VLooseIsoPFTau140_Trk50_eta2p1"
        ],
        "best_eff": [
            0.2953532112840016,
            0.7859933178247617,
            0.8864705357105245,
            0.9203803742674573,
            0.9393209491607569,
            0.9501282723057365,
            0.9563996851615625,
            0.9624982542888035,
            0.9647830359574486,
            0.9666271207346826
        ],
        "best_eff_err": [
            0.005003416456820266,
            0.008162162390113727,
            0.008668180709676421,
            0.008832415247285395,
            0.008922833892248138,
            0.00897401776077952,
            0.009003585981842237,
            0.009032246455747461,
            0.009042960490124773,
            0.009051598714550895
        ]
    }
}