{
    "M-270": {
        "best_paths": [
            " HLT_DoubleMediumIsoPFTau35_Trk1_eta2p1_Reg == 1  ||  HLT_DoubleMediumCombinedIsoPFTau35_Trk1_eta2p1_Reg == 1  ||  HLT_QuadJet45_TripleBTagCSV_p087 == 1  ||  HLT_Diphoton30EB_18EB_R9Id_OR_IsoCaloId_AND_HE_R9Id_DoublePixelVeto_Mass55 == 1 ",
            "HLT_HT650",
            "HLT_HT550to650",
            "HLT_HT500to550",
            "HLT_HT430to450",
            "HLT_VBF_DisplacedJet40_VTightID_Hadronic",
            "HLT_HT450to470",
            "HLT_HT470to500",
            "HLT_DoubleJet90_Double30_TripleBTagCSV_p087",
            "HLT_VBF_DisplacedJet40_Hadronic_2PromptTrack"
        ],
        "best_eff": [
            0.08329375416193308,
            0.10285384001794703,
            0.12197625516791982,
            0.13296587392591017,
            0.14182878918449318,
            0.1500333622368865,
            0.15626591327509975,
            0.16218709827326594,
            0.16624553983170756,
            0.1700611648428358
        ],
        "best_eff_err": [
            0.00581414510869314,
            0.006460853649279913,
            0.007035861731988184,
            0.007345980047586671,
            0.007586856082790775,
            0.007803214930109875,
            0.007963642863686752,
            0.00811311814209104,
            0.008213999073280649,
            0.008307727119225481
        ]
    }
}