{
    "M-550": {
        "best_paths": [
            " HLT_DoubleMediumIsoPFTau35_Trk1_eta2p1_Reg == 1  ||  HLT_DoubleMediumCombinedIsoPFTau35_Trk1_eta2p1_Reg == 1  ||  HLT_QuadJet45_TripleBTagCSV_p087 == 1  ||  HLT_Diphoton30EB_18EB_R9Id_OR_IsoCaloId_AND_HE_R9Id_DoublePixelVeto_Mass55 == 1 ",
            "HLT_HT650",
            "HLT_HT550to650",
            "HLT_HT500to550",
            "HLT_HT470to500",
            "HLT_HT430to450",
            "HLT_HT450to470",
            "HLT_PFHT300_PFMET110",
            "HLT_VLooseIsoPFTau140_Trk50_eta2p1",
            "HLT_RsqMR270_Rsq0p09_MR200"
        ],
        "best_eff": [
            0.23759736934949996,
            0.36488791107985824,
            0.4588507102498612,
            0.539795248576327,
            0.5993535109521345,
            0.6449262718931449,
            0.6878035648486421,
            0.7207856327407537,
            0.7331856104892569,
            0.743450721436408
        ],
        "best_eff_err": [
            0.005089382793518071,
            0.0063070175700567456,
            0.007072614830891963,
            0.007671120979798393,
            0.008083246634433007,
            0.00838492799848997,
            0.008659174954691706,
            0.008864359562947462,
            0.008940283068331835,
            0.009002650635246726
        ]
    }
}