{
    "M-280": {
        "best_paths": [
            " HLT_DoubleMediumIsoPFTau35_Trk1_eta2p1_Reg == 1  ||  HLT_DoubleMediumCombinedIsoPFTau35_Trk1_eta2p1_Reg == 1  ||  HLT_QuadJet45_TripleBTagCSV_p087 == 1  ||  HLT_Diphoton30EB_18EB_R9Id_OR_IsoCaloId_AND_HE_R9Id_DoublePixelVeto_Mass55 == 1 ",
            "HLT_PFHT400_SixJet30_DoubleBTagCSV_p056",
            "HLT_HT650",
            "HLT_HT550to650",
            "HLT_VBF_DisplacedJet40_VTightID_Hadronic",
            "HLT_HT450to470",
            "HLT_HT500to550",
            "HLT_QuadPFJet_BTagCSV_p016_p11_VBF_Mqq200",
            "HLT_HT470to500",
            "HLT_HT430to450"
        ],
        "best_eff": [
            0.09742443279846942,
            0.12396953052085656,
            0.13801032674156385,
            0.15049860441412857,
            0.16007166573530576,
            0.1679317461076952,
            0.17499018680535264,
            0.18151580717125848,
            0.18771983040737955,
            0.19317487970082395
        ],
        "best_eff_err": [
            0.006309819825920714,
            0.007117713346715078,
            0.007509980465784895,
            0.00784240473194411,
            0.008087983330246774,
            0.008284177909741643,
            0.008456484607614445,
            0.00861271826343293,
            0.00875866855112507,
            0.008885018584767557
        ]
    }
}