{
    "M-250": {
        "best_paths": [
            " HLT_DoubleMediumIsoPFTau35_Trk1_eta2p1_Reg == 1  ||  HLT_DoubleMediumCombinedIsoPFTau35_Trk1_eta2p1_Reg == 1  ||  HLT_QuadJet45_TripleBTagCSV_p087 == 1  ||  HLT_Diphoton30EB_18EB_R9Id_OR_IsoCaloId_AND_HE_R9Id_DoublePixelVeto_Mass55 == 1 ",
            "HLT_PFHT400_SixJet30_DoubleBTagCSV_p056",
            "HLT_HT650",
            "HLT_HT550to650",
            "HLT_HT470to500",
            "HLT_HT500to550",
            "HLT_HT430to450",
            "HLT_HT450to470",
            "HLT_VBF_DisplacedJet40_Hadronic_2PromptTrack",
            "HLT_Mu17_Photon30_CaloIdL_L1ISO"
        ],
        "best_eff": [
            0.07209731042972031,
            0.09157024888764465,
            0.1009099577584206,
            0.10893837669696729,
            0.11623874509431428,
            0.12282693114546082,
            0.12841131515489226,
            0.13347792994846652,
            0.1383797596401232,
            0.1420323296163665
        ],
        "best_eff_err": [
            0.005401609186231187,
            0.006087525936750739,
            0.006390438203154534,
            0.006639785919793719,
            0.00685865698774638,
            0.007050345952042978,
            0.007208838137351054,
            0.007349678782544375,
            0.007483416432720636,
            0.0075815365410913825
        ]
    }
}