{
    "M-450": {
        "best_paths": [
            " HLT_DoubleMediumIsoPFTau35_Trk1_eta2p1_Reg == 1  ||  HLT_DoubleMediumCombinedIsoPFTau35_Trk1_eta2p1_Reg == 1  ||  HLT_QuadJet45_TripleBTagCSV_p087 == 1  ||  HLT_Diphoton30EB_18EB_R9Id_OR_IsoCaloId_AND_HE_R9Id_DoublePixelVeto_Mass55 == 1 ",
            "HLT_HT650",
            "HLT_HT550to650",
            "HLT_HT500to550",
            "HLT_HT430to450",
            "HLT_HT470to500",
            "HLT_HT450to470",
            "HLT_PFHT300_PFMET110",
            "HLT_VLooseIsoPFTau140_Trk50_eta2p1",
            "HLT_VBF_DisplacedJet40_VTightID_Hadronic"
        ],
        "best_eff": [
            0.1854947577864737,
            0.2612556300276487,
            0.31185624430434983,
            0.35592717605726854,
            0.39319259962531355,
            0.42762875859937005,
            0.45668828397441563,
            0.4752134450335089,
            0.4861295829778075,
            0.49588894187406063
        ],
        "best_eff_err": [
            0.00478959676524987,
            0.005684155634892314,
            0.006210268163168579,
            0.006634584136218153,
            0.00697325905004536,
            0.007272212882791278,
            0.007515243672472838,
            0.007666153152623176,
            0.0077537029122907615,
            0.007831146407339467
        ]
    }
}