{
    "M-320": {
        "best_paths": [
            " HLT_IsoMu22 == 1  ||  HLT_IsoMu22_eta2p1 == 1  ||  HLT_IsoTkMu22 == 1  ||  HLT_IsoTkMu22_eta2p1 == 1  ||  HLT_IsoMu19_eta2p1_LooseIsoPFTau20 == 1  ||  HLT_IsoMu19_eta2p1_LooseIsoPFTau20_SingleL1 == 1 ",
            "HLT_Mu17_Mu8_SameSign_DZ",
            "HLT_Mu30_TkMu11",
            "HLT_LooseIsoPFTau50_Trk30_eta2p1",
            "HLT_Mu28NoFiltersNoVtx_DisplacedJet40_Loose",
            "HLT_AK4CaloJet100",
            "HLT_AK4CaloJet30",
            "HLT_AK4CaloJet40",
            "HLT_AK4CaloJet50",
            "HLT_AK4CaloJet80"
        ],
        "best_eff": [
            0.6843035844293373,
            0.8567173775327855,
            0.9310344827586207,
            0.9323392868961735,
            0.9327836767111372,
            0.9327836767111372,
            0.9327836767111372,
            0.9327836767111372,
            0.9327836767111372,
            0.9327836767111372
        ],
        "best_eff_err": [
            0.15361209368129047,
            0.17187780117168505,
            0.17917766974850455,
            0.17930318062607442,
            0.1793459070326099,
            0.1793459070326099,
            0.1793459070326099,
            0.1793459070326099,
            0.1793459070326099,
            0.1793459070326099
        ]
    }
}