{
    "M-400": {
        "best_paths": [
            " HLT_IsoMu22 == 1  ||  HLT_IsoMu22_eta2p1 == 1  ||  HLT_IsoTkMu22 == 1  ||  HLT_IsoTkMu22_eta2p1 == 1  ||  HLT_IsoMu19_eta2p1_LooseIsoPFTau20 == 1  ||  HLT_IsoMu19_eta2p1_LooseIsoPFTau20_SingleL1 == 1 ",
            "HLT_Mu30_TkMu11",
            "HLT_Mu17_Mu8_SameSign_DZ",
            "HLT_Mu17_Photon30_CaloIdL_L1ISO",
            "HLT_PFHT400_SixJet30_DoubleBTagCSV_p056",
            "HLT_Mu27_TkMu8",
            "HLT_CaloMHTNoPU90_PFMET90_PFMHT90_IDTight_BTagCSV_p067",
            "HLT_IsoMu24",
            "HLT_QuadJet45_TripleBTagCSV_p087",
            "HLT_MonoCentralPFJet80_PFMETNoMu100_PFMHTNoMu100_IDTight"
        ],
        "best_eff": [
            0.7324970295219815,
            0.8933515301077681,
            0.9274424391986772,
            0.9391000074781265,
            0.950463643841763,
            0.9557689591278843,
            0.9598507698315759,
            0.9636386486194547,
            0.9674265274073335,
            0.9692846341118894
        ],
        "best_eff_err": [
            0.05267456654126862,
            0.05817136160529744,
            0.05927089962552645,
            0.059642241725334284,
            0.060002008926020076,
            0.06016923604628449,
            0.06029758179706837,
            0.06041644144010646,
            0.060535067704574966,
            0.06059317374894038
        ]
    }
}