{
    "M-250": {
        "best_paths": [
            " HLT_IsoMu22 == 1  ||  HLT_IsoMu22_eta2p1 == 1  ||  HLT_IsoTkMu22 == 1  ||  HLT_IsoTkMu22_eta2p1 == 1  ||  HLT_IsoMu19_eta2p1_LooseIsoPFTau20 == 1  ||  HLT_IsoMu19_eta2p1_LooseIsoPFTau20_SingleL1 == 1 ",
            "HLT_Ele27_WPLoose_Gsf_WHbbBoost",
            "HLT_Mu17",
            "HLT_AK4CaloJet100",
            "HLT_AK4CaloJet30",
            "HLT_AK4CaloJet40",
            "HLT_AK4CaloJet50",
            "HLT_AK4CaloJet80",
            "HLT_AK4PFJet100",
            "HLT_AK4PFJet30"
        ],
        "best_eff": [
            0.8,
            0.9,
            0.9007951741157114,
            0.9007951741157114,
            0.9007951741157114,
            0.9007951741157114,
            0.9007951741157114,
            0.9007951741157114,
            0.9007951741157114,
            0.9007951741157114
        ],
        "best_eff_err": [
            0.282842712474619,
            0.3,
            0.30013249975897505,
            0.30013249975897505,
            0.30013249975897505,
            0.30013249975897505,
            0.30013249975897505,
            0.30013249975897505,
            0.30013249975897505,
            0.30013249975897505
        ]
    }
}