{
    "M-300": {
        "best_paths": [
            " HLT_IsoMu22 == 1  ||  HLT_IsoMu22_eta2p1 == 1  ||  HLT_IsoTkMu22 == 1  ||  HLT_IsoTkMu22_eta2p1 == 1  ||  HLT_IsoMu19_eta2p1_LooseIsoPFTau20 == 1  ||  HLT_IsoMu19_eta2p1_LooseIsoPFTau20_SingleL1 == 1 ",
            "HLT_Mu30_TkMu11",
            "HLT_Mu17_Mu8_SameSign_DZ",
            "HLT_DoubleMu8_Mass8_PFHT300",
            "HLT_Mu27_TkMu8",
            "HLT_IsoMu24",
            "HLT_DoubleJet90_Double30_TripleBTagCSV_p087",
            "HLT_HT430to450",
            "HLT_HT550to650",
            "HLT_Mu17_TrkIsoVVL_TkMu8_TrkIsoVVL_DZ"
        ],
        "best_eff": [
            0.6442340935372731,
            0.8485755252841959,
            0.904218205227969,
            0.9160759127378505,
            0.9271478750741039,
            0.9353597249783514,
            0.9393122941483119,
            0.9432648633182723,
            0.9472174324882328,
            0.9511700016581932
        ],
        "best_eff_err": [
            0.05046166680117551,
            0.05791419048576374,
            0.05978281526409628,
            0.06017352748535712,
            0.06053607277493534,
            0.06080356907100224,
            0.060931903095303545,
            0.061059967391563386,
            0.061187763653381765,
            0.06131529355670923
        ]
    }
}