{
    "M-450": {
        "best_paths": [
            " HLT_IsoMu22 == 1  ||  HLT_IsoMu22_eta2p1 == 1  ||  HLT_IsoTkMu22 == 1  ||  HLT_IsoTkMu22_eta2p1 == 1  ||  HLT_IsoMu19_eta2p1_LooseIsoPFTau20 == 1  ||  HLT_IsoMu19_eta2p1_LooseIsoPFTau20_SingleL1 == 1 ",
            "HLT_DoubleMu8_Mass8_PFHT300",
            "HLT_Mu30_TkMu11",
            "HLT_AK8DiPFJet280_200_TrimMass30_BTagCSV_p20",
            "HLT_Mu17_Mu8_SameSign_DZ",
            "HLT_PFMET90_PFMHT90_IDTight",
            "HLT_IsoTkMu24",
            "HLT_AK4CaloJet100",
            "HLT_AK4CaloJet30",
            "HLT_AK4CaloJet40"
        ],
        "best_eff": [
            0.8238810569991866,
            0.9567537679560015,
            0.9745653055721107,
            0.9828297683820281,
            0.9910942311919454,
            0.994303027281565,
            0.9949443332797023,
            0.9949443332797023,
            0.9949443332797023,
            0.9949443332797023
        ],
        "best_eff_err": [
            0.08251626721662328,
            0.08892162804133015,
            0.08974552202609583,
            0.09012524656983169,
            0.09050337791933219,
            0.09064976773691556,
            0.09067899668792172,
            0.09067899668792172,
            0.09067899668792172,
            0.09067899668792172
        ]
    }
}