{
    "M-270": {
        "best_paths": [
            " HLT_IsoMu22 == 1  ||  HLT_IsoMu22_eta2p1 == 1  ||  HLT_IsoTkMu22 == 1  ||  HLT_IsoTkMu22_eta2p1 == 1  ||  HLT_IsoMu19_eta2p1_LooseIsoPFTau20 == 1  ||  HLT_IsoMu19_eta2p1_LooseIsoPFTau20_SingleL1 == 1 ",
            "HLT_Mu17_Mu8_SameSign_DZ",
            "HLT_TripleMu_12_10_5",
            "HLT_IsoMu24",
            "HLT_Mu20_Mu10",
            "HLT_Mu28NoFiltersNoVtx_DisplacedJet40_Loose",
            "HLT_AK4CaloJet100",
            "HLT_AK4CaloJet30",
            "HLT_AK4CaloJet40",
            "HLT_AK4CaloJet50"
        ],
        "best_eff": [
            0.6979557017944734,
            0.8461038499426216,
            0.9230519249713107,
            0.9259259259259259,
            0.9282515309386711,
            0.9287288385177062,
            0.9287288385177062,
            0.9287288385177062,
            0.9287288385177062,
            0.9287288385177062
        ],
        "best_eff_err": [
            0.16078000863780637,
            0.17702310478438824,
            0.18489756172613736,
            0.18518518518518517,
            0.18541759984171374,
            0.18546526464420413,
            0.18546526464420413,
            0.18546526464420413,
            0.18546526464420413,
            0.18546526464420413
        ]
    }
}