{
    "M-260": {
        "best_paths": [
            " HLT_DoubleMediumIsoPFTau35_Trk1_eta2p1_Reg == 1  ||  HLT_DoubleMediumCombinedIsoPFTau35_Trk1_eta2p1_Reg == 1 ",
            "HLT_QuadJet45_TripleBTagCSV_p087",
            "HLT_PFHT400_SixJet30_DoubleBTagCSV_p056",
            "HLT_HT650",
            "HLT_HT470to500",
            "HLT_Diphoton30EB_18EB_R9Id_OR_IsoCaloId_AND_HE_R9Id_DoublePixelVeto_Mass55",
            "HLT_HT550to650",
            "HLT_HT500to550",
            "HLT_HT430to450",
            "HLT_VBF_DisplacedJet40_Hadronic_2PromptTrack"
        ],
        "best_eff": [
            0.03843553984685283,
            0.07297106190636696,
            0.0918428979849321,
            0.10442949846811153,
            0.11341272479355333,
            0.12177085644399638,
            0.12930628138937977,
            0.13643035298223333,
            0.14343948926764835,
            0.14903736886349575
        ],
        "best_eff_err": [
            0.0039762530317242785,
            0.00547876728405627,
            0.006146534307409042,
            0.0065541913534673145,
            0.006830278512869761,
            0.0070774889642206944,
            0.007293186707652975,
            0.007491400609103001,
            0.007681426611991599,
            0.007829880033194816
        ]
    }
}