{
    "M-550": {
        "best_paths": [
            " HLT_DoubleMediumIsoPFTau35_Trk1_eta2p1_Reg == 1  ||  HLT_DoubleMediumCombinedIsoPFTau35_Trk1_eta2p1_Reg == 1 ",
            "HLT_HT650",
            "HLT_HT550to650",
            "HLT_HT500to550",
            "HLT_HT470to500",
            "HLT_HT430to450",
            "HLT_HT450to470",
            "HLT_PFHT300_PFMET110",
            "HLT_VLooseIsoPFTau140_Trk50_eta2p1",
            "HLT_DoubleJet90_Double30_TripleBTagCSV_p087"
        ],
        "best_eff": [
            0.1202951007461511,
            0.29597302033054623,
            0.41230697223593066,
            0.5040558013944659,
            0.5728616765545552,
            0.6231867639112574,
            0.6724035211288174,
            0.7071645727822096,
            0.7197389396032557,
            0.7318735075857146
        ],
        "best_eff_err": [
            0.0036213314249368047,
            0.005680288127137407,
            0.006704318572504742,
            0.007412822687306399,
            0.007902585223612365,
            0.008242394813866983,
            0.008561685935356837,
            0.008780202878288765,
            0.008857921008458561,
            0.008932279757751758
        ]
    }
}