{
    "M-800": {
        "best_paths": [
            " HLT_DoubleMediumIsoPFTau35_Trk1_eta2p1_Reg == 1  ||  HLT_DoubleMediumCombinedIsoPFTau35_Trk1_eta2p1_Reg == 1 ",
            "HLT_HT650",
            "HLT_HT550to650",
            "HLT_HT500to550",
            "HLT_PFHT300_PFMET110",
            "HLT_HT470to500",
            "HLT_HT450to470",
            "HLT_HT430to450",
            "HLT_Mu38NoFiltersNoVtx_DisplacedJet60_Loose",
            "HLT_VBF_DisplacedJet40_VTightID_Hadronic"
        ],
        "best_eff": [
            0.14918422361666528,
            0.6432181666217903,
            0.8011991059069877,
            0.8629673247774491,
            0.8929520741754455,
            0.9123691916793117,
            0.9266469207004859,
            0.937254873030855,
            0.941396104494664,
            0.9435823706141885
        ],
        "best_eff_err": [
            0.0035953380313800557,
            0.007465474741211747,
            0.008331985538214182,
            0.008647199037228794,
            0.008796144489896513,
            0.0088912656353972,
            0.008960565585508954,
            0.009011708454396167,
            0.009031595487608275,
            0.009042076740062148
        ]
    }
}