{
    "M-250": {
        "best_paths": [
            " HLT_DoubleMediumIsoPFTau35_Trk1_eta2p1_Reg == 1  ||  HLT_DoubleMediumCombinedIsoPFTau35_Trk1_eta2p1_Reg == 1 ",
            "HLT_QuadJet45_TripleBTagCSV_p087",
            "HLT_PFHT400_SixJet30_DoubleBTagCSV_p056",
            "HLT_HT650",
            "HLT_HT550to650",
            "HLT_HT470to500",
            "HLT_HT500to550",
            "HLT_HT430to450",
            "HLT_HT450to470",
            "HLT_VBF_DisplacedJet40_Hadronic_2PromptTrack"
        ],
        "best_eff": [
            0.038493799807961436,
            0.06762980322217532,
            0.08781492402629992,
            0.09746212078759024,
            0.1054905397261368,
            0.11279090812348375,
            0.11937909417463037,
            0.12496347818406173,
            0.13003009297763607,
            0.13493192266929271
        ],
        "best_eff_err": [
            0.003946926318107186,
            0.00523157781201299,
            0.0059613935350660355,
            0.006280316864787384,
            0.006533868421883529,
            0.006756171635575732,
            0.006950687558600564,
            0.007111401182912046,
            0.007254133835295488,
            0.007389600868741766
        ]
    }
}