{
    "M-600": {
        "best_paths": [
            " HLT_DoubleMediumIsoPFTau35_Trk1_eta2p1_Reg == 1  ||  HLT_DoubleMediumCombinedIsoPFTau35_Trk1_eta2p1_Reg == 1 ",
            "HLT_HT650",
            "HLT_HT550to650",
            "HLT_HT500to550",
            "HLT_HT470to500",
            "HLT_PFHT300_PFMET110",
            "HLT_HT430to450",
            "HLT_HT450to470",
            "HLT_RsqMR270_Rsq0p09_MR200",
            "HLT_Mu38NoFiltersNoVtx_DisplacedJet60_Loose"
        ],
        "best_eff": [
            0.12739185852086757,
            0.3378378947508659,
            0.4923469870869916,
            0.6064806443593957,
            0.6754740248672749,
            0.7259964837548016,
            0.7620743097907875,
            0.7961825738376005,
            0.8058982354784755,
            0.8148036310982296
        ],
        "best_eff_err": [
            0.003599747085353864,
            0.005862128485153543,
            0.0070767979179094725,
            0.007854338685561534,
            0.008289063725509499,
            0.008593466941067274,
            0.008804400963668087,
            0.008999274226986946,
            0.009054015932389591,
            0.009103903168635904
        ]
    }
}