{
    "M-500": {
        "best_paths": [
            " HLT_DoubleMediumIsoPFTau35_Trk1_eta2p1_Reg == 1  ||  HLT_DoubleMediumCombinedIsoPFTau35_Trk1_eta2p1_Reg == 1 ",
            "HLT_HT650",
            "HLT_HT550to650",
            "HLT_HT500to550",
            "HLT_HT470to500",
            "HLT_HT430to450",
            "HLT_HT450to470",
            "HLT_PFHT300_PFMET110",
            "HLT_QuadJet45_TripleBTagCSV_p087",
            "HLT_VLooseIsoPFTau140_Trk50_eta2p1"
        ],
        "best_eff": [
            0.10709630006191342,
            0.23812040632526477,
            0.3273781405125111,
            0.3957198943232682,
            0.45061836289605045,
            0.49904720790090507,
            0.544786948238758,
            0.5724377415376924,
            0.5882844943091342,
            0.6021995828350416
        ],
        "best_eff_err": [
            0.003484402547238488,
            0.0051956441245835155,
            0.006092084628982724,
            0.006697844046873212,
            0.007147357932563031,
            0.007521628926009983,
            0.00785876742233412,
            0.00805573588031345,
            0.008166477874731987,
            0.008262496986998338
        ]
    }
}