{
    "M-350": {
        "best_paths": [
            " HLT_DoubleMediumIsoPFTau35_Trk1_eta2p1_Reg == 1  ||  HLT_DoubleMediumCombinedIsoPFTau35_Trk1_eta2p1_Reg == 1 ",
            "HLT_PFHT400_SixJet30_DoubleBTagCSV_p056",
            "HLT_HT650",
            "HLT_QuadJet45_TripleBTagCSV_p087",
            "HLT_HT550to650",
            "HLT_HT470to500",
            "HLT_HT500to550",
            "HLT_HT430to450",
            "HLT_HT450to470",
            "HLT_Diphoton30EB_18EB_R9Id_OR_IsoCaloId_AND_HE_R9Id_DoublePixelVeto_Mass55"
        ],
        "best_eff": [
            0.0641029228126248,
            0.135129753320832,
            0.17316647863085383,
            0.20044198818925613,
            0.223635865094598,
            0.24035023302522945,
            0.2567506292133177,
            0.2712671949461472,
            0.2812758082921414,
            0.28986539333203776
        ],
        "best_eff_err": [
            0.004486257502372128,
            0.00651359532973691,
            0.007373559591255365,
            0.007933039790055163,
            0.008379459544558973,
            0.008686954672587427,
            0.008978443208772943,
            0.009228772068484513,
            0.009397481346867497,
            0.00953989217168735
        ]
    }
}