{
    "M-340": {
        "best_paths": [
            " HLT_DoubleMediumIsoPFTau35_Trk1_eta2p1_Reg == 1  ||  HLT_DoubleMediumCombinedIsoPFTau35_Trk1_eta2p1_Reg == 1 ",
            "HLT_PFHT400_SixJet30_DoubleBTagCSV_p056",
            "HLT_HT650",
            "HLT_HT550to650",
            "HLT_QuadJet45_TripleBTagCSV_p087",
            "HLT_HT500to550",
            "HLT_HT470to500",
            "HLT_HT430to450",
            "HLT_HT450to470",
            "HLT_Diphoton30EB_18EB_R9Id_OR_IsoCaloId_AND_HE_R9Id_DoublePixelVeto_Mass55"
        ],
        "best_eff": [
            0.062398091839517375,
            0.11666953853589843,
            0.15129480786301325,
            0.17610337871244378,
            0.19475893994421026,
            0.21038992238445695,
            0.2244822502394311,
            0.2381575612324813,
            0.24929082108886147,
            0.2569952657056974
        ],
        "best_eff_err": [
            0.004509807212622143,
            0.006166675026196472,
            0.007022380126505443,
            0.007576282614215932,
            0.00796748075967996,
            0.008281038219785089,
            0.008553883398743115,
            0.008810580215820107,
            0.009014164232396977,
            0.009152397711396048
        ]
    }
}