{
    "M-300": {
        "best_paths": [
            " HLT_DoubleMediumIsoPFTau35_Trk1_eta2p1_Reg == 1  ||  HLT_DoubleMediumCombinedIsoPFTau35_Trk1_eta2p1_Reg == 1 ",
            "HLT_PFHT400_SixJet30_DoubleBTagCSV_p056",
            "HLT_QuadJet45_TripleBTagCSV_p087",
            "HLT_HT650",
            "HLT_HT550to650",
            "HLT_HT500to550",
            "HLT_HT430to450",
            "HLT_HT470to500",
            "HLT_Diphoton30EB_18EB_R9Id_OR_IsoCaloId_AND_HE_R9Id_DoublePixelVeto_Mass55",
            "HLT_HT450to470"
        ],
        "best_eff": [
            0.04931469676121058,
            0.09720111935001018,
            0.12065483031534521,
            0.1396927038059021,
            0.1544190406182438,
            0.168576412473754,
            0.1790833897981135,
            0.18913007012745484,
            0.19756541093997756,
            0.20512882998587623
        ],
        "best_eff_err": [
            0.0014137076327766808,
            0.0019847556751833844,
            0.002211280193424987,
            0.0023793497260344533,
            0.00250162290276716,
            0.002613784769181469,
            0.002694009187710696,
            0.002768545791657555,
            0.0028296119140605873,
            0.0028832663987349502
        ]
    }
}