{
    "M-450": {
        "best_paths": [
            " HLT_DoubleMediumIsoPFTau35_Trk1_eta2p1_Reg == 1  ||  HLT_DoubleMediumCombinedIsoPFTau35_Trk1_eta2p1_Reg == 1 ",
            "HLT_HT650",
            "HLT_HT550to650",
            "HLT_HT500to550",
            "HLT_HT430to450",
            "HLT_HT470to500",
            "HLT_HT450to470",
            "HLT_QuadJet45_TripleBTagCSV_p087",
            "HLT_PFHT300_PFMET110",
            "HLT_VLooseIsoPFTau140_Trk50_eta2p1"
        ],
        "best_eff": [
            0.0955918013518086,
            0.2003624865978304,
            0.2629476139452561,
            0.31550633948014073,
            0.3577131251711982,
            0.3980503052563282,
            0.43189781686735446,
            0.4530181817737852,
            0.47163730802920056,
            0.48255344597349936
        ],
        "best_eff_err": [
            0.0034382975224747096,
            0.004977844638927459,
            0.005702532231322966,
            0.00624650621596007,
            0.006651208608582711,
            0.007016202453302953,
            0.007308422330509343,
            0.007484985232415708,
            0.007637253521982911,
            0.007725130811295843
        ]
    }
}