{
    "M-900": {
        "best_paths": [
            " HLT_DoubleMediumIsoPFTau35_Trk1_eta2p1_Reg == 1  ||  HLT_DoubleMediumCombinedIsoPFTau35_Trk1_eta2p1_Reg == 1 ",
            "HLT_HT650",
            "HLT_HT550to650",
            "HLT_HT500to550",
            "HLT_PFHT300_PFMET110",
            "HLT_HT470to500",
            "HLT_HT450to470",
            "HLT_HT430to450",
            "HLT_Mu38NoFiltersNoVtx_DisplacedJet60_Loose",
            "HLT_VLooseIsoPFTau140_Trk50_eta2p1"
        ],
        "best_eff": [
            0.15668412984069735,
            0.7642606766968267,
            0.8784328723718073,
            0.9161361392228562,
            0.9362700028616794,
            0.947995975201196,
            0.9548233141008229,
            0.960921883228064,
            0.9634405861187348,
            0.9652846708959687
        ],
        "best_eff_err": [
            0.003644251230604086,
            0.008048529891890185,
            0.008628793857514572,
            0.008812026849215305,
            0.00890833127287442,
            0.008963942268527286,
            0.008996162910831784,
            0.00902484695843436,
            0.009036666874720637,
            0.009045311109518287
        ]
    }
}