{
    "M-270": {
        "best_paths": [
            " HLT_IsoMu24 == 1  ||  HLT_IsoMu27 == 1  ||  HLT_IsoMu20_eta2p1_LooseChargedIsoPFTau27_eta2p1_CrossL1 == 1  ||  HLT_Mu17_TrkIsoVVL_Mu8_TrkIsoVVL_DZ_Mass8 == 1  ||  HLT_Mu50 == 1  ||  HLT_MediumChargedIsoPFTau180HighPtRelaxedIso_Trk50_eta2p1 == 1 ",
            "HLT_IsoMu27",
            "HLT_IsoMu20_eta2p1_LooseChargedIsoPFTau27_eta2p1_CrossL1",
            "HLT_Mu17_TrkIsoVVL_Mu8_TrkIsoVVL_DZ_Mass8",
            "HLT_Mu50",
            "HLT_MediumChargedIsoPFTau180HighPtRelaxedIso_Trk50_eta2p1",
            "HLT_IsoMu24",
            "HLT_DoubleMu3_DZ_PFMET50_PFMHT60",
            "HLT_DoubleMediumChargedIsoPFTau40_Trk1_TightID_eta2p1_Reg",
            "HLT_Mu25_TkMu0_Onia"
        ],
        "best_eff": [
            0.8221153846153846,
            0.8476352727676753,
            0.8476352727676753,
            0.8476352727676753,
            0.8476352727676753,
            0.8476352727676753,
            0.8476352727676753,
            0.8476352727676753,
            0.8572506573830598,
            0.8650420354801673
        ],
        "best_eff_err": [
            0.06286873476260588,
            0.06383705491807891,
            0.06383705491807891,
            0.06383705491807891,
            0.06383705491807891,
            0.06383705491807891,
            0.06383705491807891,
            0.06383705491807891,
            0.06419811049606297,
            0.06448919242639418
        ]
    }
}