{
    "M-850": {
        "best_paths": [
            " HLT_IsoMu24 == 1  ||  HLT_IsoMu27 == 1  ||  HLT_IsoMu20_eta2p1_LooseChargedIsoPFTau27_eta2p1_CrossL1 == 1  ||  HLT_Mu17_TrkIsoVVL_Mu8_TrkIsoVVL_DZ_Mass8 == 1  ||  HLT_Mu50 == 1  ||  HLT_MediumChargedIsoPFTau180HighPtRelaxedIso_Trk50_eta2p1 == 1 ",
            "HLT_MonoCentralPFJet80_PFMETNoMu120_PFMHTNoMu120_IDTight",
            "HLT_DoubleMu4_Mass8_DZ_PFHT350",
            "HLT_PFHT380_SixPFJet32_DoublePFBTagCSV_2p2",
            "HLT_PFHT500_PFMET100_PFMHT100_IDTight",
            "HLT_Mu27_Ele37_CaloIdL_MW",
            "HLT_DiMu9_Ele9_CaloIdL_TrackIdL_DZ",
            "HLT_DoubleTightChargedIsoPFTau35_Trk1_TightID_eta2p1_Reg",
            "HLT_MediumChargedIsoPFTau50_Trk30_eta2p1_1pr_MET90",
            "HLT_Photon200"
        ],
        "best_eff": [
            0.9536423841059603,
            0.9867549668874173,
            0.9926138374565965,
            0.995543272741186,
            0.997198901880259,
            0.9982802022785027,
            0.9984711137752807,
            0.9986620252720588,
            0.9988529367688368,
            0.9990438482656149
        ],
        "best_eff_err": [
            0.039735099337748346,
            0.04041905833024405,
            0.040538875084788185,
            0.04059865085884327,
            0.04063239544260715,
            0.0406544190937692,
            0.040658306291444006,
            0.04066219311751304,
            0.04066607957208286,
            0.04066996565525996
        ]
    }
}