{
    "M-250": {
        "best_paths": [
            " HLT_IsoMu24 == 1  ||  HLT_IsoMu27 == 1  ||  HLT_IsoMu20_eta2p1_LooseChargedIsoPFTau27_eta2p1_CrossL1 == 1  ||  HLT_Mu17_TrkIsoVVL_Mu8_TrkIsoVVL_DZ_Mass8 == 1  ||  HLT_Mu50 == 1  ||  HLT_MediumChargedIsoPFTau180HighPtRelaxedIso_Trk50_eta2p1 == 1 ",
            "HLT_MonoCentralPFJet80_PFMETNoMu120_PFMHTNoMu120_IDTight",
            "HLT_Mu17_Photon30_IsoCaloId",
            "HLT_DoubleMu20_7_Mass0to30_Photon23",
            "HLT_DoubleTightChargedIsoPFTau35_Trk1_TightID_eta2p1_Reg",
            "HLT_OldMu100",
            "HLT_DiMu9_Ele9_CaloIdL_TrackIdL_DZ",
            "HLT_Mu20",
            "HLT_Mu18_Mu9_SameSign",
            "HLT_IsoMu24_eta2p1"
        ],
        "best_eff": [
            0.8490566037735849,
            0.8679245283018868,
            0.8761396910759652,
            0.8824289992520659,
            0.8887183074281665,
            0.8942823920567582,
            0.8964641188458196,
            0.8976723200794564,
            0.8987563703091359,
            0.8990728039655647
        ],
        "best_eff_err": [
            0.07307515747561164,
            0.07388264229226875,
            0.07423147932306312,
            0.0744974356593857,
            0.0747624459013901,
            0.07499611696684967,
            0.07508754298975202,
            0.0751381252237168,
            0.07518348081931145,
            0.0751967149341668
        ]
    }
}