{
    "M-1000": {
        "best_paths": [
            " HLT_IsoMu24 == 1  ||  HLT_IsoMu27 == 1  ||  HLT_IsoMu20_eta2p1_LooseChargedIsoPFTau27_eta2p1_CrossL1 == 1  ||  HLT_Mu17_TrkIsoVVL_Mu8_TrkIsoVVL_DZ_Mass8 == 1  ||  HLT_Mu50 == 1  ||  HLT_MediumChargedIsoPFTau180HighPtRelaxedIso_Trk50_eta2p1 == 1 ",
            "HLT_MonoCentralPFJet80_PFMETNoMu120_PFMHTNoMu120_IDTight",
            "HLT_DoubleMu4_Mass8_DZ_PFHT350",
            "HLT_AK8PFHT750_TrimMass50",
            "HLT_AK8PFHT800_TrimMass50",
            "HLT_AK8PFHT850_TrimMass50",
            "HLT_AK8PFHT900_TrimMass50",
            "HLT_AK8PFJet140",
            "HLT_AK8PFJet200",
            "HLT_AK8PFJet260"
        ],
        "best_eff": [
            0.9886685552407932,
            0.9971671388101983,
            0.9996733412349746,
            0.9996733412349746,
            0.9996733412349746,
            0.9996733412349746,
            0.9996733412349746,
            0.9996733412349746,
            0.9996733412349746,
            0.9996733412349746
        ],
        "best_eff_err": [
            0.052922214425692365,
            0.05314918708015218,
            0.05321593568531846,
            0.05321593568531846,
            0.05321593568531846,
            0.05321593568531846,
            0.05321593568531846,
            0.05321593568531846,
            0.05321593568531846,
            0.05321593568531846
        ]
    }
}