{
    "M-280": {
        "best_paths": [
            " HLT_IsoMu24 == 1  ||  HLT_IsoMu27 == 1  ||  HLT_IsoMu20_eta2p1_LooseChargedIsoPFTau27_eta2p1_CrossL1 == 1  ||  HLT_Mu17_TrkIsoVVL_Mu8_TrkIsoVVL_DZ_Mass8 == 1  ||  HLT_Mu50 == 1  ||  HLT_MediumChargedIsoPFTau180HighPtRelaxedIso_Trk50_eta2p1 == 1 ",
            "HLT_IsoMu27",
            "HLT_IsoMu20_eta2p1_LooseChargedIsoPFTau27_eta2p1_CrossL1",
            "HLT_Mu17_TrkIsoVVL_Mu8_TrkIsoVVL_DZ_Mass8",
            "HLT_Mu50",
            "HLT_MediumChargedIsoPFTau180HighPtRelaxedIso_Trk50_eta2p1",
            "HLT_IsoMu24",
            "HLT_DoubleMu3_DZ_PFMET50_PFMHT60",
            "HLT_MediumChargedIsoPFTau50_Trk30_eta2p1_1pr_MET100",
            "HLT_IsoMu24_eta2p1"
        ],
        "best_eff": [
            0.8423423423423423,
            0.862267780539326,
            0.862267780539326,
            0.862267780539326,
            0.862267780539326,
            0.862267780539326,
            0.862267780539326,
            0.862267780539326,
            0.8723156232785505,
            0.8818212772232994
        ],
        "best_eff_err": [
            0.061598172662961005,
            0.062322460650462895,
            0.062322460650462895,
            0.062322460650462895,
            0.062322460650462895,
            0.062322460650462895,
            0.062322460650462895,
            0.062322460650462895,
            0.06268452483993067,
            0.06302513717097541
        ]
    }
}