{
    "M-400": {
        "best_paths": [
            " HLT_IsoMu24 == 1  ||  HLT_IsoMu27 == 1  ||  HLT_IsoMu20_eta2p1_LooseChargedIsoPFTau27_eta2p1_CrossL1 == 1  ||  HLT_Mu17_TrkIsoVVL_Mu8_TrkIsoVVL_DZ_Mass8 == 1  ||  HLT_Mu50 == 1  ||  HLT_MediumChargedIsoPFTau180HighPtRelaxedIso_Trk50_eta2p1 == 1 ",
            "HLT_DoubleTightChargedIsoPFTau35_Trk1_TightID_eta2p1_Reg",
            "HLT_IsoMu27",
            "HLT_IsoMu20_eta2p1_LooseChargedIsoPFTau27_eta2p1_CrossL1",
            "HLT_Mu17_TrkIsoVVL_Mu8_TrkIsoVVL_DZ_Mass8",
            "HLT_Mu50",
            "HLT_MediumChargedIsoPFTau180HighPtRelaxedIso_Trk50_eta2p1",
            "HLT_IsoMu24",
            "HLT_DoubleMu4_Mass8_DZ_PFHT350",
            "HLT_MonoCentralPFJet80_PFMETNoMu120_PFMHTNoMu120_IDTight"
        ],
        "best_eff": [
            0.9116022099447514,
            0.9226519337016574,
            0.9324275078005091,
            0.9324275078005091,
            0.9324275078005091,
            0.9324275078005091,
            0.9324275078005091,
            0.9324275078005091,
            0.9324275078005091,
            0.9382709070934758
        ],
        "best_eff_err": [
            0.05018205006791422,
            0.050485267631207364,
            0.050752010759515756,
            0.050752010759515756,
            0.050752010759515756,
            0.050752010759515756,
            0.050752010759515756,
            0.050752010759515756,
            0.050752010759515756,
            0.05091079043907243
        ]
    }
}