{
    "M-320": {
        "best_paths": [
            " HLT_IsoMu24 == 1  ||  HLT_IsoMu27 == 1  ||  HLT_IsoMu20_eta2p1_LooseChargedIsoPFTau27_eta2p1_CrossL1 == 1  ||  HLT_Mu17_TrkIsoVVL_Mu8_TrkIsoVVL_DZ_Mass8 == 1  ||  HLT_Mu50 == 1  ||  HLT_MediumChargedIsoPFTau180HighPtRelaxedIso_Trk50_eta2p1 == 1 ",
            "HLT_MediumChargedIsoPFTau50_Trk30_eta2p1_1pr_MET100",
            "HLT_IsoMu27",
            "HLT_IsoMu20_eta2p1_LooseChargedIsoPFTau27_eta2p1_CrossL1",
            "HLT_Mu17_TrkIsoVVL_Mu8_TrkIsoVVL_DZ_Mass8",
            "HLT_Mu50",
            "HLT_MediumChargedIsoPFTau180HighPtRelaxedIso_Trk50_eta2p1",
            "HLT_BTagMu_AK4Jet300_Mu5",
            "HLT_IsoMu24",
            "HLT_DoubleMu4_Mass8_DZ_PFHT350"
        ],
        "best_eff": [
            0.8826291079812206,
            0.8967136150234741,
            0.9010908655269767,
            0.9010908655269767,
            0.9010908655269767,
            0.9010908655269767,
            0.9010908655269767,
            0.9010908655269767,
            0.9052443371511366,
            0.9052443371511366
        ],
        "best_eff_err": [
            0.0643723436657375,
            0.06488392000509509,
            0.0650420905804465,
            0.0650420905804465,
            0.0650420905804465,
            0.0650420905804465,
            0.0650420905804465,
            0.0650420905804465,
            0.06519182014528434,
            0.06519182014528434
        ]
    }
}