{
    "M-1500": {
        "best_paths": [
            " HLT_IsoMu24 == 1  ||  HLT_IsoMu27 == 1  ||  HLT_IsoMu20_eta2p1_LooseChargedIsoPFTau27_eta2p1_CrossL1 == 1  ||  HLT_Mu17_TrkIsoVVL_Mu8_TrkIsoVVL_DZ_Mass8 == 1  ||  HLT_Mu50 == 1  ||  HLT_MediumChargedIsoPFTau180HighPtRelaxedIso_Trk50_eta2p1 == 1 ",
            "HLT_AK8PFJet400_TrimMass30",
            "HLT_PFHT700_PFMET85_PFMHT85_IDTight",
            "HLT_DiJet110_35_Mjj650_PFMET110",
            "HLT_PFHT1050",
            "HLT_DiMu9_Ele9_CaloIdL_TrackIdL_DZ",
            "HLT_AK8PFHT750_TrimMass50",
            "HLT_AK8PFHT800_TrimMass50",
            "HLT_AK8PFHT850_TrimMass50",
            "HLT_AK8PFHT900_TrimMass50"
        ],
        "best_eff": [
            0.96045197740113,
            0.9929405732409577,
            0.9958721972423287,
            0.9983713199992384,
            0.9986970559993908,
            0.999022791999543,
            0.999022791999543,
            0.999022791999543,
            0.999022791999543,
            0.999022791999543
        ],
        "best_eff_err": [
            0.05208782179261518,
            0.052961465931014674,
            0.053039591790423064,
            0.05310610102520749,
            0.053114763713039935,
            0.053123424988272216,
            0.053123424988272216,
            0.053123424988272216,
            0.053123424988272216,
            0.053123424988272216
        ]
    }
}