{
    "M-700": {
        "best_paths": [
            " HLT_IsoMu24 == 1  ||  HLT_IsoMu27 == 1  ||  HLT_IsoMu20_eta2p1_LooseChargedIsoPFTau27_eta2p1_CrossL1 == 1  ||  HLT_Mu17_TrkIsoVVL_Mu8_TrkIsoVVL_DZ_Mass8 == 1  ||  HLT_Mu50 == 1  ||  HLT_MediumChargedIsoPFTau180HighPtRelaxedIso_Trk50_eta2p1 == 1 ",
            "HLT_DoubleMu8_Mass8_PFHT350",
            "HLT_MonoCentralPFJet80_PFMETNoMu120_PFMHTNoMu120_IDTight",
            "HLT_DoubleMediumChargedIsoPFTau40_Trk1_TightID_eta2p1_Reg",
            "HLT_RsqMR300_Rsq0p09_MR200",
            "HLT_Mu12_TrkIsoVVL_Ele23_CaloIdL_TrackIdL_IsoVL_DZ",
            "HLT_DoubleMu4_Mass8_DZ_PFHT350",
            "HLT_DoubleMu3_DZ_PFMET50_PFMHT60",
            "HLT_IsoMu24_eta2p1_LooseChargedIsoPFTau20_SingleL1",
            "HLT_Mu37_TkMu27"
        ],
        "best_eff": [
            0.9408284023668639,
            0.9635127473911224,
            0.9733746803299784,
            0.9775468904760414,
            0.9810367897105428,
            0.983009176298314,
            0.9847541259155647,
            0.9864990755328152,
            0.9882088887496098,
            0.9894970651609297
        ],
        "best_eff_err": [
            0.04307757330935218,
            0.043593802542343484,
            0.043816334446858195,
            0.04391013978220053,
            0.04398845082672488,
            0.044032648284957975,
            0.04407171235847564,
            0.04411074183721711,
            0.044148951947764456,
            0.04417771768620903
        ]
    }
}