{
    "M-2000": {
        "best_paths": [
            " HLT_IsoMu24 == 1  ||  HLT_IsoMu27 == 1  ||  HLT_IsoMu20_eta2p1_LooseChargedIsoPFTau27_eta2p1_CrossL1 == 1  ||  HLT_Mu17_TrkIsoVVL_Mu8_TrkIsoVVL_DZ_Mass8 == 1  ||  HLT_Mu50 == 1  ||  HLT_MediumChargedIsoPFTau180HighPtRelaxedIso_Trk50_eta2p1 == 1 ",
            "HLT_MonoCentralPFJet80_PFMETNoMu120_PFMHTNoMu120_IDTight",
            "HLT_AK8PFJet400_TrimMass30",
            "HLT_AK8PFHT750_TrimMass50",
            "HLT_AK8PFHT800_TrimMass50",
            "HLT_AK8PFHT850_TrimMass50",
            "HLT_AK8PFHT900_TrimMass50",
            "HLT_AK8PFJet140",
            "HLT_AK8PFJet200",
            "HLT_AK8PFJet260"
        ],
        "best_eff": [
            0.9487179487179487,
            0.9967948717948718,
            0.9996304149229039,
            0.9996304149229039,
            0.9996304149229039,
            0.9996304149229039,
            0.9996304149229039,
            0.9996304149229039,
            0.9996304149229039,
            0.9996304149229039
        ],
        "best_eff_err": [
            0.055143110686170685,
            0.056523051565860245,
            0.05660338892304427,
            0.05660338892304427,
            0.05660338892304427,
            0.05660338892304427,
            0.05660338892304427,
            0.05660338892304427,
            0.05660338892304427,
            0.05660338892304427
        ]
    }
}