{
    "M-600": {
        "best_paths": [
            " HLT_IsoMu24 == 1  ||  HLT_IsoMu27 == 1  ||  HLT_IsoMu20_eta2p1_LooseChargedIsoPFTau27_eta2p1_CrossL1 == 1  ||  HLT_Mu17_TrkIsoVVL_Mu8_TrkIsoVVL_DZ_Mass8 == 1  ||  HLT_Mu50 == 1  ||  HLT_MediumChargedIsoPFTau180HighPtRelaxedIso_Trk50_eta2p1 == 1 ",
            "HLT_DoubleMu8_Mass8_PFHT350",
            "HLT_DoubleMediumChargedIsoPFTau40_Trk1_TightID_eta2p1_Reg",
            "HLT_Mu12_DoublePFJets40MaxDeta1p6_DoubleCaloBTagCSV_p33",
            "HLT_DoubleMu3_DZ_PFMET50_PFMHT60",
            "HLT_HT430_DisplacedDijet40_DisplacedTrack",
            "HLT_OldMu100",
            "HLT_IsoMu24_eta2p1",
            "HLT_PFMET100_PFMHT100_IDTight_CaloBTagCSV_3p1",
            "HLT_Mu37_TkMu27"
        ],
        "best_eff": [
            0.9351230425055929,
            0.9588730950142124,
            0.9655845044101855,
            0.9695428464949556,
            0.9715220175373406,
            0.9735011885797256,
            0.9754803596221107,
            0.9770540025570355,
            0.9785780988971577,
            0.9800391848938899
        ],
        "best_eff_err": [
            0.045738363087831926,
            0.04631554778338207,
            0.04647735260498601,
            0.04657252040193088,
            0.04662003144892012,
            0.04666749412608668,
            0.046714908580862795,
            0.046752573594525136,
            0.04678902381125988,
            0.0468239404362011
        ]
    }
}