{
    "M-750": {
        "best_paths": [
            " HLT_IsoMu24 == 1  ||  HLT_IsoMu27 == 1  ||  HLT_IsoMu20_eta2p1_LooseChargedIsoPFTau27_eta2p1_CrossL1 == 1  ||  HLT_Mu17_TrkIsoVVL_Mu8_TrkIsoVVL_DZ_Mass8 == 1  ||  HLT_Mu50 == 1  ||  HLT_MediumChargedIsoPFTau180HighPtRelaxedIso_Trk50_eta2p1 == 1 ",
            "HLT_MonoCentralPFJet80_PFMETNoMu120_PFMHTNoMu120_IDTight",
            "HLT_DoubleMu4_Mass8_DZ_PFHT350",
            "HLT_PFMET110_PFMHT110_IDTight_CaloBTagCSV_3p1",
            "HLT_Mu12_TrkIsoVVL_Ele23_CaloIdL_TrackIdL_IsoVL_DZ",
            "HLT_PFMET120_PFMHT120_IDTight_PFHT60",
            "HLT_TripleMu_10_5_5_DZ",
            "HLT_PFMETTypeOne120_PFMHT120_IDTight",
            "HLT_AK8PFJet320",
            "HLT_Mu20"
        ],
        "best_eff": [
            0.9581818181818181,
            0.9745454545454545,
            0.9825880859631463,
            0.9858051385302228,
            0.9876233203484046,
            0.9892318466319431,
            0.98965115770123,
            0.9898227338381408,
            0.9898761325338116,
            0.9899260296756686
        ],
        "best_eff_err": [
            0.0417390555754509,
            0.04209395237378264,
            0.04226728986651813,
            0.04233642614989909,
            0.042375450018493334,
            0.04240994408759134,
            0.04241893140185127,
            0.04242260833432485,
            0.04242375262073256,
            0.04242482184407161
        ]
    }
}