{
    "M-650": {
        "best_paths": [
            " HLT_IsoMu24 == 1  ||  HLT_IsoMu27 == 1  ||  HLT_IsoMu20_eta2p1_LooseChargedIsoPFTau27_eta2p1_CrossL1 == 1  ||  HLT_Mu17_TrkIsoVVL_Mu8_TrkIsoVVL_DZ_Mass8 == 1  ||  HLT_Mu50 == 1  ||  HLT_MediumChargedIsoPFTau180HighPtRelaxedIso_Trk50_eta2p1 == 1 ",
            "HLT_MonoCentralPFJet80_PFMETNoMu120_PFMHTNoMu120_IDTight",
            "HLT_DoubleMu4_Mass8_DZ_PFHT350",
            "HLT_RsqMR300_Rsq0p09_MR200",
            "HLT_Mu12_TrkIsoVVL_Ele23_CaloIdL_TrackIdL_IsoVL_DZ",
            "HLT_PFHT300PT30_QuadPFJet_75_60_45_40_TriplePFBTagCSV_3p0",
            "HLT_DoubleMu20_7_Mass0to30_L1_DM4EG",
            "HLT_DoubleMediumChargedIsoPFTau40_Trk1_TightID_eta2p1_Reg",
            "HLT_TripleMu_10_5_5_DZ",
            "HLT_PFMET120_PFMHT120_IDTight"
        ],
        "best_eff": [
            0.9447004608294931,
            0.9631336405529954,
            0.9774028253263193,
            0.9835181902291724,
            0.9858223376946103,
            0.987860792662228,
            0.98863790161723,
            0.98890359411505,
            0.9891692866128701,
            0.9893867218094159
        ],
        "best_eff_err": [
            0.046655430256489834,
            0.047108406221799244,
            0.04745608751980479,
            0.04760431645584787,
            0.04766004658800694,
            0.04770929617609168,
            0.04772805794547976,
            0.04773447087737028,
            0.047740882947825226,
            0.04774612976352081
        ]
    }
}