{
    "M-600": {
        "best_paths": [
            " HLT_Ele32_WPTight_Gsf == 1  ||  HLT_Ele35_WPTight_Gsf == 1  ||  HLT_Ele24_eta2p1_WPTight_Gsf_LooseChargedIsoPFTau30_eta2p1_CrossL1 == 1  ||  HLT_Ele32_WPTight_Gsf_L1DoubleEG == 1  ||  HLT_DoubleTightChargedIsoPFTau35_Trk1_TightID_eta2p1_Reg == 1  ||  HLT_Ele50_CaloIdVT_GsfTrkIdT_PFJet165 == 1  ||  HLT_PFHT500_PFMET100_PFMHT100_IDTight == 1 ",
            "HLT_MonoCentralPFJet80_PFMETNoMu120_PFMHTNoMu120_IDTight",
            "HLT_Photon60_R9Id90_CaloIdL_IsoL_DisplacedIdL_PFHT350MinPFJet15",
            "HLT_Mu8_Ele8_CaloIdM_TrackIdM_Mass8_PFHT350_DZ",
            "HLT_MediumChargedIsoPFTau50_Trk30_eta2p1_1pr_MET90",
            "HLT_Diphoton30PV_18PV_R9Id_AND_IsoCaloId_AND_HE_R9Id_PixelVeto_Mass55",
            "HLT_MediumChargedIsoPFTau180HighPtRelaxedIso_Trk50_eta2p1",
            "HLT_RsqMR300_Rsq0p09_MR200",
            "HLT_Mu12_DoublePFJets40MaxDeta1p6_DoubleCaloBTagCSV_p33",
            "HLT_Mu12_DoublePhoton20"
        ],
        "best_eff": [
            0.796051219231631,
            0.8592488171075973,
            0.8768032614565924,
            0.8914869038789338,
            0.9002641260534314,
            0.9085628812401535,
            0.9131907258212901,
            0.9168799909799034,
            0.9205509015854888,
            0.9232608826665645
        ],
        "best_eff_err": [
            0.05747275086723649,
            0.05971053331555668,
            0.06031739224198794,
            0.060820356655728484,
            0.06111902971049874,
            0.06140008519193927,
            0.06155625992689879,
            0.0616804773844451,
            0.06180382904470475,
            0.06189473337339243
        ]
    }
}