{
    "M-700": {
        "best_paths": [
            " HLT_Ele32_WPTight_Gsf == 1  ||  HLT_Ele35_WPTight_Gsf == 1  ||  HLT_Ele24_eta2p1_WPTight_Gsf_LooseChargedIsoPFTau30_eta2p1_CrossL1 == 1  ||  HLT_Ele32_WPTight_Gsf_L1DoubleEG == 1  ||  HLT_DoubleTightChargedIsoPFTau35_Trk1_TightID_eta2p1_Reg == 1  ||  HLT_Ele50_CaloIdVT_GsfTrkIdT_PFJet165 == 1  ||  HLT_PFHT500_PFMET100_PFMHT100_IDTight == 1 ",
            "HLT_MonoCentralPFJet80_PFMETNoMu120_PFMHTNoMu120_IDTight",
            "HLT_Mu12_TrkIsoVVL_Ele23_CaloIdL_TrackIdL_IsoVL_DZ",
            "HLT_MediumChargedIsoPFTau50_Trk30_eta2p1_1pr_MET90",
            "HLT_DoublePFJets100MaxDeta1p6_DoubleCaloBTagCSV_p33",
            "HLT_PFHT300PT30_QuadPFJet_75_60_45_40_TriplePFBTagCSV_3p0",
            "HLT_DoubleMediumChargedIsoPFTau35_Trk1_eta2p1_Reg",
            "HLT_MediumChargedIsoPFTau180HighPtRelaxedIso_Trk50_eta2p1",
            "HLT_PFMET100_PFMHT100_IDTight_CaloBTagCSV_3p1",
            "HLT_Mu27_Ele37_CaloIdL_MW"
        ],
        "best_eff": [
            0.8515598416200173,
            0.8967929921887912,
            0.9156763701952443,
            0.9260084363929031,
            0.933842640432886,
            0.9391243685280865,
            0.944299743458921,
            0.9476584913659913,
            0.949692136333259,
            0.9516417048124807
        ],
        "best_eff_err": [
            0.05041794994322621,
            0.05173967536169613,
            0.052281567488841434,
            0.05257570054445314,
            0.05279763225222747,
            0.05294673100357035,
            0.053092421345753184,
            0.053186758855098715,
            0.05324379681711538,
            0.05329841936589609
        ]
    }
}