{
    "M-270": {
        "best_paths": [
            " HLT_Ele32_WPTight_Gsf == 1  ||  HLT_Ele35_WPTight_Gsf == 1  ||  HLT_Ele24_eta2p1_WPTight_Gsf_LooseChargedIsoPFTau30_eta2p1_CrossL1 == 1  ||  HLT_Ele32_WPTight_Gsf_L1DoubleEG == 1  ||  HLT_DoubleTightChargedIsoPFTau35_Trk1_TightID_eta2p1_Reg == 1  ||  HLT_Ele50_CaloIdVT_GsfTrkIdT_PFJet165 == 1  ||  HLT_PFHT500_PFMET100_PFMHT100_IDTight == 1 ",
            "HLT_Mu8_TrkIsoVVL_Ele23_CaloIdL_TrackIdL_IsoVL_DZ",
            "HLT_Ele27_WPTight_Gsf",
            "HLT_TriplePhoton_20_20_20_CaloIdLV2",
            "HLT_Diphoton30PV_18PV_R9Id_AND_IsoCaloId_AND_HE_R9Id_PixelVeto_Mass55",
            "HLT_Ele23_Ele12_CaloIdL_TrackIdL_IsoVL",
            "HLT_DiEle27_WPTightCaloOnly_L1DoubleEG",
            "HLT_RsqMR300_Rsq0p09_MR200",
            "HLT_Ele35_WPTight_Gsf_L1EGMT",
            "HLT_Mu17_Photon30_IsoCaloId"
        ],
        "best_eff": [
            0.4606355612653197,
            0.49656370497789454,
            0.5061493107231352,
            0.5139709327655213,
            0.519958956717617,
            0.5259403539115067,
            0.5312378955638783,
            0.5365354372162501,
            0.5404462482374432,
            0.5443570592586362
        ],
        "best_eff_err": [
            0.052519489468613755,
            0.054529215647660556,
            0.05505301259646849,
            0.05547675419561752,
            0.05579898464068893,
            0.056119011365096665,
            0.0564009329966932,
            0.05668145242668983,
            0.05688765313551023,
            0.057093109123020715
        ]
    }
}