{
    "M-3000": {
        "best_paths": [
            " HLT_Ele32_WPTight_Gsf == 1  ||  HLT_Ele35_WPTight_Gsf == 1  ||  HLT_Ele24_eta2p1_WPTight_Gsf_LooseChargedIsoPFTau30_eta2p1_CrossL1 == 1  ||  HLT_Ele32_WPTight_Gsf_L1DoubleEG == 1  ||  HLT_DoubleTightChargedIsoPFTau35_Trk1_TightID_eta2p1_Reg == 1  ||  HLT_Ele50_CaloIdVT_GsfTrkIdT_PFJet165 == 1  ||  HLT_PFHT500_PFMET100_PFMHT100_IDTight == 1 ",
            "HLT_PFMETTypeOne110_PFMHT110_IDTight",
            "HLT_AK8PFJet500",
            "HLT_AK8PFHT750_TrimMass50",
            "HLT_AK8PFHT800_TrimMass50",
            "HLT_AK8PFHT850_TrimMass50",
            "HLT_AK8PFHT900_TrimMass50",
            "HLT_AK8PFJet140",
            "HLT_AK8PFJet200",
            "HLT_AK8PFJet260"
        ],
        "best_eff": [
            0.9757541186075234,
            0.9784388017835088,
            0.9809455527412029,
            0.9809455527412029,
            0.9809455527412029,
            0.9809455527412029,
            0.9809455527412029,
            0.9809455527412029,
            0.9809455527412029,
            0.9809455527412029
        ],
        "best_eff_err": [
            0.1456435582395778,
            0.14584378195323963,
            0.14603048764029014,
            0.14603048764029014,
            0.14603048764029014,
            0.14603048764029014,
            0.14603048764029014,
            0.14603048764029014,
            0.14603048764029014,
            0.14603048764029014
        ]
    }
}