{
    "M-260": {
        "best_paths": [
            " HLT_Ele32_WPTight_Gsf == 1  ||  HLT_Ele35_WPTight_Gsf == 1  ||  HLT_Ele24_eta2p1_WPTight_Gsf_LooseChargedIsoPFTau30_eta2p1_CrossL1 == 1  ||  HLT_Ele32_WPTight_Gsf_L1DoubleEG == 1  ||  HLT_DoubleTightChargedIsoPFTau35_Trk1_TightID_eta2p1_Reg == 1  ||  HLT_Ele50_CaloIdVT_GsfTrkIdT_PFJet165 == 1  ||  HLT_PFHT500_PFMET100_PFMHT100_IDTight == 1 ",
            "HLT_Mu8_TrkIsoVVL_Ele23_CaloIdL_TrackIdL_IsoVL_DZ",
            "HLT_Ele23_Ele12_CaloIdL_TrackIdL_IsoVL",
            "HLT_DoubleEle33_CaloIdL_MW",
            "HLT_PFHT380_SixPFJet32_DoublePFBTagCSV_2p2",
            "HLT_TriplePhoton_30_30_10_CaloIdLV2",
            "HLT_DiSC30_18_EIso_AND_HE_Mass70",
            "HLT_Ele28_eta2p1_WPTight_Gsf_HT150",
            "HLT_Photon60_R9Id90_CaloIdL_IsoL",
            "HLT_Ele17_CaloIdM_TrackIdM_PFJet30"
        ],
        "best_eff": [
            0.46820874342186475,
            0.4947574159882364,
            0.5124565310324842,
            0.5212932631089239,
            0.5291223733385352,
            0.5349020675025992,
            0.5355156141001851,
            0.5359208981838071,
            0.5362447144436441,
            0.5364715988625434
        ],
        "best_eff_err": [
            0.06436955963243138,
            0.06616936007160171,
            0.06734250922678807,
            0.06792065015720983,
            0.06842878691824136,
            0.06880150154660325,
            0.06884094879484949,
            0.06886699366014103,
            0.06888779606290166,
            0.06890236768878014
        ]
    }
}