{
    "M-900": {
        "best_paths": [
            " HLT_Ele32_WPTight_Gsf == 1  ||  HLT_Ele35_WPTight_Gsf == 1  ||  HLT_Ele24_eta2p1_WPTight_Gsf_LooseChargedIsoPFTau30_eta2p1_CrossL1 == 1  ||  HLT_Ele32_WPTight_Gsf_L1DoubleEG == 1  ||  HLT_DoubleTightChargedIsoPFTau35_Trk1_TightID_eta2p1_Reg == 1  ||  HLT_Ele50_CaloIdVT_GsfTrkIdT_PFJet165 == 1  ||  HLT_PFHT500_PFMET100_PFMHT100_IDTight == 1 ",
            "HLT_MonoCentralPFJet80_PFMETNoMu120_PFMHTNoMu120_IDTight",
            "HLT_MediumChargedIsoPFTau50_Trk30_eta2p1_1pr_MET90",
            "HLT_Photon200",
            "HLT_DiJet110_35_Mjj650_PFMET110",
            "HLT_Ele27_WPTight_Gsf",
            "HLT_Mu12_TrkIsoVVL_Ele23_CaloIdL_TrackIdL_IsoVL_DZ",
            "HLT_AK8PFHT750_TrimMass50",
            "HLT_AK8PFHT800_TrimMass50",
            "HLT_AK8PFHT850_TrimMass50"
        ],
        "best_eff": [
            0.9400658432444607,
            0.9716926257854334,
            0.9818449100493928,
            0.9886770503141733,
            0.9931678597352194,
            0.9970440087103374,
            0.9976293414212708,
            0.9976293414212708,
            0.9976293414212708,
            0.9976293414212708
        ],
        "best_eff_err": [
            0.0690789970521303,
            0.07023140235737442,
            0.070597339291021,
            0.07084253828047936,
            0.07100324793226045,
            0.07114166922453025,
            0.07116254866211348,
            0.07116254866211348,
            0.07116254866211348,
            0.07116254866211348
        ]
    }
}