{
    "M-450": {
        "best_paths": [
            " HLT_Ele32_WPTight_Gsf == 1  ||  HLT_Ele35_WPTight_Gsf == 1  ||  HLT_Ele24_eta2p1_WPTight_Gsf_LooseChargedIsoPFTau30_eta2p1_CrossL1 == 1  ||  HLT_Ele32_WPTight_Gsf_L1DoubleEG == 1  ||  HLT_DoubleTightChargedIsoPFTau35_Trk1_TightID_eta2p1_Reg == 1  ||  HLT_Ele50_CaloIdVT_GsfTrkIdT_PFJet165 == 1  ||  HLT_PFHT500_PFMET100_PFMHT100_IDTight == 1 ",
            "HLT_Mu8_TrkIsoVVL_Ele23_CaloIdL_TrackIdL_IsoVL_DZ",
            "HLT_PFMET110_PFMHT110_IDTight_CaloBTagCSV_3p1",
            "HLT_DoubleMediumChargedIsoPFTau35_Trk1_eta2p1_Reg",
            "HLT_Photon60_R9Id90_CaloIdL_IsoL_DisplacedIdL_PFHT350MinPFJet15",
            "HLT_VBF_DoubleLooseChargedIsoPFTau20_Trk1_eta2p1_Reg",
            "HLT_MediumChargedIsoPFTau50_Trk30_eta2p1_1pr_MET90",
            "HLT_Ele28_eta2p1_WPTight_Gsf_HT150",
            "HLT_DiEle27_WPTightCaloOnly_L1DoubleEG",
            "HLT_Mu43NoFiltersNoVtx_Photon43_CaloIdL"
        ],
        "best_eff": [
            0.7099928610562316,
            0.7410860049031814,
            0.76142369354562,
            0.7713877774641807,
            0.7790506127132228,
            0.7840552521043281,
            0.7887702754304118,
            0.7926016930549329,
            0.7959913078286727,
            0.7993809226024124
        ],
        "best_eff_err": [
            0.052156295508164564,
            0.053286114330770636,
            0.05401233339875829,
            0.05436459073621727,
            0.05463394776092409,
            0.054809151713111154,
            0.0549737058509104,
            0.055107060309872384,
            0.05522476913288416,
            0.055342227598505635
        ]
    }
}