{
    "M-1250": {
        "best_paths": [
            " HLT_Ele32_WPTight_Gsf == 1  ||  HLT_Ele35_WPTight_Gsf == 1  ||  HLT_Ele24_eta2p1_WPTight_Gsf_LooseChargedIsoPFTau30_eta2p1_CrossL1 == 1  ||  HLT_Ele32_WPTight_Gsf_L1DoubleEG == 1  ||  HLT_DoubleTightChargedIsoPFTau35_Trk1_TightID_eta2p1_Reg == 1  ||  HLT_Ele50_CaloIdVT_GsfTrkIdT_PFJet165 == 1  ||  HLT_PFHT500_PFMET100_PFMHT100_IDTight == 1 ",
            "HLT_PFMETTypeOne120_PFMHT120_IDTight",
            "HLT_MediumChargedIsoPFTau50_Trk30_eta2p1_1pr_MET90",
            "HLT_Photon200",
            "HLT_Mu12_TrkIsoVVL_Ele23_CaloIdL_TrackIdL_IsoVL_DZ",
            "HLT_MonoCentralPFJet80_PFMETNoMu120_PFMHTNoMu120_IDTight",
            "HLT_AK8PFHT750_TrimMass50",
            "HLT_AK8PFHT800_TrimMass50",
            "HLT_AK8PFHT850_TrimMass50",
            "HLT_AK8PFHT900_TrimMass50"
        ],
        "best_eff": [
            0.9602156071699346,
            0.9843496643589615,
            0.9919036629975816,
            0.9989761979867072,
            0.9996389022628792,
            0.9998796340876264,
            0.9998796340876264,
            0.9998796340876264,
            0.9998796340876264,
            0.9998796340876264
        ],
        "best_eff_err": [
            0.07428647589552648,
            0.07521424053378782,
            0.07550228979543547,
            0.07577098730493739,
            0.07579611574764461,
            0.07580524176245677,
            0.07580524176245677,
            0.07580524176245677,
            0.07580524176245677,
            0.07580524176245677
        ]
    }
}