{
    "M-650": {
        "best_paths": [
            " HLT_Ele32_WPTight_Gsf == 1  ||  HLT_Ele35_WPTight_Gsf == 1  ||  HLT_Ele24_eta2p1_WPTight_Gsf_LooseChargedIsoPFTau30_eta2p1_CrossL1 == 1  ||  HLT_Ele32_WPTight_Gsf_L1DoubleEG == 1  ||  HLT_DoubleTightChargedIsoPFTau35_Trk1_TightID_eta2p1_Reg == 1  ||  HLT_Ele50_CaloIdVT_GsfTrkIdT_PFJet165 == 1  ||  HLT_PFHT500_PFMET100_PFMHT100_IDTight == 1 ",
            "HLT_MonoCentralPFJet80_PFMETNoMu120_PFMHTNoMu120_IDTight",
            "HLT_Mu8_TrkIsoVVL_Ele23_CaloIdL_TrackIdL_IsoVL_DZ",
            "HLT_RsqMR300_Rsq0p09_MR200",
            "HLT_Photon60_R9Id90_CaloIdL_IsoL_DisplacedIdL_PFHT350MinPFJet15",
            "HLT_DoubleMediumChargedIsoPFTau35_Trk1_eta2p1_Reg",
            "HLT_MediumChargedIsoPFTau180HighPtRelaxedIso_Trk50_eta2p1",
            "HLT_MediumChargedIsoPFTau50_Trk30_eta2p1_1pr_MET90",
            "HLT_BTagMu_AK8Jet300_Mu5",
            "HLT_DiJet110_35_Mjj650_PFMET110"
        ],
        "best_eff": [
            0.7828995372735298,
            0.8406678591644365,
            0.8666418851384625,
            0.8857910075615377,
            0.8944490162195463,
            0.9019544300802804,
            0.906782614253674,
            0.9116107984270676,
            0.9155375409190484,
            0.9193673654036635
        ],
        "best_eff_err": [
            0.05821662551224174,
            0.06032623642808863,
            0.061251093642978136,
            0.0619240914856811,
            0.062225988648538795,
            0.06248651560442594,
            0.06265353830846282,
            0.06282011694320434,
            0.0629552696603274,
            0.06308680769208222
        ]
    }
}