{
    "M-300": {
        "best_paths": [
            " HLT_Ele32_WPTight_Gsf == 1  ||  HLT_Ele35_WPTight_Gsf == 1  ||  HLT_Ele24_eta2p1_WPTight_Gsf_LooseChargedIsoPFTau30_eta2p1_CrossL1 == 1  ||  HLT_Ele32_WPTight_Gsf_L1DoubleEG == 1  ||  HLT_DoubleTightChargedIsoPFTau35_Trk1_TightID_eta2p1_Reg == 1  ||  HLT_Ele50_CaloIdVT_GsfTrkIdT_PFJet165 == 1  ||  HLT_PFHT500_PFMET100_PFMHT100_IDTight == 1 ",
            "HLT_Mu23_TrkIsoVVL_Ele12_CaloIdL_TrackIdL_IsoVL_DZ",
            "HLT_Mu17_Photon30_IsoCaloId",
            "HLT_VBF_DoubleLooseChargedIsoPFTau20_Trk1_eta2p1_Reg",
            "HLT_PFHT300PT30_QuadPFJet_75_60_45_40_TriplePFBTagCSV_3p0",
            "HLT_PFHT380_SixPFJet32_DoublePFBTagCSV_2p2",
            "HLT_TriplePhoton_20_20_20_CaloIdLV2",
            "HLT_Mu8_TrkIsoVVL_Ele23_CaloIdL_TrackIdL_IsoVL_DZ",
            "HLT_DoubleEle8_CaloIdM_TrackIdM_Mass8_PFHT350",
            "HLT_QuadPFJet103_88_75_15_DoubleBTagCSV_p013_p08_VBF1"
        ],
        "best_eff": [
            0.534872999283676,
            0.5592632431861151,
            0.5698828438452896,
            0.5805024445044643,
            0.5876950417072779,
            0.5948876389100916,
            0.6001974392396788,
            0.6048926884069034,
            0.6067754852801296,
            0.608288377154354
        ],
        "best_eff_err": [
            0.0659436196290891,
            0.06743037620879386,
            0.06806756828623106,
            0.06869885056638128,
            0.06912313989659948,
            0.06954484070862292,
            0.06985452009396646,
            0.07012721821814603,
            0.0702362728699902,
            0.07032377948179765
        ]
    }
}