{
    "M-550": {
        "best_paths": [
            " HLT_Ele32_WPTight_Gsf == 1  ||  HLT_Ele35_WPTight_Gsf == 1  ||  HLT_Ele24_eta2p1_WPTight_Gsf_LooseChargedIsoPFTau30_eta2p1_CrossL1 == 1  ||  HLT_Ele32_WPTight_Gsf_L1DoubleEG == 1  ||  HLT_DoubleTightChargedIsoPFTau35_Trk1_TightID_eta2p1_Reg == 1  ||  HLT_Ele50_CaloIdVT_GsfTrkIdT_PFJet165 == 1  ||  HLT_PFHT500_PFMET100_PFMHT100_IDTight == 1 ",
            "HLT_PFMET100_PFMHT100_IDTight_CaloBTagCSV_3p1",
            "HLT_Mu8_TrkIsoVVL_Ele23_CaloIdL_TrackIdL_IsoVL_DZ",
            "HLT_PFMET120_PFMHT120_IDTight_PFHT60",
            "HLT_DiEle27_WPTightCaloOnly_L1DoubleEG",
            "HLT_Ele115_CaloIdVT_GsfTrkIdT",
            "HLT_Mu8_Ele8_CaloIdM_TrackIdM_Mass8_PFHT350_DZ",
            "HLT_RsqMR300_Rsq0p09_MR200_4jet",
            "HLT_VBF_DoubleLooseChargedIsoPFTau20_Trk1_eta2p1_Reg",
            "HLT_Photon60_R9Id90_CaloIdL_IsoL_DisplacedIdL_PFHT350MinPFJet15"
        ],
        "best_eff": [
            0.7904951624887995,
            0.8132155328330559,
            0.8225486754611223,
            0.8305059198774534,
            0.8379091789230272,
            0.8453124379686011,
            0.8527156970141749,
            0.8601189560597488,
            0.8655005915454327,
            0.8701671628594659
        ],
        "best_eff_err": [
            0.057510965390267094,
            0.0583315990796098,
            0.05866537528354786,
            0.05894845347293913,
            0.059210608391752344,
            0.05947160772496096,
            0.05973146662071692,
            0.059990199899083545,
            0.06017758209848069,
            0.06033959554228857
        ]
    }
}