{
    "M-450": {
        "best_paths": [
            " HLT_Ele32_WPTight_Gsf == 1  ||  HLT_Ele35_WPTight_Gsf == 1  ||  HLT_Ele24_eta2p1_WPTight_Gsf_LooseChargedIsoPFTau30_eta2p1_CrossL1 == 1  ||  HLT_Ele32_WPTight_Gsf_L1DoubleEG == 1 ",
            "HLT_DoubleTightChargedIsoPFTau35_Trk1_TightID_eta2p1_Reg",
            "HLT_Mu8_TrkIsoVVL_Ele23_CaloIdL_TrackIdL_IsoVL_DZ",
            "HLT_PFMET120_PFMHT120_IDTight",
            "HLT_Ele50_CaloIdVT_GsfTrkIdT_PFJet165",
            "HLT_DoubleMediumChargedIsoPFTau35_Trk1_eta2p1_Reg",
            "HLT_Photon60_R9Id90_CaloIdL_IsoL_DisplacedIdL_PFHT350MinPFJet15",
            "HLT_PFMET100_PFMHT100_IDTight_CaloBTagCSV_3p1",
            "HLT_VBF_DoubleLooseChargedIsoPFTau20_Trk1_eta2p1_Reg",
            "HLT_MediumChargedIsoPFTau50_Trk30_eta2p1_1pr_MET90"
        ],
        "best_eff": [
            0.5365517241379311,
            0.6819923371647509,
            0.7164750957854407,
            0.7464844852489501,
            0.760042944343909,
            0.7700070282624697,
            0.7776698635115119,
            0.7828903314351492,
            0.7878949708262544,
            0.7918868763339403
        ],
        "best_eff_err": [
            0.045340420513370165,
            0.051117486835733084,
            0.05239384801217373,
            0.05347984492511518,
            0.05396333878062162,
            0.05431591386591891,
            0.054585511091469176,
            0.05476841985969446,
            0.054943195006253755,
            0.05508220524464138
        ]
    }
}