{
    "M-1750": {
        "best_paths": [
            " HLT_Ele32_WPTight_Gsf == 1  ||  HLT_Ele35_WPTight_Gsf == 1  ||  HLT_Ele24_eta2p1_WPTight_Gsf_LooseChargedIsoPFTau30_eta2p1_CrossL1 == 1  ||  HLT_Ele32_WPTight_Gsf_L1DoubleEG == 1 ",
            "HLT_PFHT500_PFMET100_PFMHT100_IDTight",
            "HLT_AK8PFJet400_TrimMass30",
            "HLT_MediumChargedIsoPFTau180HighPtRelaxedIso_Trk50_eta2p1",
            "HLT_PFHT800_PFMET75_PFMHT75_IDTight",
            "HLT_AK8PFHT750_TrimMass50",
            "HLT_AK8PFHT800_TrimMass50",
            "HLT_AK8PFHT850_TrimMass50",
            "HLT_AK8PFHT900_TrimMass50",
            "HLT_AK8PFJet140"
        ],
        "best_eff": [
            0.7321428571428571,
            0.9553571428571429,
            0.9869531948552169,
            0.9979408831418942,
            1.0,
            1.0,
            1.0,
            1.0,
            1.0,
            1.0
        ],
        "best_eff_err": [
            0.08085165301908408,
            0.09235786100704109,
            0.0938726909006106,
            0.09439378399356631,
            0.09449111825230681,
            0.09449111825230681,
            0.09449111825230681,
            0.09449111825230681,
            0.09449111825230681,
            0.09449111825230681
        ]
    }
}