{
    "M-700": {
        "best_paths": [
            " HLT_Ele32_WPTight_Gsf == 1  ||  HLT_Ele35_WPTight_Gsf == 1  ||  HLT_Ele24_eta2p1_WPTight_Gsf_LooseChargedIsoPFTau30_eta2p1_CrossL1 == 1  ||  HLT_Ele32_WPTight_Gsf_L1DoubleEG == 1 ",
            "HLT_PFMETTypeOne120_PFMHT120_IDTight",
            "HLT_DoubleTightChargedIsoPFTau35_Trk1_TightID_eta2p1_Reg",
            "HLT_Ele50_CaloIdVT_GsfTrkIdT_PFJet165",
            "HLT_Mu8_TrkIsoVVL_Ele23_CaloIdL_TrackIdL_IsoVL_DZ",
            "HLT_MediumChargedIsoPFTau50_Trk30_eta2p1_1pr_MET90",
            "HLT_DoublePFJets100MaxDeta1p6_DoubleCaloBTagCSV_p33",
            "HLT_PFHT300PT30_QuadPFJet_75_60_45_40_TriplePFBTagCSV_3p0",
            "HLT_DoubleMediumChargedIsoPFTau35_Trk1_eta2p1_Reg",
            "HLT_Diphoton30_22_R9Id_OR_IsoCaloId_AND_HE_R9Id_Mass90"
        ],
        "best_eff": [
            0.5822132814189921,
            0.751717215559181,
            0.8454423788615901,
            0.8929779317183941,
            0.9122364202099754,
            0.923662917957157,
            0.9314971219971401,
            0.9367788500923403,
            0.9419542250231748,
            0.9454085470576824
        ],
        "best_eff_err": [
            0.04168872861803339,
            0.0473701592433868,
            0.05023652648836987,
            0.05162950480416759,
            0.052183271185999525,
            0.0525090729319288,
            0.05273128505803798,
            0.052880570878112175,
            0.0530264429957884,
            0.05312358295374878
        ]
    }
}