{
    "M-300": {
        "best_paths": [
            " HLT_Ele32_WPTight_Gsf == 1  ||  HLT_Ele35_WPTight_Gsf == 1  ||  HLT_Ele24_eta2p1_WPTight_Gsf_LooseChargedIsoPFTau30_eta2p1_CrossL1 == 1  ||  HLT_Ele32_WPTight_Gsf_L1DoubleEG == 1 ",
            "HLT_DoubleTightChargedIsoPFTau40_Trk1_eta2p1_Reg",
            "HLT_Mu23_TrkIsoVVL_Ele12_CaloIdL_TrackIdL_IsoVL_DZ",
            "HLT_Mu8_TrkIsoVVL_Ele23_CaloIdL_TrackIdL_IsoVL_DZ",
            "HLT_PFHT500_PFMET100_PFMHT100_IDTight",
            "HLT_VBF_DoubleLooseChargedIsoPFTau20_Trk1_eta2p1_Reg",
            "HLT_PFHT380_SixPFJet32_DoublePFBTagCSV_2p2",
            "HLT_PFHT300PT30_QuadPFJet_75_60_45_40_TriplePFBTagCSV_3p0",
            "HLT_Mu17_Photon30_IsoCaloId",
            "HLT_TriplePhoton_20_20_20_CaloIdLV2"
        ],
        "best_eff": [
            0.4395121951219512,
            0.5123577235772357,
            0.5367479674796749,
            0.5530081300813009,
            0.5692682926829269,
            0.5798878933421013,
            0.5870804905449151,
            0.5942730877477287,
            0.5995828880773161,
            0.6048926884069034
        ],
        "best_eff_err": [
            0.05977683396634731,
            0.06454076190890842,
            0.06605909940088416,
            0.06705222634313907,
            0.06803085698039685,
            0.06866247678483835,
            0.06908698950056619,
            0.06950890963232136,
            0.06981874838927468,
            0.07012721821814603
        ]
    }
}