{
    "M-850": {
        "best_paths": [
            " HLT_Ele32_WPTight_Gsf == 1  ||  HLT_Ele35_WPTight_Gsf == 1  ||  HLT_Ele24_eta2p1_WPTight_Gsf_LooseChargedIsoPFTau30_eta2p1_CrossL1 == 1  ||  HLT_Ele32_WPTight_Gsf_L1DoubleEG == 1 ",
            "HLT_PFMET120_PFMHT120_IDTight",
            "HLT_DoubleMediumChargedIsoPFTau40_Trk1_TightID_eta2p1_Reg",
            "HLT_Ele50_CaloIdVT_GsfTrkIdT_PFJet165",
            "HLT_AK8PFJet360_TrimMass30",
            "HLT_MediumChargedIsoPFTau50_Trk30_eta2p1_1pr_MET90",
            "HLT_PFHT500_PFMET100_PFMHT100_IDTight",
            "HLT_DoublePhoton70",
            "HLT_Photon60_R9Id90_CaloIdL_IsoL_DisplacedIdL_PFHT350MinPFJet15",
            "HLT_DoubleTightChargedIsoPFTau35_Trk1_TightID_eta2p1_Reg"
        ],
        "best_eff": [
            0.6404199475065617,
            0.8125899585132498,
            0.9110221056263,
            0.9481744187368963,
            0.9535387578237834,
            0.9587760966566703,
            0.9624730045479989,
            0.965702981157206,
            0.9686303054198147,
            0.9712549773358252
        ],
        "best_eff_err": [
            0.04099868596276459,
            0.04618205326035064,
            0.048899224283234795,
            0.04988633849400365,
            0.05002725655567793,
            0.050164456487008104,
            0.050261077037359415,
            0.05034534232529296,
            0.05042159021324158,
            0.050489857023948426
        ]
    }
}