{
    "M-3000": {
        "best_paths": [
            " HLT_Ele32_WPTight_Gsf == 1  ||  HLT_Ele35_WPTight_Gsf == 1  ||  HLT_Ele24_eta2p1_WPTight_Gsf_LooseChargedIsoPFTau30_eta2p1_CrossL1 == 1  ||  HLT_Ele32_WPTight_Gsf_L1DoubleEG == 1 ",
            "HLT_PFHT500_PFMET100_PFMHT100_IDTight",
            "HLT_AK8PFJet500",
            "HLT_PFMETTypeOne110_PFMHT110_IDTight",
            "HLT_AK8PFHT750_TrimMass50",
            "HLT_AK8PFHT800_TrimMass50",
            "HLT_AK8PFHT850_TrimMass50",
            "HLT_AK8PFHT900_TrimMass50",
            "HLT_AK8PFJet140",
            "HLT_AK8PFJet200"
        ],
        "best_eff": [
            0.5652173913043478,
            0.9565217391304348,
            0.9782608695652174,
            0.9809455527412029,
            0.9809455527412029,
            0.9809455527412029,
            0.9809455527412029,
            0.9809455527412029,
            0.9809455527412029,
            0.9809455527412029
        ],
        "best_eff_err": [
            0.11084825029549532,
            0.14420107784153913,
            0.1458305202717254,
            0.14603048764029014,
            0.14603048764029014,
            0.14603048764029014,
            0.14603048764029014,
            0.14603048764029014,
            0.14603048764029014,
            0.14603048764029014
        ]
    }
}