{
    "M-1250": {
        "best_paths": [
            " HLT_Ele32_WPTight_Gsf == 1  ||  HLT_Ele35_WPTight_Gsf == 1  ||  HLT_Ele24_eta2p1_WPTight_Gsf_LooseChargedIsoPFTau30_eta2p1_CrossL1 == 1  ||  HLT_Ele32_WPTight_Gsf_L1DoubleEG == 1 ",
            "HLT_PFMETTypeOne120_PFMHT120_IDTight",
            "HLT_DoubleTightChargedIsoPFTau35_Trk1_TightID_eta2p1_Reg",
            "HLT_Ele50_CaloIdVT_GsfTrkIdT_PFJet165",
            "HLT_MediumChargedIsoPFTau50_Trk30_eta2p1_1pr_MET90",
            "HLT_Photon200",
            "HLT_MonoCentralPFJet80_PFMETNoMu120_PFMHTNoMu120_IDTight",
            "HLT_Mu12_TrkIsoVVL_Ele23_CaloIdL_TrackIdL_IsoVL_DZ",
            "HLT_AK8PFHT750_TrimMass50",
            "HLT_AK8PFHT800_TrimMass50"
        ],
        "best_eff": [
            0.6379310344827587,
            0.8967620186055271,
            0.9559184057465735,
            0.9813405165496216,
            0.9903389061367249,
            0.9975318070382239,
            0.9992169298114544,
            0.9998796340876264,
            0.9998796340876264,
            0.9998796340876264
        ],
        "best_eff_err": [
            0.060549734211797344,
            0.07179000421109798,
            0.07412006436230517,
            0.07509918791935935,
            0.07544271276161636,
            0.07571618994481898,
            0.07578011634590676,
            0.07580524176245677,
            0.07580524176245677,
            0.07580524176245677
        ]
    }
}