{
    "M-1500": {
        "best_paths": [
            " HLT_Ele32_WPTight_Gsf == 1  ||  HLT_Ele35_WPTight_Gsf == 1  ||  HLT_Ele24_eta2p1_WPTight_Gsf_LooseChargedIsoPFTau30_eta2p1_CrossL1 == 1  ||  HLT_Ele32_WPTight_Gsf_L1DoubleEG == 1 ",
            "HLT_PFHT500_PFMET100_PFMHT100_IDTight",
            "HLT_AK8PFJet400_TrimMass30",
            "HLT_DoubleTightChargedIsoPFTau35_Trk1_TightID_eta2p1_Reg",
            "HLT_PFMET140_PFMHT140_IDTight",
            "HLT_AK8PFJet500",
            "HLT_MediumChargedIsoPFTau180HighPtRelaxedIso_Trk50_eta2p1",
            "HLT_PFJet140",
            "HLT_AK8PFHT750_TrimMass50",
            "HLT_AK8PFHT800_TrimMass50"
        ],
        "best_eff": [
            0.6815286624203821,
            0.9235668789808917,
            0.9630116317937741,
            0.977953871489072,
            0.9906927249922567,
            0.9928961111843699,
            0.9936305732484076,
            0.9936366605435939,
            0.9936366605435939,
            0.9936366605435939
        ],
        "best_eff_err": [
            0.06588586262922676,
            0.07669805464198914,
            0.07831878478144227,
            0.07892404925550771,
            0.07943641951380745,
            0.07952470718040869,
            0.07955411462927896,
            0.07955435831574069,
            0.07955435831574069,
            0.07955435831574069
        ]
    }
}