{
    "M-500": {
        "best_paths": [
            " HLT_Ele32_WPTight_Gsf == 1  ||  HLT_Ele35_WPTight_Gsf == 1  ||  HLT_Ele24_eta2p1_WPTight_Gsf_LooseChargedIsoPFTau30_eta2p1_CrossL1 == 1  ||  HLT_Ele32_WPTight_Gsf_L1DoubleEG == 1 ",
            "HLT_DoubleTightChargedIsoPFTau35_Trk1_TightID_eta2p1_Reg",
            "HLT_Ele50_CaloIdVT_GsfTrkIdT_PFJet165",
            "HLT_Mu12_TrkIsoVVL_Ele23_CaloIdL_TrackIdL_IsoVL_DZ",
            "HLT_PFMET100_PFMHT100_IDTight_CaloBTagCSV_3p1",
            "HLT_DoubleMediumChargedIsoPFTau35_Trk1_eta2p1_Reg",
            "HLT_Diphoton30_22_R9Id_OR_IsoCaloId_AND_HE_R9Id_Mass90",
            "HLT_PFHT380_SixPFJet32_DoublePFBTagDeepCSV_2p2",
            "HLT_RsqMR300_Rsq0p09_MR200",
            "HLT_Diphoton30PV_18PV_R9Id_AND_IsoCaloId_AND_HE_R9Id_PixelVeto_Mass55"
        ],
        "best_eff": [
            0.5905319148936171,
            0.7341489361702127,
            0.7623837060408322,
            0.7842736557432466,
            0.8023925670207641,
            0.8162256835247235,
            0.8268639813970639,
            0.8372858767248178,
            0.8430736844261872,
            0.8483928333623575
        ],
        "best_eff_err": [
            0.05604575993668871,
            0.06249037952213348,
            0.06368070727418625,
            0.06458845393422119,
            0.06533028064580301,
            0.06589101589894739,
            0.06631902190929582,
            0.0667356597363895,
            0.06696592037468503,
            0.06717684003459687
        ]
    }
}