{
    "M-650": {
        "best_paths": [
            " HLT_Ele32_WPTight_Gsf == 1  ||  HLT_Ele35_WPTight_Gsf == 1  ||  HLT_Ele24_eta2p1_WPTight_Gsf_LooseChargedIsoPFTau30_eta2p1_CrossL1 == 1  ||  HLT_Ele32_WPTight_Gsf_L1DoubleEG == 1 ",
            "HLT_PFMETTypeOne120_PFMHT120_IDTight",
            "HLT_DoubleTightChargedIsoPFTau35_Trk1_TightID_eta2p1_Reg",
            "HLT_RsqMR300_Rsq0p09_MR200",
            "HLT_Mu8_TrkIsoVVL_Ele23_CaloIdL_TrackIdL_IsoVL_DZ",
            "HLT_Ele50_CaloIdVT_GsfTrkIdT_PFJet165",
            "HLT_MediumChargedIsoPFTau50_Trk30_eta2p1_1pr_MET90",
            "HLT_Photon60_R9Id90_CaloIdL_IsoL_DisplacedIdL_PFHT350MinPFJet15",
            "HLT_DoubleMediumChargedIsoPFTau35_Trk1_eta2p1_Reg",
            "HLT_MediumChargedIsoPFTau180HighPtRelaxedIso_Trk50_eta2p1"
        ],
        "best_eff": [
            0.5844281322542192,
            0.7200487094167365,
            0.8028437830640006,
            0.833482378940921,
            0.8596377353803409,
            0.8787868578034161,
            0.888760033400087,
            0.8975087072907927,
            0.9050141211515268,
            0.9098423053249204
        ],
        "best_eff_err": [
            0.05029902498578307,
            0.055830941064601736,
            0.058953491944059355,
            0.060067868503752266,
            0.061003077609551586,
            0.06167878169762354,
            0.06202778435535973,
            0.06233232772150356,
            0.0625924120662801,
            0.06275915294570872
        ]
    }
}