{
    "M-280": {
        "best_paths": [
            " HLT_Ele32_WPTight_Gsf == 1  ||  HLT_Ele35_WPTight_Gsf == 1  ||  HLT_Ele24_eta2p1_WPTight_Gsf_LooseChargedIsoPFTau30_eta2p1_CrossL1 == 1  ||  HLT_Ele32_WPTight_Gsf_L1DoubleEG == 1 ",
            "HLT_DoubleMediumChargedIsoPFTau35_Trk1_eta2p1_Reg",
            "HLT_Mu8_TrkIsoVVL_Ele23_CaloIdL_TrackIdL_IsoVL_DZ",
            "HLT_Ele23_Ele12_CaloIdL_TrackIdL_IsoVL",
            "HLT_DiJet110_35_Mjj650_PFMET110",
            "HLT_PFHT300PT30_QuadPFJet_75_60_45_40_TriplePFBTagCSV_3p0",
            "HLT_DoubleTightChargedIsoPFTau35_Trk1_TightID_eta2p1_Reg",
            "HLT_Ele28_eta2p1_WPTight_Gsf_HT150",
            "HLT_Diphoton30PV_18PV_R9Id_AND_IsoCaloId_AND_HE_R9Id_PixelVeto_Mass55",
            "HLT_DiEle27_WPTightCaloOnly_L1DoubleEG"
        ],
        "best_eff": [
            0.351544227886057,
            0.4408594972293983,
            0.5020329122872361,
            0.5135271651607994,
            0.5236960094820188,
            0.533864853803238,
            0.5407506141007493,
            0.5466210122350155,
            0.552368138671797,
            0.5574525608324067
        ],
        "best_eff_err": [
            0.044948516391333064,
            0.05033562626443942,
            0.05371449173491673,
            0.0543259196599666,
            0.05486116277414417,
            0.055391234098556945,
            0.05574730621298491,
            0.056049086257638325,
            0.056342963470131166,
            0.05660168150869312
        ]
    }
}