{
    "M-600": {
        "best_paths": [
            " HLT_Ele32_WPTight_Gsf == 1  ||  HLT_Ele35_WPTight_Gsf == 1  ||  HLT_Ele24_eta2p1_WPTight_Gsf_LooseChargedIsoPFTau30_eta2p1_CrossL1 == 1  ||  HLT_Ele32_WPTight_Gsf_L1DoubleEG == 1 ",
            "HLT_DoubleTightChargedIsoPFTau35_Trk1_TightID_eta2p1_Reg",
            "HLT_PFMETTypeOne120_PFMHT120_IDTight",
            "HLT_Ele50_CaloIdVT_GsfTrkIdT_PFJet165",
            "HLT_Photon60_R9Id90_CaloIdL_IsoL_DisplacedIdL_PFHT350MinPFJet15",
            "HLT_Mu8_Ele8_CaloIdM_TrackIdM_Mass8_PFHT350_DZ",
            "HLT_MediumChargedIsoPFTau50_Trk30_eta2p1_1pr_MET90",
            "HLT_Diphoton30PV_18PV_R9Id_AND_IsoCaloId_AND_HE_R9Id_PixelVeto_Mass55",
            "HLT_MediumChargedIsoPFTau180HighPtRelaxedIso_Trk50_eta2p1",
            "HLT_PFHT500_PFMET100_PFMHT100_IDTight"
        ],
        "best_eff": [
            0.5975163870346984,
            0.7261470924288893,
            0.8236464781132372,
            0.8530137629579202,
            0.8705682073069154,
            0.885251849729257,
            0.894985006992066,
            0.903283762178788,
            0.9079116067599247,
            0.9121478875431321
        ],
        "best_eff_err": [
            0.049792781685981294,
            0.05489133333057841,
            0.058460416019164324,
            0.059493497080320826,
            0.060102547474227455,
            0.0606072948558831,
            0.060939566247282334,
            0.061221445615335525,
            0.06137807489521002,
            0.061521102122792284
        ]
    }
}