{
    "M-900": {
        "best_paths": [
            " HLT_IsoMu24 == 1  ||  HLT_IsoMu27 == 1  ||  HLT_IsoMu20_eta2p1_LooseChargedIsoPFTauHPS27_eta2p1_CrossL1 == 1  ||  HLT_Mu50 == 1  ||  HLT_MonoCentralPFJet80_PFMETNoMu120_PFMHTNoMu120_IDTight == 1  ||  HLT_MediumChargedIsoPFTau180HighPtRelaxedIso_Trk50_eta2p1 == 1 ",
            "HLT_DoubleL2Mu25NoVtx_2Cha_Eta2p4",
            "HLT_DoubleMu4_Mass3p8_DZ_PFHT350",
            "HLT_MediumChargedIsoPFTau50_Trk30_eta2p1_1pr_MET100",
            "HLT_Mu12_DoublePhoton20",
            "HLT_Mu37_TkMu27",
            "HLT_AK8PFJet330_TrimMass30_PFAK8BoostedDoubleB_p02",
            "HLT_Mu17_Photon30_IsoCaloId",
            "HLT_DoubleL2Mu23NoVtx_2Cha",
            "HLT_Mu23_Mu12_DZ"
        ],
        "best_eff": [
            0.9678145720118746,
            0.9820987640836508,
            0.9874056387728147,
            0.9917986649802416,
            0.9934096111617264,
            0.994919099530365,
            0.9962511580875425,
            0.996532715654293,
            0.9966407269622274,
            0.9967133008522777
        ],
        "best_eff_err": [
            0.03753338294817061,
            0.03780935021567629,
            0.03791136600227419,
            0.037995607364674944,
            0.03802645235672176,
            0.038055332034547126,
            0.03808079891657364,
            0.03808617967801732,
            0.038088243647696196,
            0.03808963038697561
        ]
    }
}