{
    "M-260": {
        "best_paths": [
            " HLT_IsoMu24 == 1  ||  HLT_IsoMu27 == 1  ||  HLT_IsoMu20_eta2p1_LooseChargedIsoPFTauHPS27_eta2p1_CrossL1 == 1  ||  HLT_Mu50 == 1  ||  HLT_MonoCentralPFJet80_PFMETNoMu120_PFMHTNoMu120_IDTight == 1  ||  HLT_MediumChargedIsoPFTau180HighPtRelaxedIso_Trk50_eta2p1 == 1 ",
            "HLT_Mu18_Mu9_SameSign",
            "HLT_Mu17_TrkIsoVVL_Mu8_TrkIsoVVL_DZ_Mass3p8",
            "HLT_DoubleL2Mu23NoVtx_2Cha",
            "HLT_DoubleMu3_DCA_PFMET50_PFMHT60",
            "HLT_DoubleMediumChargedIsoPFTauHPS35_Trk1_eta2p1_Reg",
            "HLT_DoubleMu4_LowMassNonResonantTrk_Displaced",
            "HLT_Mu23_Mu12_DZ",
            "HLT_Mu27",
            "HLT_IsoMu20"
        ],
        "best_eff": [
            0.6886555522659294,
            0.8008825841492168,
            0.8365909145048703,
            0.8620968647589086,
            0.8772549540076143,
            0.882356144058422,
            0.8874573341092297,
            0.887711712999355,
            0.8878138048616127,
            0.8878827168686365
        ],
        "best_eff_err": [
            0.05927519494738639,
            0.06392288818110749,
            0.06533238854023161,
            0.06632083678322435,
            0.06690134962518696,
            0.06709558153502033,
            0.06728925279250485,
            0.06729889592596489,
            0.06730276569133029,
            0.06730537765717295
        ]
    }
}