{
    "M-3000": {
        "best_paths": [
            " HLT_IsoMu24 == 1  ||  HLT_IsoMu27 == 1  ||  HLT_IsoMu20_eta2p1_LooseChargedIsoPFTauHPS27_eta2p1_CrossL1 == 1  ||  HLT_Mu50 == 1  ||  HLT_MonoCentralPFJet80_PFMETNoMu120_PFMHTNoMu120_IDTight == 1  ||  HLT_MediumChargedIsoPFTau180HighPtRelaxedIso_Trk50_eta2p1 == 1 ",
            "HLT_AK8PFHT750_TrimMass50",
            "HLT_AK8PFHT800_TrimMass50",
            "HLT_AK8PFHT850_TrimMass50",
            "HLT_AK8PFHT900_TrimMass50",
            "HLT_AK8PFJet140",
            "HLT_AK8PFJet200",
            "HLT_AK8PFJet260",
            "HLT_AK8PFJet320",
            "HLT_AK8PFJet330_TrimMass30_PFAK8BTagDeepCSV_p1"
        ],
        "best_eff": [
            0.9998332499583081,
            0.9998332499583081,
            0.9998332499583081,
            0.9998332499583081,
            0.9998332499583081,
            0.9998332499583081,
            0.9998332499583081,
            0.9998332499583081,
            0.9998332499583081,
            0.9998332499583081
        ],
        "best_eff_err": [
            0.06726167075498887,
            0.06726167075498887,
            0.06726167075498887,
            0.06726167075498887,
            0.06726167075498887,
            0.06726167075498887,
            0.06726167075498887,
            0.06726167075498887,
            0.06726167075498887,
            0.06726167075498887
        ]
    }
}