{
    "M-450": {
        "best_paths": [
            " HLT_IsoMu24 == 1  ||  HLT_IsoMu27 == 1  ||  HLT_IsoMu20_eta2p1_LooseChargedIsoPFTauHPS27_eta2p1_CrossL1 == 1  ||  HLT_Mu50 == 1  ||  HLT_MonoCentralPFJet80_PFMETNoMu120_PFMHTNoMu120_IDTight == 1  ||  HLT_MediumChargedIsoPFTau180HighPtRelaxedIso_Trk50_eta2p1 == 1 ",
            "HLT_Mu18_Mu9_SameSign",
            "HLT_DoubleL2Mu23NoVtx_2Cha_CosmicSeed",
            "HLT_Mu17_TrkIsoVVL_Mu8_TrkIsoVVL_DZ_Mass3p8",
            "HLT_DoubleMediumChargedIsoPFTauHPS35_Trk1_eta2p1_Reg",
            "HLT_DoubleMu4_Mass3p8_DZ_PFHT350",
            "HLT_Mu25_TkMu0_Phi",
            "HLT_Mu27_Ele37_CaloIdL_MW",
            "HLT_PFMET120_PFMHT120_IDTight",
            "HLT_Mu23_Mu12_DZ"
        ],
        "best_eff": [
            0.8503467419984503,
            0.9165125863585398,
            0.9459194466514319,
            0.9508209987346632,
            0.9557221421168118,
            0.960190062351439,
            0.9626406340425133,
            0.9650912057335876,
            0.967541777424662,
            0.9677861806720374
        ],
        "best_eff_err": [
            0.04565285523570976,
            0.04739572109726525,
            0.04815007805084566,
            0.04827466855763657,
            0.048398927991004724,
            0.04851192652912532,
            0.04857379250924978,
            0.04863557979397438,
            0.04869728868284605,
            0.048703438817269795
        ]
    }
}