{
    "M-1000": {
        "best_paths": [
            " HLT_IsoMu24 == 1  ||  HLT_IsoMu27 == 1  ||  HLT_IsoMu20_eta2p1_LooseChargedIsoPFTauHPS27_eta2p1_CrossL1 == 1  ||  HLT_Mu50 == 1  ||  HLT_MonoCentralPFJet80_PFMETNoMu120_PFMHTNoMu120_IDTight == 1  ||  HLT_MediumChargedIsoPFTau180HighPtRelaxedIso_Trk50_eta2p1 == 1 ",
            "HLT_Mu18_Mu9_SameSign",
            "HLT_Mu37_TkMu27",
            "HLT_AK8PFHT800_TrimMass50",
            "HLT_AK8PFHT750_TrimMass50",
            "HLT_AK8PFHT850_TrimMass50",
            "HLT_AK8PFHT900_TrimMass50",
            "HLT_AK8PFJet140",
            "HLT_AK8PFJet200",
            "HLT_AK8PFJet260"
        ],
        "best_eff": [
            0.9785597586027065,
            0.9918558570065186,
            0.997174118974382,
            0.9998332499583138,
            0.9998332499583138,
            0.9998332499583138,
            0.9998332499583138,
            0.9998332499583138,
            0.9998332499583138,
            0.9998332499583138
        ],
        "best_eff_err": [
            0.051015218802581676,
            0.051360631940380264,
            0.051498143918587265,
            0.05156676239528409,
            0.05156676239528409,
            0.05156676239528409,
            0.05156676239528409,
            0.05156676239528409,
            0.05156676239528409,
            0.05156676239528409
        ]
    }
}