{
    "M-500": {
        "best_paths": [
            " HLT_IsoMu24 == 1  ||  HLT_IsoMu27 == 1  ||  HLT_IsoMu20_eta2p1_LooseChargedIsoPFTauHPS27_eta2p1_CrossL1 == 1  ||  HLT_Mu50 == 1  ||  HLT_MonoCentralPFJet80_PFMETNoMu120_PFMHTNoMu120_IDTight == 1  ||  HLT_MediumChargedIsoPFTau180HighPtRelaxedIso_Trk50_eta2p1 == 1 ",
            "HLT_Mu18_Mu9_SameSign",
            "HLT_DoubleMu4_Mass3p8_DZ_PFHT350",
            "HLT_DoubleL2Mu23NoVtx_2Cha",
            "HLT_Mu17_TrkIsoVVL_Mu8_TrkIsoVVL_DZ_Mass3p8",
            "HLT_Mu37_TkMu27",
            "HLT_Mu20_TkMu0_Phi",
            "HLT_Mu12_DoublePhoton20",
            "HLT_Mu23_Mu12_DZ",
            "HLT_AK8PFJet140"
        ],
        "best_eff": [
            0.9176528903721285,
            0.9633077573794533,
            0.9757934522816992,
            0.9830463176793907,
            0.9878139221817942,
            0.99258114597634,
            0.992782921140939,
            0.9929846963055381,
            0.9930985279550006,
            0.9931003248960891
        ],
        "best_eff_err": [
            0.04577223965706766,
            0.046897044463432284,
            0.047199988688028285,
            0.04737507768404591,
            0.047489819196915195,
            0.04760427501754419,
            0.04760911334857813,
            0.047613951187961065,
            0.0476166802427488,
            0.047616723322225864
        ]
    }
}