{
    "M-270": {
        "best_paths": [
            " HLT_IsoMu24 == 1  ||  HLT_IsoMu27 == 1  ||  HLT_IsoMu20_eta2p1_LooseChargedIsoPFTauHPS27_eta2p1_CrossL1 == 1  ||  HLT_Mu50 == 1  ||  HLT_MonoCentralPFJet80_PFMETNoMu120_PFMHTNoMu120_IDTight == 1  ||  HLT_MediumChargedIsoPFTau180HighPtRelaxedIso_Trk50_eta2p1 == 1 ",
            "HLT_Mu18_Mu9_SameSign",
            "HLT_Mu37_TkMu27",
            "HLT_Mu17_TrkIsoVVL_Mu8_TrkIsoVVL_DZ_Mass3p8",
            "HLT_Mu17_Photon30_IsoCaloId",
            "HLT_DoubleMediumChargedIsoPFTauHPS35_Trk1_eta2p1_Reg",
            "HLT_Trimuon5_3p5_2_Upsilon_Muon",
            "HLT_PFHT450_SixPFJet36_PFBTagDeepCSV_1p59",
            "HLT_BTagMu_AK4DiJet110_Mu5",
            "HLT_IsoMu20"
        ],
        "best_eff": [
            0.734171433542858,
            0.8500965458574679,
            0.8790772197693026,
            0.8935691678367339,
            0.9032293924740122,
            0.9080595047926513,
            0.9128896171112905,
            0.9162955068516517,
            0.9164678957836379,
            0.9165766458108253
        ],
        "best_eff_err": [
            0.059554360891317,
            0.06408390280207078,
            0.06516709180221243,
            0.06570204916828513,
            0.06605624131588678,
            0.06623262710113591,
            0.06640854439493142,
            0.06653231051360317,
            0.0665385688082588,
            0.06654251649510688
        ]
    }
}