{
    "M-340": {
        "best_paths": [
            " HLT_IsoMu24 == 1  ||  HLT_IsoMu27 == 1  ||  HLT_IsoMu20_eta2p1_LooseChargedIsoPFTauHPS27_eta2p1_CrossL1 == 1  ||  HLT_Mu50 == 1  ||  HLT_MonoCentralPFJet80_PFMETNoMu120_PFMHTNoMu120_IDTight == 1  ||  HLT_MediumChargedIsoPFTau180HighPtRelaxedIso_Trk50_eta2p1 == 1 ",
            "HLT_Mu18_Mu9_SameSign",
            "HLT_DoubleL2Mu23NoVtx_2Cha",
            "HLT_DoubleMediumChargedIsoPFTauHPS35_Trk1_eta2p1_Reg",
            "HLT_Mu17_TrkIsoVVL_Mu8_TrkIsoVVL_DZ_Mass3p8",
            "HLT_Mu12_DoublePhoton20",
            "HLT_Mu23_TrkIsoVVL_Ele12_CaloIdL_TrackIdL_IsoVL",
            "HLT_Mu23_Mu12_DZ",
            "HLT_Mu20_Mu10",
            "HLT_CaloMHT90"
        ],
        "best_eff": [
            0.8288518484768993,
            0.9143431691062338,
            0.9366449023768342,
            0.9440786068374907,
            0.9477960789564497,
            0.9515129311867779,
            0.9552297834171062,
            0.9557858235189417,
            0.9558806664794555,
            0.9559339769017049
        ],
        "best_eff_err": [
            0.055508860891398164,
            0.058301331359696555,
            0.05900806139800779,
            0.05924175806830963,
            0.05935828078692447,
            0.0594745558412663,
            0.05959060401650951,
            0.05960794536492628,
            0.059610902750163286,
            0.059612565006865695
        ]
    }
}