{
    "M-350": {
        "best_paths": [
            " HLT_IsoMu24 == 1  ||  HLT_IsoMu27 == 1  ||  HLT_IsoMu20_eta2p1_LooseChargedIsoPFTauHPS27_eta2p1_CrossL1 == 1  ||  HLT_Mu50 == 1  ||  HLT_MonoCentralPFJet80_PFMETNoMu120_PFMHTNoMu120_IDTight == 1  ||  HLT_MediumChargedIsoPFTau180HighPtRelaxedIso_Trk50_eta2p1 == 1 ",
            "HLT_Mu18_Mu9_SameSign",
            "HLT_DoubleL2Mu23NoVtx_2Cha",
            "HLT_Mu17_TrkIsoVVL_Mu8_TrkIsoVVL_DZ_Mass3p8",
            "HLT_Mu37_TkMu27",
            "HLT_DoubleL2Mu23NoVtx_2Cha_CosmicSeed",
            "HLT_DoubleMediumChargedIsoPFTauHPS35_Trk1_eta2p1_Reg",
            "HLT_Mu23_Mu12_DZ",
            "HLT_Mu20_Mu10",
            "HLT_PFHT330PT30_QuadPFJet_75_60_45_40"
        ],
        "best_eff": [
            0.8163730183134363,
            0.8989326467515073,
            0.9172782109709257,
            0.9310373841354894,
            0.9402101662451986,
            0.9447965573000532,
            0.9493829483549078,
            0.9507551941108133,
            0.9508722251033737,
            0.9509066459835385
        ],
        "best_eff_err": [
            0.06119501907211033,
            0.06421482890387316,
            0.06486677281523232,
            0.06535146278925137,
            0.06567260213246871,
            0.06583258434792644,
            0.06599217872599877,
            0.06603985431772608,
            0.06604391870355587,
            0.0660451140635521
        ]
    }
}