{
    "M-270": {
        "best_paths": [
            "HLT_IsoMu19_eta2p1_LooseIsoPFTau20",
            "HLT_Mu17_Mu8_SameSign_DZ",
            "HLT_TripleMu_12_10_5",
            "HLT_IsoMu24",
            "HLT_Mu20_Mu10",
            "HLT_Mu28NoFiltersNoVtx_DisplacedJet40_Loose",
            "HLT_AK4CaloJet100",
            "HLT_AK4CaloJet80",
            "HLT_AK4PFJet100",
            "HLT_AK4PFJet80"
        ],
        "best_eff": [
            0.6296296296296297,
            0.7777777777777778,
            0.8888888888888888,
            0.9259259259259259,
            0.9282515309386711,
            0.9287288385177062,
            0.9287288385177062,
            0.9287288385177062,
            0.9287288385177062,
            0.9287288385177062
        ],
        "best_eff_err": [
            0.15270761576361705,
            0.16972502573910517,
            0.18144368465060576,
            0.18518518518518517,
            0.18541759984171374,
            0.18546526464420413,
            0.18546526464420413,
            0.18546526464420413,
            0.18546526464420413,
            0.18546526464420413
        ]
    }
}