{
    "M-450": {
        "best_paths": [
            "HLT_IsoMu19_eta2p1_LooseIsoPFTau20",
            "HLT_Mu30_TkMu11",
            "HLT_Mu17_Mu8_SameSign_DZ",
            "HLT_AK8DiPFJet280_200_TrimMass30_BTagCSV_p20",
            "HLT_IsoTkMu24",
            "HLT_PFMET90_PFMHT90_IDTight",
            "HLT_AK4CaloJet100",
            "HLT_AK4CaloJet80",
            "HLT_AK4PFJet100",
            "HLT_AK4PFJet80"
        ],
        "best_eff": [
            0.7933884297520661,
            0.9421487603305785,
            0.9752066115702479,
            0.9834710743801653,
            0.9917355371900827,
            0.9949443332797023,
            0.9949443332797023,
            0.9949443332797023,
            0.9949443332797023,
            0.9949443332797023
        ],
        "best_eff_err": [
            0.0809748675300224,
            0.08824031613249017,
            0.08977504538181996,
            0.09015464557550176,
            0.09053265413308531,
            0.09067899668792172,
            0.09067899668792172,
            0.09067899668792172,
            0.09067899668792172,
            0.09067899668792172
        ]
    }
}