{
    "M-280": {
        "best_paths": [
            "HLT_IsoMu19_eta2p1_LooseIsoPFTau20",
            "HLT_Mu30_TkMu11",
            "HLT_HT550to650",
            "HLT_IsoMu24",
            "HLT_Mu17_TrkIsoVVL_Mu8_TrkIsoVVL_DZ",
            "HLT_Ele23_CaloIdL_TrackIdL_IsoVL_PFJet30",
            "HLT_PFHT200",
            "HLT_AK4CaloJet100",
            "HLT_AK4CaloJet80",
            "HLT_AK4PFJet100"
        ],
        "best_eff": [
            0.6785714285714286,
            0.8214285714285714,
            0.8571428571428571,
            0.8928571428571429,
            0.9285714285714286,
            0.9286342003212033,
            0.9286405656312429,
            0.9286405656312429,
            0.9286405656312429,
            0.9286405656312429
        ],
        "best_eff_err": [
            0.1556749622693098,
            0.17127969726116854,
            0.17496355305594127,
            0.17857142857142858,
            0.18210783977117087,
            0.18211399494363054,
            0.18211461909146695,
            0.18211461909146695,
            0.18211461909146695,
            0.18211461909146695
        ]
    }
}