{
    "M-320": {
        "best_paths": [
            "HLT_IsoMu19_eta2p1_LooseIsoPFTau20",
            "HLT_Mu17_Mu8_SameSign_DZ",
            "HLT_Mu30_TkMu11",
            "HLT_LooseIsoPFTau50_Trk30_eta2p1",
            "HLT_Mu28NoFiltersNoVtx_DisplacedJet40_Loose",
            "HLT_AK4CaloJet100",
            "HLT_AK4CaloJet80",
            "HLT_AK4PFJet100",
            "HLT_AK4PFJet80",
            "HLT_AK8DiPFJet250_200_TrimMass30"
        ],
        "best_eff": [
            0.6206896551724138,
            0.7931034482758621,
            0.9310344827586207,
            0.9323392868961735,
            0.9327836767111372,
            0.9327836767111372,
            0.9327836767111372,
            0.9327836767111372,
            0.9327836767111372,
            0.9327836767111372
        ],
        "best_eff_err": [
            0.1462979547282512,
            0.16537350080388685,
            0.17917766974850455,
            0.17930318062607442,
            0.1793459070326099,
            0.1793459070326099,
            0.1793459070326099,
            0.1793459070326099,
            0.1793459070326099,
            0.1793459070326099
        ]
    }
}