{
    "M-300": {
        "best_paths": [
            "HLT_IsoMu19_eta2p1_LooseIsoPFTau20",
            "HLT_Mu30_TkMu11",
            "HLT_Mu17_Mu8_SameSign_DZ",
            "HLT_DoubleMu8_Mass8_PFHT300",
            "HLT_IsoMu24",
            "HLT_Mu27_TkMu8",
            "HLT_IsoMu22_eta2p1",
            "HLT_DoubleJet90_Double30_TripleBTagCSV_p087",
            "HLT_HT430to450",
            "HLT_HT550to650"
        ],
        "best_eff": [
            0.5968379446640316,
            0.83399209486166,
            0.8932806324110671,
            0.9051383399209486,
            0.9169960474308301,
            0.9280680097670835,
            0.9353597249783514,
            0.9393122941483119,
            0.9432648633182723,
            0.9472174324882328
        ],
        "best_eff_err": [
            0.04856998311242888,
            0.05741438358234763,
            0.05942014378803521,
            0.05981322510048046,
            0.060203739967303625,
            0.06056610440693665,
            0.06080356907100224,
            0.060931903095303545,
            0.061059967391563386,
            0.061187763653381765
        ]
    }
}