{
    "M-600": {
        "best_paths": [
            "HLT_IsoMu19_eta2p1_LooseIsoPFTau20",
            "HLT_Mu30_TkMu11",
            "HLT_Mu40_eta2p1_PFJet200_PFJet50",
            "HLT_IsoMu24",
            "HLT_LooseIsoPFTau50_Trk30_eta2p1_MET110",
            "HLT_AK4CaloJet100",
            "HLT_AK4CaloJet80",
            "HLT_AK4PFJet100",
            "HLT_AK4PFJet80",
            "HLT_AK8DiPFJet250_200_TrimMass30"
        ],
        "best_eff": [
            0.7929292929292929,
            0.9797979797979798,
            0.98989898989899,
            0.9949494949494949,
            1.0,
            1.0,
            1.0,
            1.0,
            1.0,
            1.0
        ],
        "best_eff_err": [
            0.06328264689970539,
            0.07034539533931373,
            0.0707070707070707,
            0.07088721640211211,
            0.07106690545187014,
            0.07106690545187014,
            0.07106690545187014,
            0.07106690545187014,
            0.07106690545187014,
            0.07106690545187014
        ]
    }
}