{
    "M-400": {
        "best_paths": [
            "HLT_IsoMu19_eta2p1_LooseIsoPFTau20",
            "HLT_Mu30_TkMu11",
            "HLT_Mu17_Mu8_SameSign_DZ",
            "HLT_Mu17_Photon30_CaloIdL_L1ISO",
            "HLT_PFHT400_SixJet30_DoubleBTagCSV_p056",
            "HLT_CaloMHTNoPU90_PFMET90_PFMHT90_IDTight_BTagCSV_p067",
            "HLT_Mu27_TkMu8",
            "HLT_IsoMu24",
            "HLT_QuadJet45_TripleBTagCSV_p087",
            "HLT_MonoCentralPFJet80_PFMETNoMu100_PFMHTNoMu100_IDTight"
        ],
        "best_eff": [
            0.7045454545454546,
            0.8863636363636364,
            0.9204545454545454,
            0.9356060606060606,
            0.946969696969697,
            0.9545454545454546,
            0.9598507698315759,
            0.9636386486194547,
            0.9674265274073335,
            0.9692846341118894
        ],
        "best_eff_err": [
            0.05165977915524945,
            0.057943403563554374,
            0.059047186621666276,
            0.059531188051142846,
            0.05989162235167385,
            0.06013071161510433,
            0.06029758179706837,
            0.06041644144010646,
            0.060535067704574966,
            0.06059317374894038
        ]
    }
}