{
    "M-250": {
        "best_paths": [
            "HLT_IsoMu24",
            "HLT_Mu17",
            "HLT_AK4CaloJet100",
            "HLT_AK4CaloJet80",
            "HLT_AK4PFJet100",
            "HLT_AK4PFJet80",
            "HLT_AK8DiPFJet250_200_TrimMass30",
            "HLT_AK8DiPFJet250_200_TrimMass30_BTagCSV_p20",
            "HLT_AK8DiPFJet280_200_TrimMass30",
            "HLT_AK8DiPFJet280_200_TrimMass30_BTagCSV_p087"
        ],
        "best_eff": [
            0.9,
            0.9007951741157114,
            0.9007951741157114,
            0.9007951741157114,
            0.9007951741157114,
            0.9007951741157114,
            0.9007951741157114,
            0.9007951741157114,
            0.9007951741157114,
            0.9007951741157114
        ],
        "best_eff_err": [
            0.3,
            0.30013249975897505,
            0.30013249975897505,
            0.30013249975897505,
            0.30013249975897505,
            0.30013249975897505,
            0.30013249975897505,
            0.30013249975897505,
            0.30013249975897505,
            0.30013249975897505
        ]
    }
}