{
    "M-260": {
        "best_paths": [
            "HLT_IsoMu19_eta2p1_LooseIsoPFTau20",
            "HLT_Mu17_Mu8_SameSign_DZ",
            "HLT_Ele23_Ele12_CaloIdL_TrackIdL_IsoVL_DZ",
            "HLT_Mu17_TrkIsoVVL_TkMu8_TrkIsoVVL_DZ",
            "HLT_Mu17",
            "HLT_AK4CaloJet100",
            "HLT_AK4CaloJet80",
            "HLT_AK4PFJet100",
            "HLT_AK4PFJet80",
            "HLT_AK8DiPFJet250_200_TrimMass30"
        ],
        "best_eff": [
            0.7368421052631579,
            0.8421052631578947,
            0.8947368421052632,
            0.9473684210526315,
            0.9477869337451112,
            0.9477869337451112,
            0.9477869337451112,
            0.9477869337451112,
            0.9477869337451112,
            0.9477869337451112
        ],
        "best_eff_err": [
            0.19692933614599692,
            0.21052631578947367,
            0.21700555924303477,
            0.22329687826943603,
            0.22334619501726477,
            0.22334619501726477,
            0.22334619501726477,
            0.22334619501726477,
            0.22334619501726477,
            0.22334619501726477
        ]
    }
}