{
    "M-320": {
        "best_paths": [
            " HLT_IsoMu22 == 1  ||  HLT_IsoMu22_eta2p1 == 1  ||  HLT_IsoTkMu22 == 1  ||  HLT_IsoTkMu22_eta2p1 == 1  ||  HLT_IsoMu19_eta2p1_LooseIsoPFTau20 == 1  ||  HLT_IsoMu19_eta2p1_LooseIsoPFTau20_SingleL1 == 1 "
        ],
        "best_eff": [
            0.6843035844293373
        ],
        "best_eff_err": [
            0.15361209368129047
        ]
    }
}