{
    "M-280": {
        "best_paths": [
            " HLT_IsoMu22 == 1  ||  HLT_IsoMu22_eta2p1 == 1  ||  HLT_IsoTkMu22 == 1  ||  HLT_IsoTkMu22_eta2p1 == 1  ||  HLT_IsoMu19_eta2p1_LooseIsoPFTau20 == 1  ||  HLT_IsoMu19_eta2p1_LooseIsoPFTau20_SingleL1 == 1  ||  HLT_Mu30_TkMu11 == 1  ||  HLT_IsoMu24 == 1 ",
            "HLT_HT550to650",
            "HLT_Mu17_TrkIsoVVL_Mu8_TrkIsoVVL_DZ",
            "HLT_Ele23_CaloIdL_TrackIdL_IsoVL_PFJet30",
            "HLT_PFHT200",
            "HLT_AK4CaloJet100",
            "HLT_AK4CaloJet30",
            "HLT_AK4CaloJet40",
            "HLT_AK4CaloJet50",
            "HLT_AK4CaloJet80"
        ],
        "best_eff": [
            0.890085784793764,
            0.9258000705080497,
            0.9285714285714286,
            0.9286342003212033,
            0.9286405656312429,
            0.9286405656312429,
            0.9286405656312429,
            0.9286405656312429,
            0.9286405656312429,
            0.9286405656312429
        ],
        "best_eff_err": [
            0.1782940773787753,
            0.18183588268664233,
            0.18210783977117087,
            0.18211399494363054,
            0.18211461909146695,
            0.18211461909146695,
            0.18211461909146695,
            0.18211461909146695,
            0.18211461909146695,
            0.18211461909146695
        ]
    }
}