{
    "M-600": {
        "best_paths": [
            " HLT_IsoMu22 == 1  ||  HLT_IsoMu22_eta2p1 == 1  ||  HLT_IsoTkMu22 == 1  ||  HLT_IsoTkMu22_eta2p1 == 1  ||  HLT_IsoMu19_eta2p1_LooseIsoPFTau20 == 1  ||  HLT_IsoMu19_eta2p1_LooseIsoPFTau20_SingleL1 == 1  ||  HLT_Mu30_TkMu11 == 1  ||  HLT_IsoMu24 == 1 ",
            "HLT_Mu40_eta2p1_PFJet200_PFJet50",
            "HLT_LooseIsoPFTau50_Trk30_eta2p1_MET110",
            "HLT_AK4CaloJet100",
            "HLT_AK4CaloJet30",
            "HLT_AK4CaloJet40",
            "HLT_AK4CaloJet50",
            "HLT_AK4CaloJet80",
            "HLT_AK4PFJet100",
            "HLT_AK4PFJet30"
        ],
        "best_eff": [
            0.9848484848484849,
            0.9949494949494949,
            1.0,
            1.0,
            1.0,
            1.0,
            1.0,
            1.0,
            1.0,
            1.0
        ],
        "best_eff_err": [
            0.0705264648675199,
            0.07088721640211211,
            0.07106690545187014,
            0.07106690545187014,
            0.07106690545187014,
            0.07106690545187014,
            0.07106690545187014,
            0.07106690545187014,
            0.07106690545187014,
            0.07106690545187014
        ]
    }
}