{
    "M-260": {
        "best_paths": [
            " HLT_IsoMu22 == 1  ||  HLT_IsoMu22_eta2p1 == 1  ||  HLT_IsoTkMu22 == 1  ||  HLT_IsoTkMu22_eta2p1 == 1  ||  HLT_IsoMu19_eta2p1_LooseIsoPFTau20 == 1  ||  HLT_IsoMu19_eta2p1_LooseIsoPFTau20_SingleL1 == 1  ||  HLT_Mu30_TkMu11 == 1  ||  HLT_IsoMu24 == 1 ",
            "HLT_Mu17_Mu8_SameSign_DZ",
            "HLT_Ele23_Ele12_CaloIdL_TrackIdL_IsoVL_DZ",
            "HLT_Mu17",
            "HLT_AK4CaloJet100",
            "HLT_AK4CaloJet30",
            "HLT_AK4CaloJet40",
            "HLT_AK4CaloJet50",
            "HLT_AK4CaloJet80",
            "HLT_AK4PFJet100"
        ],
        "best_eff": [
            0.7894736842105263,
            0.8947368421052632,
            0.9473684210526315,
            0.9477869337451112,
            0.9477869337451112,
            0.9477869337451112,
            0.9477869337451112,
            0.9477869337451112,
            0.9477869337451112,
            0.9477869337451112
        ],
        "best_eff_err": [
            0.20384122874775878,
            0.21700555924303477,
            0.22329687826943603,
            0.22334619501726477,
            0.22334619501726477,
            0.22334619501726477,
            0.22334619501726477,
            0.22334619501726477,
            0.22334619501726477,
            0.22334619501726477
        ]
    }
}