{
    "M-270": {
        "best_paths": [
            " HLT_IsoMu22 == 1  ||  HLT_IsoMu22_eta2p1 == 1  ||  HLT_IsoTkMu22 == 1  ||  HLT_IsoTkMu22_eta2p1 == 1  ||  HLT_IsoMu19_eta2p1_LooseIsoPFTau20 == 1  ||  HLT_IsoMu19_eta2p1_LooseIsoPFTau20_SingleL1 == 1  ||  HLT_Mu30_TkMu11 == 1  ||  HLT_IsoMu24 == 1 ",
            "HLT_DoubleMu8_Mass8_PFHT300",
            "HLT_TripleMu_12_10_5",
            "HLT_Mu20_Mu10",
            "HLT_Mu28NoFiltersNoVtx_DisplacedJet40_Loose",
            "HLT_AK4CaloJet100",
            "HLT_AK4CaloJet30",
            "HLT_AK4CaloJet40",
            "HLT_AK4CaloJet50",
            "HLT_AK4CaloJet80"
        ],
        "best_eff": [
            0.7777777777777778,
            0.8518518518518519,
            0.9259259259259259,
            0.9282515309386711,
            0.9287288385177062,
            0.9287288385177062,
            0.9287288385177062,
            0.9287288385177062,
            0.9287288385177062,
            0.9287288385177062
        ],
        "best_eff_err": [
            0.16972502573910517,
            0.17762338975232292,
            0.18518518518518517,
            0.18541759984171374,
            0.18546526464420413,
            0.18546526464420413,
            0.18546526464420413,
            0.18546526464420413,
            0.18546526464420413,
            0.18546526464420413
        ]
    }
}