{
    "M-800": {
        "best_paths": [
            " HLT_IsoMu22 == 1  ||  HLT_IsoMu22_eta2p1 == 1  ||  HLT_IsoTkMu22 == 1  ||  HLT_IsoTkMu22_eta2p1 == 1  ||  HLT_IsoMu19_eta2p1_LooseIsoPFTau20 == 1  ||  HLT_IsoMu19_eta2p1_LooseIsoPFTau20_SingleL1 == 1  ||  HLT_Mu30_TkMu11 == 1  ||  HLT_IsoMu24 == 1 ",
            "HLT_HT650",
            "HLT_PFHT300_PFMET110",
            "HLT_Ele115_CaloIdVT_GsfTrkIdT",
            "HLT_DoubleMu8_Mass8_PFHT300",
            "HLT_AK4CaloJet100",
            "HLT_AK4CaloJet30",
            "HLT_AK4CaloJet40",
            "HLT_AK4CaloJet50",
            "HLT_AK4CaloJet80"
        ],
        "best_eff": [
            0.9448901961761847,
            0.9709090909090909,
            0.9890909090909091,
            0.9963636363636363,
            1.0,
            1.0,
            1.0,
            1.0,
            1.0,
            1.0
        ],
        "best_eff_err": [
            0.05861709946535722,
            0.05941867141224797,
            0.05997244546352961,
            0.06019252857180672,
            0.06030226891555273,
            0.06030226891555273,
            0.06030226891555273,
            0.06030226891555273,
            0.06030226891555273,
            0.06030226891555273
        ]
    }
}