{
    "M-900": {
        "best_paths": [
            " HLT_IsoMu22 == 1  ||  HLT_IsoMu22_eta2p1 == 1  ||  HLT_IsoTkMu22 == 1  ||  HLT_IsoTkMu22_eta2p1 == 1  ||  HLT_IsoMu19_eta2p1_LooseIsoPFTau20 == 1  ||  HLT_IsoMu19_eta2p1_LooseIsoPFTau20_SingleL1 == 1  ||  HLT_Mu30_TkMu11 == 1  ||  HLT_IsoMu24 == 1 ",
            "HLT_MonoCentralPFJet80_PFMETNoMu110_PFMHTNoMu110_IDTight",
            "HLT_VLooseIsoPFTau140_Trk50_eta2p1",
            "HLT_AK8DiPFJet280_200_TrimMass30_BTagCSV_p20",
            "HLT_HT470to500",
            "HLT_AK4CaloJet100",
            "HLT_AK4CaloJet30",
            "HLT_AK4CaloJet40",
            "HLT_AK4CaloJet50",
            "HLT_AK4CaloJet80"
        ],
        "best_eff": [
            0.9716325061694544,
            0.990628125,
            0.9992493830545653,
            0.9997497943515217,
            1.0,
            1.0,
            1.0,
            1.0,
            1.0,
            1.0
        ],
        "best_eff_err": [
            0.055103099565991256,
            0.05563913092981413,
            0.055880715117520796,
            0.05589470553950978,
            0.05590169943749475,
            0.05590169943749475,
            0.05590169943749475,
            0.05590169943749475,
            0.05590169943749475,
            0.05590169943749475
        ]
    }
}