{
    "M-450": {
        "best_paths": [
            " HLT_IsoMu24 == 1  ||  HLT_IsoMu27 == 1  ||  HLT_IsoMu20_eta2p1_LooseChargedIsoPFTauHPS27_eta2p1_CrossL1 == 1 "
        ],
        "best_eff": [
            0.7670264870997578
        ],
        "best_eff_err": [
            0.04335858484944435
        ]
    }
}