{
    "M-850": {
        "best_paths": [
            " HLT_IsoMu24 == 1  ||  HLT_IsoMu27 == 1  ||  HLT_IsoMu20_eta2p1_LooseChargedIsoPFTauHPS27_eta2p1_CrossL1 == 1 "
        ],
        "best_eff": [
            0.8141698957038177
        ],
        "best_eff_err": [
            0.03520260765264621
        ]
    }
}