{
    "M-1000": {
        "best_paths": [
            " HLT_IsoMu24 == 1  ||  HLT_IsoMu27 == 1  ||  HLT_IsoMu20_eta2p1_LooseChargedIsoPFTauHPS27_eta2p1_CrossL1 == 1 "
        ],
        "best_eff": [
            0.8163514381304111
        ],
        "best_eff_err": [
            0.04659557319999616
        ]
    }
}