{
    "M-300": {
        "best_paths": [
            " HLT_IsoMu24 == 1  ||  HLT_IsoMu27 == 1  ||  HLT_IsoMu20_eta2p1_LooseChargedIsoPFTauHPS27_eta2p1_CrossL1 == 1 "
        ],
        "best_eff": [
            0.7033642790387452
        ],
        "best_eff_err": [
            0.06394784752994924
        ]
    }
}