{"M-250": {"best_paths": ["OR"], "best_eff": [0.21268144303746303], "best_eff_err": [0.005960503233595545]}, "M-260": {"best_paths": ["OR"], "best_eff": [0.20589459935210627], "best_eff_err": [0.006073916316452374]}, "M-270": {"best_paths": ["OR"], "best_eff": [0.21861156431000328], "best_eff_err": [0.005837524532845444]}, "M-280": {"best_paths": ["OR"], "best_eff": [0.23845095816931602], "best_eff_err": [0.005938471802475521]}, "M-300": {"best_paths": ["OR"], "best_eff": [0.27757567725394666], "best_eff_err": [0.006667813809204185]}, "M-320": {"best_paths": ["OR"], "best_eff": [0.3235199633914348], "best_eff_err": [0.006150549283649057]}, "M-340": {"best_paths": ["OR"], "best_eff": [0.35895826300135086], "best_eff_err": [0.00589870881320214]}, "M-350": {"best_paths": ["OR"], "best_eff": [0.38722661349241466], "best_eff_err": [0.005765929520013185]}, "M-400": {"best_paths": ["OR"], "best_eff": [0.48725101651513875], "best_eff_err": [0.005297385954787187]}, "M-450": {"best_paths": ["OR"], "best_eff": [0.5820124318154412], "best_eff_err": [0.004953342888171801]}, "M-500": {"best_paths": ["OR"], "best_eff": [0.6683491499271037], "best_eff_err": [0.004673730072994462]}, "M-550": {"best_paths": ["OR"], "best_eff": [0.7466723698871223], "best_eff_err": [0.0044944558725058875]}, "M-600": {"best_paths": ["OR"], "best_eff": [0.8150385836508894], "best_eff_err": [0.005294713357206253]}, "M-650": {"best_paths": ["OR"], "best_eff": [0.8661664375863283], "best_eff_err": [0.00513527833113279]}, "M-700": {"best_paths": ["OR"], "best_eff": [0.9087157935927507], "best_eff_err": [0.005052653924779436]}, "M-750": {"best_paths": ["OR"], "best_eff": [0.936787887866152], "best_eff_err": [0.004907753803025893]}, "M-800": {"best_paths": ["OR"], "best_eff": [0.9611481684955594], "best_eff_err": [0.00492465726288967]}, "M-850": {"best_paths": ["OR"], "best_eff": [0.9752789429872675], "best_eff_err": [0.005069242568336171]}, "M-900": {"best_paths": ["OR"], "best_eff": [0.9825075609270583], "best_eff_err": [0.004924336851432273]}, "M-1000": {"best_paths": ["OR"], "best_eff": [0.9909563959801703], "best_eff_err": [0.006822961605089488]}, "M-1250": {"best_paths": ["OR"], "best_eff": [0.9965835052726775], "best_eff_err": [0.00702985955569248]}, "M-1500": {"best_paths": ["OR"], "best_eff": [0.9993279146167684], "best_eff_err": [0.007065764143326147]}, "M-1750": {"best_paths": ["OR"], "best_eff": [0.9985287015802272], "best_eff_err": [0.007131161863371318]}, "M-2000": {"best_paths": ["OR"], "best_eff": [0.9984537655398655], "best_eff_err": [0.007424485255720211]}, "M-2500": {"best_paths": ["OR"], "best_eff": [0.9998332499583125], "best_eff_err": [0.007059021617764256]}, "M-3000": {"best_paths": ["OR"], "best_eff": [0.9998332499583127], "best_eff_err": [0.00550368251524534]}}