{"M-250": {"best_paths": ["OR"], "best_eff": [0.20290147515962573], "best_eff_err": [0.005807099952450597]}, "M-260": {"best_paths": ["OR"], "best_eff": [0.1950887848091622], "best_eff_err": [0.006013668976052234]}, "M-270": {"best_paths": ["OR"], "best_eff": [0.2066641795024126], "best_eff_err": [0.005829437285942923]}, "M-280": {"best_paths": ["OR"], "best_eff": [0.21786664071757994], "best_eff_err": [0.005773543457601196]}, "M-300": {"best_paths": ["OR"], "best_eff": [0.2517715581504727], "best_eff_err": [0.006593288320849428]}, "M-320": {"best_paths": ["OR"], "best_eff": [0.2913689748150992], "best_eff_err": [0.0062042799074429065]}, "M-340": {"best_paths": ["OR"], "best_eff": [0.3290424799489115], "best_eff_err": [0.006012752615928763]}, "M-350": {"best_paths": ["OR"], "best_eff": [0.3458517292469435], "best_eff_err": [0.005926347081755731]}, "M-400": {"best_paths": ["OR"], "best_eff": [0.42780730517565146], "best_eff_err": [0.005554457606113911]}, "M-450": {"best_paths": ["OR"], "best_eff": [0.5123586685860492], "best_eff_err": [0.005210027919697418]}, "M-500": {"best_paths": ["OR"], "best_eff": [0.5986796426616571], "best_eff_err": [0.005176038800861215]}, "M-550": {"best_paths": ["OR"], "best_eff": [0.6732615447000353], "best_eff_err": [0.004809635262833679]}, "M-600": {"best_paths": ["OR"], "best_eff": [0.7352159140741431], "best_eff_err": [0.005702485450061745]}, "M-650": {"best_paths": ["OR"], "best_eff": [0.7944077197411147], "best_eff_err": [0.005503682894585699]}, "M-700": {"best_paths": ["OR"], "best_eff": [0.8371171382069496], "best_eff_err": [0.005523148457927403]}, "M-750": {"best_paths": ["OR"], "best_eff": [0.8736543281528855], "best_eff_err": [0.005274194928596428]}, "M-800": {"best_paths": ["OR"], "best_eff": [0.9027011743422776], "best_eff_err": [0.0052332048797309105]}, "M-850": {"best_paths": ["OR"], "best_eff": [0.9196170750983519], "best_eff_err": [0.005201655457885309]}, "M-900": {"best_paths": ["OR"], "best_eff": [0.9345151789283233], "best_eff_err": [0.005237046252621961]}, "M-1000": {"best_paths": ["OR"], "best_eff": [0.9519128993637982], "best_eff_err": [0.0073464575078867585]}, "M-1250": {"best_paths": ["OR"], "best_eff": [0.9651005469694313], "best_eff_err": [0.008019506828344819]}, "M-1500": {"best_paths": ["OR"], "best_eff": [0.971729144507533], "best_eff_err": [0.009059931617137314]}, "M-1750": {"best_paths": ["OR"], "best_eff": [0.9766078302545517], "best_eff_err": [0.010207518348225197]}, "M-2000": {"best_paths": ["OR"], "best_eff": [0.9754943747370368], "best_eff_err": [0.011425517455486462]}, "M-2500": {"best_paths": ["OR"], "best_eff": [0.9840679456808407], "best_eff_err": [0.014902705656497517]}, "M-3000": {"best_paths": ["OR"], "best_eff": [0.9841665427308254], "best_eff_err": [0.0140753158901242]}}
