{"M-250": {"best_paths": ["OR"], "best_eff": [0.6466299223861831], "best_eff_err": [0.007973777186020504]}, "M-260": {"best_paths": ["OR"], "best_eff": [0.44257801017167997], "best_eff_err": [0.006752288793055573]}, "M-270": {"best_paths": ["OR"], "best_eff": [0.4532762244493518], "best_eff_err": [0.006645487752576875]}, "M-280": {"best_paths": ["OR"], "best_eff": [0.4752303013126463], "best_eff_err": [0.006671974350897302]}, "M-300": {"best_paths": ["OR"], "best_eff": [0.5058727081040949], "best_eff_err": [0.006816997113035076]}, "M-320": {"best_paths": ["OR"], "best_eff": [0.5275139378908942], "best_eff_err": [0.006511827582091012]}, "M-350": {"best_paths": ["OR"], "best_eff": [0.5595381194321614], "best_eff_err": [0.006235369525506902]}, "M-400": {"best_paths": ["OR"], "best_eff": [0.5900257871313866], "best_eff_err": [0.005942847308438448]}, "M-450": {"best_paths": ["OR"], "best_eff": [0.6309529603189437], "best_eff_err": [0.005572053567772068]}, "M-500": {"best_paths": ["OR"], "best_eff": [0.6678310606680972], "best_eff_err": [0.005339475162280256]}, "M-600": {"best_paths": ["OR"], "best_eff": [0.7445155802626199], "best_eff_err": [0.006332786096610635]}, "M-650": {"best_paths": ["OR"], "best_eff": [0.7723934375409159], "best_eff_err": [0.006061853258387835]}, "M-700": {"best_paths": ["OR"], "best_eff": [0.80352468130451], "best_eff_err": [0.005925483866600344]}, "M-750": {"best_paths": ["OR"], "best_eff": [0.8229327223984951], "best_eff_err": [0.005839178011829339]}, "M-850": {"best_paths": ["OR"], "best_eff": [0.8608612719821038], "best_eff_err": [0.0057599840039073745]}, "M-900": {"best_paths": ["OR"], "best_eff": [0.8710639762647053], "best_eff_err": [0.005738957325732812]}, "M-1000": {"best_paths": ["OR"], "best_eff": [0.8817457714675164], "best_eff_err": [0.008250951660946807]}, "M-1200": {"best_paths": ["OR"], "best_eff": [0.8910145466350972], "best_eff_err": [0.008931696961936296]}, "M-1750": {"best_paths": ["OR"], "best_eff": [0.9306612504112854], "best_eff_err": [0.010790036526412725]}, "M-2000": {"best_paths": ["OR"], "best_eff": [0.9342741813855351], "best_eff_err": [0.011563426509555833]}}