{"M-250": {"best_paths": ["HLT_PFMETNoMu120_PFMHTNoMu120_IDTight", "HLT_MediumChargedIsoPFTau50_Trk30_eta2p1_1pr_MET100", "HLT_MediumChargedIsoPFTau180HighPtRelaxedIso_Trk50_eta2p1", "HLT_MediumChargedIsoPFTau220HighPtRelaxedIso_Trk50_eta2p1", "HLT_MediumChargedIsoPFTau180HighPtRelaxedIso_Trk50_eta2p1_1pr", "HLT_PFMETNoMu120_PFMHTNoMu120_IDTight_PFHT60", "HLT_MediumChargedIsoPFTau50_Trk30_eta2p1_1pr_MET110", "HLT_MediumChargedIsoPFTau50_Trk30_eta2p1_1pr_MET130", "HLT_MediumChargedIsoPFTau200HighPtRelaxedIso_Trk50_eta2p1"], "best_eff": [0.08507703110392141, 0.11243848834337353, 0.1309644750159192, 0.13096447501591924, 0.13096447501591924, 0.13096447501591924, 0.13096447501591924, 0.13096447501591924, 0.1309644750159192], "best_eff_err": [0.002355436957813804, 0.0027479942640921567, 0.002974952715898748, 0.0029775115424449856, 0.002960342618065364, 0.002956516577431904, 0.002980148695380088, 0.002984577296186136, 0.0029768830150643587]}, "M-260": {"best_paths": ["HLT_PFMETNoMu120_PFMHTNoMu120_IDTight", "HLT_MediumChargedIsoPFTau180HighPtRelaxedIso_Trk50_eta2p1", "HLT_MediumChargedIsoPFTau50_Trk30_eta2p1_1pr_MET100", "HLT_MediumChargedIsoPFTau50_Trk30_eta2p1_1pr_MET130", "HLT_MediumChargedIsoPFTau200HighPtRelaxedIso_Trk50_eta2p1", "HLT_MediumChargedIsoPFTau50_Trk30_eta2p1_1pr_MET110", "HLT_MediumChargedIsoPFTau220HighPtRelaxedIso_Trk50_eta2p1", "HLT_MediumChargedIsoPFTau180HighPtRelaxedIso_Trk50_eta2p1_1pr", "HLT_PFMETNoMu120_PFMHTNoMu120_IDTight_PFHT60"], "best_eff": [0.04456154266861443, 0.05969466350437186, 0.07289032596323301, 0.07289032596323303, 0.07289032596323301, 0.07289032596323301, 0.072890325963233, 0.072890325963233, 0.072890325963233], "best_eff_err": [0.0014933703752797278, 0.0017406132368602942, 0.0019275539786464894, 0.001931606716746754, 0.0019278515344924604, 0.001929640596015159, 0.0019286635619287366, 0.0019241475554082601, 0.0019216999348052263]}, "M-270": {"best_paths": ["HLT_PFMETNoMu120_PFMHTNoMu120_IDTight", "HLT_MediumChargedIsoPFTau180HighPtRelaxedIso_Trk50_eta2p1", "HLT_MediumChargedIsoPFTau50_Trk30_eta2p1_1pr_MET100", "HLT_MediumChargedIsoPFTau200HighPtRelaxedIso_Trk50_eta2p1", "HLT_MediumChargedIsoPFTau180HighPtRelaxedIso_Trk50_eta2p1_1pr", "HLT_MediumChargedIsoPFTau50_Trk30_eta2p1_1pr_MET110", "HLT_MediumChargedIsoPFTau50_Trk30_eta2p1_1pr_MET130", "HLT_MediumChargedIsoPFTau220HighPtRelaxedIso_Trk50_eta2p1", "HLT_PFMETNoMu120_PFMHTNoMu120_IDTight_PFHT60"], "best_eff": [0.046167316877948686, 0.06451194610097466, 0.07883094835561438, 0.07883094835561438, 0.07883094835561438, 0.07883094835561437, 0.07883094835561437, 0.07883094835561436, 0.07883094835561436], "best_eff_err": [0.0014982259255431915, 0.0017835941787604874, 0.0019761956289533404, 0.001976968737378257, 0.0019734489599344406, 0.0019784280654581406, 0.001980855483847742, 0.001978148144825161, 0.001970298588528233]}, "M-280": {"best_paths": ["HLT_PFMETNoMu120_PFMHTNoMu120_IDTight", "HLT_MediumChargedIsoPFTau180HighPtRelaxedIso_Trk50_eta2p1", "HLT_MediumChargedIsoPFTau50_Trk30_eta2p1_1pr_MET100", "HLT_MediumChargedIsoPFTau200HighPtRelaxedIso_Trk50_eta2p1", "HLT_MediumChargedIsoPFTau220HighPtRelaxedIso_Trk50_eta2p1", "HLT_MediumChargedIsoPFTau180HighPtRelaxedIso_Trk50_eta2p1_1pr", "HLT_PFMETNoMu120_PFMHTNoMu120_IDTight_PFHT60", "HLT_MediumChargedIsoPFTau50_Trk30_eta2p1_1pr_MET110", "HLT_MediumChargedIsoPFTau50_Trk30_eta2p1_1pr_MET130"], "best_eff": [0.057944940009936684, 0.08135963601750436, 0.09772419278762859, 0.09772419278762859, 0.09772419278762859, 0.09772419278762859, 0.09772419278762857, 0.09772419278762857, 0.09772419278762857], "best_eff_err": [0.0016763112617936555, 0.00200407479506137, 0.002203542094982343, 0.002204834877384442, 0.0022058072894216526, 0.0022002272169055893, 0.0021944844036807004, 0.0022069286663486073, 0.0022101515686729876]}, "M-300": {"best_paths": ["HLT_PFMETNoMu120_PFMHTNoMu120_IDTight", "HLT_MediumChargedIsoPFTau180HighPtRelaxedIso_Trk50_eta2p1", "HLT_MediumChargedIsoPFTau50_Trk30_eta2p1_1pr_MET100", "HLT_MediumChargedIsoPFTau200HighPtRelaxedIso_Trk50_eta2p1", "HLT_MediumChargedIsoPFTau180HighPtRelaxedIso_Trk50_eta2p1_1pr", "HLT_PFMETNoMu120_PFMHTNoMu120_IDTight_PFHT60", "HLT_MediumChargedIsoPFTau50_Trk30_eta2p1_1pr_MET110", "HLT_MediumChargedIsoPFTau50_Trk30_eta2p1_1pr_MET130", "HLT_MediumChargedIsoPFTau220HighPtRelaxedIso_Trk50_eta2p1"], "best_eff": [0.06445823323050505, 0.09709325811547108, 0.11457437426446616, 0.11457437426446616, 0.11457437426446616, 0.11457437426446616, 0.11457437426446616, 0.11457437426446616, 0.11457437426446614], "best_eff_err": [0.0018068580576318214, 0.0022363340568489214, 0.0024405127303115197, 0.0024407991825391565, 0.00243842421304397, 0.0024297663027048975, 0.002444942481367219, 0.0024492466257621413, 0.0024432588964577776]}, "M-320": {"best_paths": ["HLT_PFMETNoMu120_PFMHTNoMu120_IDTight", "HLT_MediumChargedIsoPFTau180HighPtRelaxedIso_Trk50_eta2p1", "HLT_MediumChargedIsoPFTau50_Trk30_eta2p1_1pr_MET100", "HLT_MediumChargedIsoPFTau50_Trk30_eta2p1_1pr_MET110", "HLT_MediumChargedIsoPFTau50_Trk30_eta2p1_1pr_MET130", "HLT_MediumChargedIsoPFTau200HighPtRelaxedIso_Trk50_eta2p1", "HLT_MediumChargedIsoPFTau220HighPtRelaxedIso_Trk50_eta2p1", "HLT_MediumChargedIsoPFTau180HighPtRelaxedIso_Trk50_eta2p1_1pr", "HLT_PFMETNoMu120_PFMHTNoMu120_IDTight_PFHT60"], "best_eff": [0.07105136716940683, 0.11062365202895766, 0.12859751290619406, 0.12859751290619406, 0.12859751290619406, 0.12859751290619403, 0.12859751290619403, 0.12859751290619403, 0.12859751290619403], "best_eff_err": [0.0018105817010477462, 0.002277898350556163, 0.0024701172543614143, 0.002475538376087983, 0.002480971346081432, 0.0024705678867372473, 0.0024741970166833136, 0.002470709553728632, 0.002458164874989281]}, "M-350": {"best_paths": ["HLT_PFMETNoMu120_PFMHTNoMu120_IDTight", "HLT_MediumChargedIsoPFTau180HighPtRelaxedIso_Trk50_eta2p1", "HLT_MediumChargedIsoPFTau50_Trk30_eta2p1_1pr_MET100", "HLT_MediumChargedIsoPFTau200HighPtRelaxedIso_Trk50_eta2p1", "HLT_MediumChargedIsoPFTau220HighPtRelaxedIso_Trk50_eta2p1", "HLT_MediumChargedIsoPFTau180HighPtRelaxedIso_Trk50_eta2p1_1pr", "HLT_PFMETNoMu120_PFMHTNoMu120_IDTight_PFHT60", "HLT_MediumChargedIsoPFTau50_Trk30_eta2p1_1pr_MET110", "HLT_MediumChargedIsoPFTau50_Trk30_eta2p1_1pr_MET130"], "best_eff": [0.07990950599088072, 0.12638560947523203, 0.14374526077669922, 0.14374526077669922, 0.14374526077669922, 0.14374526077669922, 0.14374526077669922, 0.14374526077669922, 0.14374526077669922], "best_eff_err": [0.001837842849441292, 0.002330584972591835, 0.0025035992155925907, 0.0025033104377052396, 0.002508121212503224, 0.0025057013354646087, 0.002489418774973069, 0.002509257264624905, 0.0025160852987859516]}, "M-400": {"best_paths": ["HLT_PFMETNoMu120_PFMHTNoMu120_IDTight", "HLT_MediumChargedIsoPFTau180HighPtRelaxedIso_Trk50_eta2p1", "HLT_MediumChargedIsoPFTau50_Trk30_eta2p1_1pr_MET100", "HLT_MediumChargedIsoPFTau180HighPtRelaxedIso_Trk50_eta2p1_1pr", "HLT_PFMETNoMu120_PFMHTNoMu120_IDTight_PFHT60", "HLT_MediumChargedIsoPFTau50_Trk30_eta2p1_1pr_MET110", "HLT_MediumChargedIsoPFTau50_Trk30_eta2p1_1pr_MET130", "HLT_MediumChargedIsoPFTau200HighPtRelaxedIso_Trk50_eta2p1", "HLT_MediumChargedIsoPFTau220HighPtRelaxedIso_Trk50_eta2p1"], "best_eff": [0.07890530253156434, 0.12967841476011913, 0.1481375246135954, 0.14813752461359536, 0.14813752461359536, 0.14813752461359536, 0.14813752461359536, 0.14813752461359533, 0.14813752461359533], "best_eff_err": [0.0017524240982961022, 0.0022610300782925246, 0.002435492009677823, 0.0024405772260499142, 0.0024234323433699008, 0.0024416444750996677, 0.00244761324014187, 0.002436943536014539, 0.0024424958701241414]},