{"M-250": {"best_paths": ["HLT_PFMETNoMu120_PFMHTNoMu120_IDTight", "HLT_MediumChargedIsoPFTau50_Trk30_eta2p1_1pr_MET100"], "best_eff": [0.008947165512300053, 0.013995566164491702], "best_eff_err": [0.0006658546815679102, 0.0008335965784646687]}, "M-260": {"best_paths": ["HLT_PFMETNoMu120_PFMHTNoMu120_IDTight", "HLT_MediumChargedIsoPFTau50_Trk30_eta2p1_1pr_MET100"], "best_eff": [0.011706349431760207, 0.01846777539665619], "best_eff_err": [0.0007641744083687497, 0.0009610075608021953]}, "M-270": {"best_paths": ["HLT_PFMETNoMu120_PFMHTNoMu120_IDTight", "HLT_MediumChargedIsoPFTau50_Trk30_eta2p1_1pr_MET100"], "best_eff": [0.01490850410750844, 0.02363048610237732], "best_eff_err": [0.0008631187788217422, 0.001088338208228281]}, "M-280": {"best_paths": ["HLT_PFMETNoMu120_PFMHTNoMu120_IDTight", "HLT_MediumChargedIsoPFTau50_Trk30_eta2p1_1pr_MET100"], "best_eff": [0.017071041653689178, 0.02776497004594274], "best_eff_err": [0.0009074093726960171, 0.0011590372998073247]}, "M-300": {"best_paths": ["HLT_PFMETNoMu120_PFMHTNoMu120_IDTight", "HLT_MediumChargedIsoPFTau50_Trk30_eta2p1_1pr_MET100"], "best_eff": [0.02520635839583044, 0.038577677183686314], "best_eff_err": [0.0011825951019240855, 0.0014672595873847945]}, "M-320": {"best_paths": ["HLT_PFMETNoMu120_PFMHTNoMu120_IDTight", "HLT_MediumChargedIsoPFTau180HighPtRelaxedIso_Trk50_eta2p1"], "best_eff": [0.03258802298345435, 0.05110129052064974], "best_eff_err": [0.0013571187448300497, 0.0017050424498120647]}, "M-350": {"best_paths": ["HLT_PFMETNoMu120_PFMHTNoMu120_IDTight", "HLT_MediumChargedIsoPFTau180HighPtRelaxedIso_Trk50_eta2p1"], "best_eff": [0.04197159741247865, 0.07168234525260304], "best_eff_err": [0.001359071893470828, 0.0017817159443080262]}, "M-400": {"best_paths": ["HLT_PFMETNoMu120_PFMHTNoMu120_IDTight", "HLT_MediumChargedIsoPFTau180HighPtRelaxedIso_Trk50_eta2p1"], "best_eff": [0.06687660596025753, 0.11932715718987354], "best_eff_err": [0.0016395620759142291, 0.0021984693900823533]}, "M-450": {"best_paths": ["HLT_MediumChargedIsoPFTau180HighPtRelaxedIso_Trk50_eta2p1", "HLT_PFMETNoMu120_PFMHTNoMu120_IDTight"], "best_eff": [0.08843455452298651, 0.16341565056541948], "best_eff_err": [0.001716986563609044, 0.00234205300007903]}, "M-500": {"best_paths": ["HLT_MediumChargedIsoPFTau180HighPtRelaxedIso_Trk50_eta2p1", "HLT_PFMETNoMu120_PFMHTNoMu120_IDTight"], "best_eff": [0.11962663960518287, 0.21322403293776113], "best_eff_err": [0.0018846775076793191, 0.002534434839709869]}, "M-550": {"best_paths": ["HLT_MediumChargedIsoPFTau180HighPtRelaxedIso_Trk50_eta2p1", "HLT_PFMETNoMu120_PFMHTNoMu120_IDTight"], "best_eff": [0.15296608251381336, 0.26371075763693613], "best_eff_err": [0.002066834228357772, 0.002747378458827257]}, "M-600": {"best_paths": ["HLT_MediumChargedIsoPFTau180HighPtRelaxedIso_Trk50_eta2p1", "HLT_PFMETNoMu120_PFMHTNoMu120_IDTight"], "best_eff": [0.18598109359923495, 0.31617710271182065], "best_eff_err": [0.0026455818797909247, 0.0035080788534788123]}, "M-650": {"best_paths": ["HLT_MediumChargedIsoPFTau180HighPtRelaxedIso_Trk50_eta2p1", "HLT_PFMETNoMu120_PFMHTNoMu120_IDTight"], "best_eff": [0.22400277068823662, 0.37085371870377243], "best_eff_err": [0.002854808167113174, 0.0037634565180049706]}, "M-700": {"best_paths": ["HLT_MediumChargedIsoPFTau180HighPtRelaxedIso_Trk50_eta2p1", "HLT_PFMETNoMu120_PFMHTNoMu120_IDTight"], "best_eff": [0.25095416234013423, 0.4107327383626888], "best_eff_err": [0.002884810980328843, 0.0038011248415118983]}, "M-750": {"best_paths": ["HLT_MediumChargedIsoPFTau180HighPtRelaxedIso_Trk50_eta2p1", "HLT_PFMETNoMu120_PFMHTNoMu120_IDTight"], "best_eff": [0.28278343257620786, 0.4597118595610953], "best_eff_err": [0.0030470400741417557, 0.004025706405525494]}, "M-800": {"best_paths": ["HLT_MediumChargedIsoPFTau180HighPtRelaxedIso_Trk50_eta2p1", "HLT_PFMETNoMu120_PFMHTNoMu120_IDTight"], "best_eff": [0.31280888239802485, 0.5029782696007112], "best_eff_err": [0.003055744767172713, 0.004043976804263393]}, "M-850": {"best_paths": ["HLT_MediumChargedIsoPFTau180HighPtRelaxedIso_Trk50_eta2p1", "HLT_PFMETNoMu120_PFMHTNoMu120_IDTight"], "best_eff": [0.34389921835671594, 0.5451527000932794], "best_eff_err": [0.003142979374862307, 0.0041666874653959055]}, "M-900": {"best_paths": ["HLT_MediumChargedIsoPFTau180HighPtRelaxedIso_Trk50_eta2p1", "HLT_PFMETNoMu120_PFMHTNoMu120_IDTight"], "best_eff": [0.36836196073644406, 0.5788672252384837], "best_eff_err": [0.0032182793612540624, 0.004278785554367325]}, "M-1000": {"best_paths": ["HLT_MediumChargedIsoPFTau180HighPtRelaxedIso_Trk50_eta2p1", "HLT_PFMETNoMu120_PFMHTNoMu120_IDTight"], "best_eff": [0.4139934550608638, 0.6314835379537158], "best_eff_err": [0.004778752803789706, 0.006373258687770293]}, "M-1250": {"best_paths": ["HLT_MediumChargedIsoPFTau180HighPtRelaxedIso_Trk50_eta2p1", "HLT_PFMETNoMu120_PFMHTNoMu120_IDTight"], "best_eff": [0.5274454715408474, 0.7391224230020782], "best_eff_err": [0.005480215704235541, 0.007461156892673008]}, "M-1500": {"best_paths": ["HLT_MediumChargedIsoPFTau180HighPtRelaxedIso_Trk50_eta2p1", "HLT_PFMETNoMu120_PFMHTNoMu120_IDTight"], "best_eff": [0.6006890324478253, 0.7959869444751972], "best_eff_err": [0.006279701334727949, 0.008768985176095765]}, "M-1750": {"best_paths": ["HLT_MediumChargedIsoPFTau180HighPtRelaxedIso_Trk50_eta2p1", "HLT_PFMETNoMu120_PFMHTNoMu120_IDTight"], "best_eff": [0.651276290803791, 0.8322394243922343], "best_eff_err": [0.0073635730804881925, 0.01052439958306443]}, "M-2000": {"best_paths": ["HLT_MediumChargedIsoPFTau180HighPtRelaxedIso_Trk50_eta2p1", "HLT_PFMETNoMu120_PFMHTNoMu120_IDTight"], "best_eff": [0.6995349010161295, 0.867799521131065], "best_eff_err": [0.008556824841315177, 0.01270537653885384]}, "M-3000": {"best_paths": ["HLT_MediumChargedIsoPFTau180HighPtRelaxedIso_Trk50_eta2p1", "HLT_PFMETNoMu120_PFMHTNoMu120_IDTight"], "best_eff": [0.7972339537446649, 0.9225708064870063], "best_eff_err": [0.00961696048870877, 0.01534965716376764]}}