{"M-250": {"best_paths": ["HLT_AK8PFJet330_TrimMass30_PFAK8BoostedDoubleB_np4", "HLT_DoubleMediumChargedIsoPFTauHPS35_Trk1_eta2p1_Reg", "HLT_QuadPFJet103_88_75_15_DoublePFBTagDeepCSV_1p3_7p7_VBF1", "HLT_PFHT330PT30_QuadPFJet_75_60_45_40_TriplePFBTagDeepCSV_4p5", "HLT_VBF_DoubleLooseChargedIsoPFTauHPS20_Trk1_eta2p1", "HLT_PFHT450_SixPFJet36_PFBTagDeepCSV_1p59", "HLT_PFHT500_PFMET100_PFMHT100_IDTight", "HLT_QuadPFJet103_88_75_15_PFBTagDeepCSV_1p3_VBF2", "HLT_HT650_DisplacedDijet60_Inclusive", "HLT_AK8PFJet400_TrimMass30"], "best_eff": [0.22413751060250767, 0.36074339431213137, 0.4338966803812397, 0.47793705147898924, 0.5079827660884795, 0.5335567940754871, 0.5522544980205801, 0.5642957595293276, 0.57533813695141, 0.5829543904411347], "best_eff_err": [0.0036350807445100163, 0.004668937898042513, 0.005268043152901721, 0.00553459883206675, 0.0057861135569545145, 0.005997651716871845, 0.006133643948908919, 0.006205022014108994, 0.006253863190830847, 0.0062264752114670145]}, "M-260": {"best_paths": ["HLT_DoubleMediumChargedIsoPFTauHPS35_Trk1_eta2p1_Reg", "HLT_AK8PFJet330_TrimMass30_PFAK8BoostedDoubleB_np4", "HLT_QuadPFJet103_88_75_15_DoublePFBTagDeepCSV_1p3_7p7_VBF1", "HLT_VBF_DoubleLooseChargedIsoPFTauHPS20_Trk1_eta2p1", "HLT_PFHT330PT30_QuadPFJet_75_60_45_40_TriplePFBTagDeepCSV_4p5", "HLT_PFHT450_SixPFJet36_PFBTagDeepCSV_1p59", "HLT_PFMETNoMu120_PFMHTNoMu120_IDTight", "HLT_QuadPFJet103_88_75_15_PFBTagDeepCSV_1p3_VBF2", "HLT_Photon35_TwoProngs35", "HLT_HT650_DisplacedDijet60_Inclusive"], "best_eff": [0.1610185002420557, 0.24762597771774406, 0.2899270940592324, 0.31990905546694653, 0.3462419296656464, 0.3593867304798659, 0.3691711345704625, 0.3775732704171995, 0.38521645516029906, 0.390530553849251], "best_eff_err": [0.002660081136085542, 0.0034027798253071, 0.0037359320064031445, 0.004003602465589698, 0.004170080931419782, 0.004272125105745502, 0.004333680101628158, 0.00437718435009574, 0.004439004060760674, 0.004463290475567371]}, "M-270": {"best_paths": ["HLT_DoubleMediumChargedIsoPFTauHPS35_Trk1_eta2p1_Reg", "HLT_AK8PFJet330_TrimMass30_PFAK8BoostedDoubleB_np4", "HLT_QuadPFJet103_88_75_15_DoublePFBTagDeepCSV_1p3_7p7_VBF1", "HLT_VBF_DoubleLooseChargedIsoPFTauHPS20_Trk1_eta2p1", "HLT_PFHT330PT30_QuadPFJet_75_60_45_40_TriplePFBTagDeepCSV_4p5", "HLT_PFHT450_SixPFJet36_PFBTagDeepCSV_1p59", "HLT_PFHT500_PFMET100_PFMHT100_IDTight", "HLT_QuadPFJet103_88_75_15_PFBTagDeepCSV_1p3_VBF2", "HLT_Photon35_TwoProngs35", "HLT_Diphoton30_18_R9IdL_AND_HE_AND_IsoCaloId_NoPixelVeto"], "best_eff": [0.16836293042466055, 0.2562217605413481, 0.2973402505748058, 0.3272714963737071, 0.354527730202189, 0.3684483884400111, 0.3785610335704862, 0.38680132924454524, 0.39445481706587293, 0.40012818555212304], "best_eff_err": [0.0026715202436411504, 0.0034022825895541906, 0.003719706571809119, 0.00398026473352506, 0.004150424806986182, 0.004254412825995213, 0.004316348055787341, 0.00435599647329098, 0.004416736848501817, 0.004449505153214816]}, "M-280": {"best_paths": ["HLT_DoubleMediumChargedIsoPFTauHPS35_Trk1_eta2p1_Reg", "HLT_AK8PFJet330_TrimMass30_PFAK8BoostedDoubleB_np4", "HLT_QuadPFJet103_88_75_15_DoublePFBTagDeepCSV_1p3_7p7_VBF1", "HLT_VBF_DoubleLooseChargedIsoPFTauHPS20_Trk1_eta2p1", "HLT_PFHT330PT30_QuadPFJet_75_60_45_40_TriplePFBTagDeepCSV_4p5", "HLT_PFMETNoMu120_PFMHTNoMu120_IDTight", "HLT_PFHT450_SixPFJet36_PFBTagDeepCSV_1p59", "HLT_QuadPFJet103_88_75_15_PFBTagDeepCSV_1p3_VBF2", "HLT_Photon35_TwoProngs35", "HLT_Diphoton30_18_R9IdL_AND_HE_AND_IsoCaloId_NoPixelVeto"], "best_eff": [0.18572228107980598, 0.2820974197703275, 0.3210416092119696, 0.3491170757372441, 0.3750625119549327, 0.3888130006980261, 0.4005699729100058, 0.40843871418441224, 0.4153588881183777, 0.42057021106650533], "best_eff_err": [0.0027901079604870237, 0.0035567854354529114, 0.0038537278951234068, 0.004089534016681296, 0.0042562159171899835, 0.004329101838949135, 0.004412022465163014, 0.0044572994147214, 0.004511255871526557, 0.00454161538232068]}, "M-300": {"best_paths": ["HLT_DoubleMediumChargedIsoPFTauHPS35_Trk1_eta2p1_Reg", "HLT_AK8PFJet330_TrimMass30_PFAK8BoostedDoubleB_np4", "HLT_VBF_DoubleLooseChargedIsoPFTauHPS20_Trk1_eta2p1", "HLT_PFHT330PT30_QuadPFJet_75_60_45_40_TriplePFBTagDeepCSV_4p5", "HLT_QuadPFJet103_88_75_15_DoublePFBTagDeepCSV_1p3_7p7_VBF1", "HLT_PFHT500_PFMET100_PFMHT100_IDTight", "HLT_PFHT450_SixPFJet36_PFBTagDeepCSV_1p59", "HLT_QuadPFJet103_88_75_15_PFBTagDeepCSV_1p3_VBF2", "HLT_Photon35_TwoProngs35", "HLT_Diphoton30_18_R9IdL_AND_HE_AND_IsoCaloId_NoPixelVeto"], "best_eff": [0.20863685063274304, 0.30530613904982157, 0.3479339630119632, 0.3821858061938479, 0.4059677884844772, 0.4197432970030539, 0.4315355956640224, 0.43876099754615505, 0.44517234439095343, 0.4505049608994892], "best_eff_err": [0.002989713794768416, 0.003750962748101341, 0.004140618410304074, 0.004372037576889838, 0.004496805991214617, 0.00458798632275394, 0.0046621865631144436, 0.004702369080746642, 0.0047524322470278045, 0.004783179456000885]}, "M-320": {"best_paths": ["HLT_DoubleMediumChargedIsoPFTauHPS35_Trk1_eta2p1_Reg", "HLT_AK8PFJet330_TrimMass30_PFAK8BoostedDoubleB_np4", "HLT_VBF_DoubleLooseChargedIsoPFTauHPS20_Trk1_eta2p1", "HLT_QuadPFJet103_88_75_15_DoublePFBTagDeepCSV_1p3_7p7_VBF1", "HLT_PFHT330PT30_QuadPFJet_75_60_45_40_TriplePFBTagDeepCSV_4p5", "HLT_PFMETNoMu120_PFMHTNoMu120_IDTight", "HLT_PFHT450_SixPFJet36_PFBTagDeepCSV_1p59", "HLT_Photon35_TwoProngs35", "HLT_QuadPFJet103_88_75_15_PFBTagDeepCSV_1p3_VBF2", "HLT_MediumChargedIsoPFTau180HighPtRelaxedIso_Trk50_eta2p1"], "best_eff": [0.23455391929299643, 0.3245979729531383, 0.36958727828597887, 0.40274032830091366, 0.4263986870858415, 0.4429377208675186, 0.4535460940316048, 0.4603032426146696, 0.4662492806383991, 0.47176870950248917], "best_eff_err": [0.002986113965192408, 0.003652048261122932, 0.004037842787700877, 0.004241306099050668, 0.004395156476123548, 0.004471662864121813, 0.0045256537479632965, 0.004577027944466626, 0.004609625271528728, 0.004668479795377671]}, "M-350": {"best_paths": ["HLT_DoubleMediumChargedIsoPFTauHPS35_Trk1_eta2p1_Reg", "HLT_AK8PFJet330_TrimMass30_PFAK8BoostedDoubleB_np4", "HLT_VBF_DoubleLooseChargedIsoPFTauHPS20_Trk1_eta2p1", "HLT_QuadPFJet103_88_75_15_DoublePFBTagDeepCSV_1p3_7p7_VBF1", "HLT_PFHT330PT30_QuadPFJet_75_60_45_40_TriplePFBTagDeepCSV_4p5", "HLT_PFMETNoMu120_PFMHTNoMu120_IDTight", "HLT_PFHT450_SixPFJet36_PFBTagDeepCSV_1p59", "HLT_QuadPFJet103_88_75_15_PFBTagDeepCSV_1p3_VBF2", "HLT_MediumChargedIsoPFTau180HighPtRelaxedIso_Trk50_eta2p1", "HLT_Diphoton30_18_R9IdL_AND_HE_AND_IsoCaloId_NoPixelVeto"], "best_eff": [0.267191670031577, 0.3570516598154849, 0.40494672029414186, 0.4376280664025612, 0.4605572809217833, 0.4769605493880406, 0.4880032915267979, 0.49450908603138716, 0.5003994962128224, 0.5062383749401435], "best_eff_err": [0.0029990967372260963, 0.003616066245485499, 0.003998044554573442, 0.004185714657008926, 0.004339026077208641, 0.004412138137930791, 0.004451166839491597, 0.004483553714253878, 0.004560052517721351, 0.00453737691592972]}, "M-400": {"best_paths": ["HLT_DoubleMediumChargedIsoPFTauHPS35_Trk1_eta2p1_Reg", "HLT_AK8PFJet330_TrimMass30_PFAK8BoostedDoubleB_np4", "HLT_VBF_DoubleLooseChargedIsoPFTauHPS20_Trk1_eta2p1", "HLT_QuadPFJet103_88_75_15_DoublePFBTagDeepCSV_1p3_7p7_VBF1", "HLT_PFHT330PT30_QuadPFJet_75_60_45_40_TriplePFBTagDeepCSV_4p5", "HLT_PFMETNoMu120_PFMHTNoMu120_IDTight", "HLT_PFHT450_SixPFJet36_PFBTagDeepCSV_1p59", "HLT_MediumChargedIsoPFTau180HighPtRelaxedIso_Trk50_eta2p1", "HLT_Photon35_TwoProngs35", "HLT_QuadPFJet103_88_75_15_PFBTagDeepCSV_1p3_VBF2"], "best_eff": [0.3059058891507435, 0.38012204947706923, 0.4315017739823299, 0.46562399633840307, 0.4879034292530014, 0.5043656527601923, 0.5138671786252231, 0.5221817358475042, 0.5291217218241567, 0.5351112396079747], "best_eff_err": [0.002995188919637443, 0.0034828967408484807, 0.0038710552579335356, 0.004050916276433053, 0.0042150757879717135, 0.004282149252239083, 0.00428902058818111, 0.004388192306876616, 0.004369167599977447, 0.004397929983654813]},