{"M-250": {"best_paths": ["HLT_DoubleMediumChargedIsoPFTauHPS35_Trk1_eta2p1_Reg", "HLT_AK8PFJet330_TrimMass30_PFAK8BoostedDoubleB_np4", "HLT_PFHT330PT30_QuadPFJet_75_60_45_40_TriplePFBTagDeepCSV_4p5", "HLT_Diphoton30_18_R9IdL_AND_HE_AND_IsoCaloId_NoPixelVeto", "HLT_QuadPFJet103_88_75_15_DoublePFBTagDeepCSV_1p3_7p7_VBF1", "HLT_Photon35_TwoProngs35", "HLT_Mu17_Photon30_IsoCaloId", "HLT_PFHT400_SixPFJet32_DoublePFBTagDeepCSV_2p94", "HLT_Mu12_DoublePhoton20", "HLT_Ele32_WPTight_Gsf_L1DoubleEG"], "best_eff": [0.06232289382491653, 0.07586561983574162, 0.08621390450941546, 0.09368823076521852, 0.10029097529474269, 0.10525319238973907, 0.10971071958182109, 0.11327680238374074, 0.11600333161576658, 0.11868041776207122], "best_eff_err": [0.00075431463459515, 0.0008434820084448385, 0.0009000781205832335, 0.0009424364041543276, 0.0009789252332017735, 0.0010130241644124866, 0.001033913219082003, 0.001056938500100139, 0.001069490280065155, 0.0010809346299952285]}, "M-260": {"best_paths": ["HLT_DoubleMediumChargedIsoPFTauHPS35_Trk1_eta2p1_Reg", "HLT_AK8PFJet330_TrimMass30_PFAK8BoostedDoubleB_np4", "HLT_PFHT330PT30_QuadPFJet_75_60_45_40_TriplePFBTagDeepCSV_4p5", "HLT_Diphoton30_18_R9IdL_AND_HE_AND_IsoCaloId_NoPixelVeto", "HLT_QuadPFJet103_88_75_15_DoublePFBTagDeepCSV_1p3_7p7_VBF1", "HLT_Mu17_Photon30_IsoCaloId", "HLT_Photon35_TwoProngs35", "HLT_PFHT400_SixPFJet32_DoublePFBTagDeepCSV_2p94", "HLT_Mu12_DoublePhoton20", "HLT_Ele32_WPTight_Gsf_L1DoubleEG"], "best_eff": [0.05859172980310522, 0.07284952699135518, 0.08388827331704901, 0.09121782498424637, 0.09798771429665282, 0.10300566212547335, 0.10756338516093733, 0.1115009117073983, 0.11454421508584171, 0.11740862466661423], "best_eff_err": [0.0007512008730949457, 0.0008495771033395113, 0.0009119718445306716, 0.0009551822940756488, 0.0009939206084524648, 0.0010193407826677094, 0.0010507139202582843, 0.001077409147918122, 0.001091654624394209, 0.0011045502693521935]}, "M-270": {"best_paths": ["HLT_DoubleMediumChargedIsoPFTauHPS35_Trk1_eta2p1_Reg", "HLT_AK8PFJet330_TrimMass30_PFAK8BoostedDoubleB_np4", "HLT_PFHT330PT30_QuadPFJet_75_60_45_40_TriplePFBTagDeepCSV_4p5", "HLT_Diphoton30_18_R9IdL_AND_HE_AND_IsoCaloId_NoPixelVeto", "HLT_QuadPFJet103_88_75_15_DoublePFBTagDeepCSV_1p3_7p7_VBF1", "HLT_Mu17_Photon30_IsoCaloId", "HLT_Photon35_TwoProngs35", "HLT_PFHT400_SixPFJet32_DoublePFBTagDeepCSV_2p94", "HLT_PFMETNoMu120_PFMHTNoMu120_IDTight", "HLT_Ele32_WPTight_Gsf_L1DoubleEG"], "best_eff": [0.06051480322779328, 0.07597906875929994, 0.0882114853518657, 0.09538741762597179, 0.1022027850840447, 0.10769347905673833, 0.11243165061165158, 0.11670638056922296, 0.12001343512667097, 0.12325204494748358], "best_eff_err": [0.0007469117695990776, 0.0008494025516639117, 0.0009159218104576708, 0.0009561571246622835, 0.00099357373115023, 0.001020325137042247, 0.0010514786637855597, 0.0010792292489186376, 0.0010927042843034535, 0.00110671277605386]}, "M-280": {"best_paths": ["HLT_DoubleMediumChargedIsoPFTauHPS35_Trk1_eta2p1_Reg", "HLT_PFHT330PT30_QuadPFJet_75_60_45_40_TriplePFBTagDeepCSV_4p5", "HLT_AK8PFJet330_TrimMass30_PFAK8BoostedDoubleB_np4", "HLT_Diphoton30_18_R9IdL_AND_HE_AND_IsoCaloId_NoPixelVeto", "HLT_QuadPFJet103_88_75_15_DoublePFBTagDeepCSV_1p3_7p7_VBF1", "HLT_Mu17_Photon30_IsoCaloId", "HLT_PFHT450_SixPFJet36_PFBTagDeepCSV_1p59", "HLT_Photon35_TwoProngs35", "HLT_Ele32_WPTight_Gsf_L1DoubleEG", "HLT_Mu12_DoublePhoton20"], "best_eff": [0.06541317596344902, 0.08152831518745406, 0.09454874985743797, 0.10285457951554444, 0.11013793264595614, 0.11588339817701998, 0.12053357918632678, 0.1250257516307538, 0.12834161041340392, 0.13161725625553933], "best_eff_err": [0.0007789980188639808, 0.0008750492874864235, 0.0009507595238346585, 0.0009967721731013615, 0.0010355560342642628, 0.001062783876083971, 0.0010924514970248576, 0.0011208412828651322, 0.0011351373541187188, 0.0011489725065547945]}, "M-300": {"best_paths": ["HLT_DoubleMediumChargedIsoPFTauHPS35_Trk1_eta2p1_Reg", "HLT_PFHT330PT30_QuadPFJet_75_60_45_40_TriplePFBTagDeepCSV_4p5", "HLT_AK8PFJet330_TrimMass30_PFAK8BoostedDoubleB_np4", "HLT_QuadPFJet103_88_75_15_DoublePFBTagDeepCSV_1p3_7p7_VBF1", "HLT_Diphoton30_18_R9IdL_AND_HE_AND_IsoCaloId_NoPixelVeto", "HLT_Mu17_Photon30_IsoCaloId", "HLT_PFHT400_SixPFJet32_DoublePFBTagDeepCSV_2p94", "HLT_Photon35_TwoProngs35", "HLT_PFMETNoMu120_PFMHTNoMu120_IDTight", "HLT_Ele32_WPTight_Gsf_L1DoubleEG"], "best_eff": [0.07988985695247136, 0.09807460960466832, 0.11145112300336003, 0.12036464311525617, 0.12834330646117595, 0.13517363909414817, 0.1404569926016233, 0.1454511114280323, 0.15004617122214908, 0.15346639212921148], "best_eff_err": [0.0010026812406045613, 0.0011194410053001367, 0.0012030286732990206, 0.0012569173959085043, 0.0013032051300031484, 0.0013389231795842371, 0.0013754561836435296, 0.0014099871928944826, 0.0014306049631415327, 0.0014460038202781574]}, "M-320": {"best_paths": ["HLT_DoubleMediumChargedIsoPFTauHPS35_Trk1_eta2p1_Reg", "HLT_PFHT330PT30_QuadPFJet_75_60_45_40_TriplePFBTagDeepCSV_4p5", "HLT_AK8PFJet330_TrimMass30_PFAK8BoostedDoubleB_np4", "HLT_QuadPFJet103_88_75_15_DoublePFBTagDeepCSV_1p3_7p7_VBF1", "HLT_Diphoton30_18_R9IdL_AND_HE_AND_IsoCaloId_NoPixelVeto", "HLT_Mu17_Photon30_IsoCaloId", "HLT_PFHT450_SixPFJet36_PFBTagDeepCSV_1p59", "HLT_Photon35_TwoProngs35", "HLT_PFMETNoMu120_PFMHTNoMu120_IDTight", "HLT_Mu12_DoublePhoton20"], "best_eff": [0.09598028857650309, 0.116284800321184, 0.13001997421142292, 0.13993898204788133, 0.14821663669634463, 0.1557252053715525, 0.16160996152744822, 0.1671138860060749, 0.1720082559035449, 0.17580142099019738], "best_eff_err": [0.0010564617205919506, 0.0011735721471841554, 0.001250105159088837, 0.0013043333427695425, 0.0013479332220595853, 0.00138414570420953, 0.0014206753121188908, 0.0014553147960534734, 0.0014755291571244946, 0.0014916873144871822]}, "M-350": {"best_paths": ["HLT_DoubleMediumChargedIsoPFTauHPS35_Trk1_eta2p1_Reg", "HLT_PFHT330PT30_QuadPFJet_75_60_45_40_TriplePFBTagDeepCSV_4p5", "HLT_QuadPFJet103_88_75_15_DoublePFBTagDeepCSV_1p3_7p7_VBF1", "HLT_AK8PFJet330_TrimMass30_PFAK8BoostedDoubleB_np4", "HLT_Mu17_Photon30_IsoCaloId", "HLT_Diphoton30_18_R9IdL_AND_HE_AND_IsoCaloId_NoPixelVeto", "HLT_PFHT450_SixPFJet36_PFBTagDeepCSV_1p59", "HLT_PFMETNoMu120_PFMHTNoMu120_IDTight", "HLT_Photon35_TwoProngs35", "HLT_Mu50"], "best_eff": [0.12063868350661378, 0.14499320833358864, 0.15989727604027495, 0.17183305600075605, 0.18073003729715723, 0.1886900741581059, 0.1955842583505264, 0.20180454383812962, 0.2079169133283169, 0.21220293741635599], "best_eff_err": [0.001156294161111069, 0.0012833056230019916, 0.0013561249701963232, 0.0014149061673460182, 0.0014557353557217254, 0.0014905073898665848, 0.0015308765523608567, 0.001555618824866436, 0.0015883649072777745, 0.0016059438187723098]}, "M-400": {"best_paths": ["HLT_DoubleMediumChargedIsoPFTauHPS35_Trk1_eta2p1_Reg", "HLT_PFHT330PT30_QuadPFJet_75_60_45_40_TriplePFBTagDeepCSV_4p5", "HLT_QuadPFJet103_88_75_15_DoublePFBTagDeepCSV_1p3_7p7_VBF1", "HLT_PFMETNoMu120_PFMHTNoMu120_IDTight", "HLT_Mu17_Photon30_IsoCaloId", "HLT_PFHT450_SixPFJet36_PFBTagDeepCSV_1p59", "HLT_Photon35_TwoProngs35", "HLT_AK8PFJet330_TrimMass30_PFAK8BoostedDoubleB_np4", "HLT_Diphoton30_18_R9IdL_AND_HE_AND_IsoCaloId_NoPixelVeto", "HLT_Mu50"], "best_eff": [0.16605008869328913, 0.1960905421413349, 0.21577137732073523, 0.22964937944362582, 0.2402555217781521, 0.2505521226054155, 0.2591227253608356, 0.26682521599470094, 0.27381878221011, 0.2803139624944606], "best_eff_err": [0.001308055615589006, 0.0014480613472005982, 0.0015270613461181315, 0.0015848511881302936, 0.0016259138994598969, 0.001675434923910647, 0.0017191488531334872, 0.0017471461847583275, 0.001772452439661703, 0.0017966418684426612]},