{"M-250": {"best_paths": ["OR"], "best_eff": [0.3948314888788525], "best_eff_err": [0.006601124061189594]}, "M-260": {"best_paths": ["OR"], "best_eff": [0.4126619399842151], "best_eff_err": [0.0066339894049934674]}, "M-270": {"best_paths": ["OR"], "best_eff": [0.4382486780932285], "best_eff_err": [0.006644902441148491]}, "M-280": {"best_paths": ["OR"], "best_eff": [0.46840741381725304], "best_eff_err": [0.006536045166249318]}, "M-300": {"best_paths": ["OR"], "best_eff": [0.5242171075678325], "best_eff_err": [0.007068861458212095]}, "M-320": {"best_paths": ["OR"], "best_eff": [0.5720277978942333], "best_eff_err": [0.00712938615928888]}, "M-350": {"best_paths": ["OR"], "best_eff": [0.6441111401226688], "best_eff_err": [0.006306822736706488]}, "M-400": {"best_paths": ["OR"], "best_eff": [0.7326565580157686], "best_eff_err": [0.006096506571161445]}, "M-450": {"best_paths": ["OR"], "best_eff": [0.795623792523861], "best_eff_err": [0.005598003770236864]}, "M-500": {"best_paths": ["OR"], "best_eff": [0.8490670501722571], "best_eff_err": [0.00534051632460949]}, "M-550": {"best_paths": ["OR"], "best_eff": [0.8861078312126794], "best_eff_err": [0.00525162072012412]}, "M-600": {"best_paths": ["OR"], "best_eff": [0.9147813533453336], "best_eff_err": [0.00619078108064123]}, "M-650": {"best_paths": ["OR"], "best_eff": [0.9380111812308933], "best_eff_err": [0.006163535927746575]}, "M-700": {"best_paths": ["OR"], "best_eff": [0.9553390754535575], "best_eff_err": [0.005934365791138766]}, "M-750": {"best_paths": ["OR"], "best_eff": [0.9669912329039018], "best_eff_err": [0.005931206547912277]}, "M-800": {"best_paths": ["OR"], "best_eff": [0.97201156161324], "best_eff_err": [0.0056511150166245845]}, "M-850": {"best_paths": ["OR"], "best_eff": [0.978894822661493], "best_eff_err": [0.005509395301662225]}, "M-900": {"best_paths": ["OR"], "best_eff": [0.9840719155292916], "best_eff_err": [0.00533103401988319]}, "M-1000": {"best_paths": ["OR"], "best_eff": [0.9864445382003799], "best_eff_err": [0.007165293561718056]}, "M-1250": {"best_paths": ["OR"], "best_eff": [0.991533833470939], "best_eff_err": [0.006427855295428121]}, "M-1500": {"best_paths": ["OR"], "best_eff": [0.9955062602001424], "best_eff_err": [0.006437902036737182]}, "M-1750": {"best_paths": ["OR"], "best_eff": [0.9947982722945167], "best_eff_err": [0.006824903724603633]}, "M-2000": {"best_paths": ["OR"], "best_eff": [0.9975303563512296], "best_eff_err": [0.0074244484172913865]}, "M-3000": {"best_paths": ["OR"], "best_eff": [0.9986082528003177], "best_eff_err": [0.006783248729979462]}}