{
    "M-3000": {
        "best_paths": [
            "HLT_AK8PFJet500",
            "HLT_Mu50",
            "HLT_MediumChargedIsoPFTau180HighPtRelaxedIso_Trk50_eta2p1",
            "HLT_MonoCentralPFJet80_PFMETNoMu120_PFMHTNoMu120_IDTight",
            "HLT_AK8PFHT750_TrimMass50",
            "HLT_AK8PFHT800_TrimMass50",
            "HLT_AK8PFHT850_TrimMass50",
            "HLT_AK8PFHT900_TrimMass50",
            "HLT_AK8PFJet140",
            "HLT_AK8PFJet200"
        ],
        "best_eff": [
            0.950207468879668,
            0.9875518672199171,
            0.995850622406639,
            1.0,
            1.0,
            1.0,
            1.0,
            1.0,
            1.0,
            1.0
        ],
        "best_eff_err": [
            0.06279147697270356,
            0.06401347975328428,
            0.06428188126485339,
            0.06441566264008308,
            0.06441566264008308,
            0.06441566264008308,
            0.06441566264008308,
            0.06441566264008308,
            0.06441566264008308,
            0.06441566264008308
        ]
    }
}