{
    "M-800": {
        "best_paths": [
            "HLT_IsoMu20_eta2p1_LooseChargedIsoPFTau27_eta2p1_CrossL1",
            "HLT_Mu17_TrkIsoVVL_Mu8_TrkIsoVVL_DZ_Mass8",
            "HLT_Mu50",
            "HLT_MonoCentralPFJet80_PFMETNoMu120_PFMHTNoMu120_IDTight",
            "HLT_DoubleMu4_Mass8_DZ_PFHT350",
            "HLT_IsoMu27",
            "HLT_MediumChargedIsoPFTau180HighPtRelaxedIso_Trk50_eta2p1",
            "HLT_DoubleMediumChargedIsoPFTau40_Trk1_TightID_eta2p1_Reg",
            "HLT_Diphoton30PV_18PV_R9Id_AND_IsoCaloId_AND_HE_R9Id_PixelVeto_Mass55",
            "HLT_RsqMR300_Rsq0p09_MR200"
        ],
        "best_eff": [
            0.7133956386292835,
            0.8909657320872274,
            0.9454828660436138,
            0.9719626168224299,
            0.9816087635383529,
            0.986461272173951,
            0.9913137808095488,
            0.9930510246476391,
            0.994608657046393,
            0.9959866780058106
        ],
        "best_eff_err": [
            0.03333478903276121,
            0.03725314873240311,
            0.03837596571574741,
            0.03890964484983426,
            0.039102245625898376,
            0.03919877597137606,
            0.03929506918584277,
            0.03932948575314601,
            0.03936031844760103,
            0.0393875756856031
        ]
    }
}