{
    "M-700": {
        "best_paths": [
            "HLT_IsoMu20_eta2p1_LooseChargedIsoPFTau27_eta2p1_CrossL1",
            "HLT_Mu17_TrkIsoVVL_Mu8_TrkIsoVVL_DZ_Mass8",
            "HLT_DoubleMu8_Mass8_PFHT350",
            "HLT_Mu50",
            "HLT_MonoCentralPFJet80_PFMETNoMu120_PFMHTNoMu120_IDTight",
            "HLT_DoubleMediumChargedIsoPFTau40_Trk1_TightID_eta2p1_Reg",
            "HLT_RsqMR300_Rsq0p09_MR200",
            "HLT_Mu12_TrkIsoVVL_Ele23_CaloIdL_TrackIdL_IsoVL_DZ",
            "HLT_DoubleMu4_Mass8_DZ_PFHT350",
            "HLT_DoubleMu3_DZ_PFMET50_PFMHT60"
        ],
        "best_eff": [
            0.7100591715976331,
            0.8915187376725838,
            0.9333975284865997,
            0.9608580498917897,
            0.9709474198011662,
            0.9770920165350004,
            0.9805819157695018,
            0.982554302357273,
            0.9842992519745237,
            0.9860442015917743
        ],
        "best_eff_err": [
            0.037423404262347686,
            0.04193351405418008,
            0.042907117897217927,
            0.04353370568144366,
            0.04376166893808869,
            0.043899922419429784,
            0.043978251657776905,
            0.044022459355724054,
            0.04406153246254354,
            0.04410057095060312
        ]
    }
}