{
    "M-260": {
        "best_paths": [
            "HLT_IsoMu20_eta2p1_LooseChargedIsoPFTau27_eta2p1_CrossL1",
            "HLT_Mu17_TrkIsoVVL_Mu8_TrkIsoVVL_DZ_Mass8",
            "HLT_IsoMu27",
            "HLT_MonoCentralPFJet80_PFMETNoMu120_PFMHTNoMu120_IDTight",
            "HLT_Mu12_DoublePFJets40MaxDeta1p6_DoubleCaloBTagCSV_p33",
            "HLT_Mu17_Photon30_IsoCaloId",
            "HLT_Dimuon20_Jpsi_Barrel_Seagulls",
            "HLT_PFHT380_SixPFJet32_DoublePFBTagCSV_2p2",
            "HLT_Mu43NoFiltersNoVtx_Photon43_CaloIdL",
            "HLT_Mu20"
        ],
        "best_eff": [
            0.5897435897435898,
            0.8269230769230769,
            0.8653846153846154,
            0.8974358974358975,
            0.9144491562040912,
            0.9228223028776713,
            0.9292325592879277,
            0.9349036455439921,
            0.9363881584632667,
            0.9367399972840511
        ],
        "best_eff_err": [
            0.06148501952965024,
            0.07280651725384966,
            0.07448044896552725,
            0.07584717670640534,
            0.07656274267168621,
            0.07691246701640232,
            0.07717913558594972,
            0.07741428864764219,
            0.07747572649080066,
            0.07749028050235501
        ]
    }
}