{
    "M-2000": {
        "best_paths": [
            "HLT_AK8PFJet500",
            "HLT_Mu50",
            "HLT_IsoMu27",
            "HLT_MonoCentralPFJet80_PFMETNoMu120_PFMHTNoMu120_IDTight",
            "HLT_DoubleMu4_Mass8_DZ_PFHT350",
            "HLT_Mu17_TrkIsoVVL_Mu8_TrkIsoVVL_DZ_Mass8",
            "HLT_AK8PFHT750_TrimMass50",
            "HLT_AK8PFHT800_TrimMass50",
            "HLT_AK8PFHT850_TrimMass50",
            "HLT_AK8PFHT900_TrimMass50"
        ],
        "best_eff": [
            0.8621794871794872,
            0.9647435897435898,
            0.9839743589743589,
            0.9935897435897436,
            0.9992608298458082,
            0.9996304149229039,
            0.9996304149229039,
            0.9996304149229039,
            0.9996304149229039,
            0.9996304149229039
        ],
        "best_eff_err": [
            0.05256801111172028,
            0.05560689606697908,
            0.05615838291004882,
            0.05643210532583016,
            0.05659292420452062,
            0.05660338892304427,
            0.05660338892304427,
            0.05660338892304427,
            0.05660338892304427,
            0.05660338892304427
        ]
    }
}