{
    "M-270": {
        "best_paths": [
            "HLT_Mu17_TrkIsoVVL_Mu8_TrkIsoVVL_DZ_Mass8",
            "HLT_IsoMu20_eta2p1_LooseChargedIsoPFTau27_eta2p1_CrossL1",
            "HLT_DoubleMu3_DZ_PFMET50_PFMHT60",
            "HLT_IsoMu24_eta2p1_LooseChargedIsoPFTau20_SingleL1",
            "HLT_Mu50",
            "HLT_DoubleMediumChargedIsoPFTau40_Trk1_TightID_eta2p1_Reg",
            "HLT_Mu25_TkMu0_Onia",
            "HLT_Mu12_DoublePFJets40MaxDeta1p6_DoubleCaloBTagCSV_p33",
            "HLT_Mu17_TrkIsoVVL_Mu8_TrkIsoVVL_DZ_Mass3p8",
            "HLT_Mu23_TrkIsoVVL_Ele12_CaloIdL_TrackIdL_IsoVL"
        ],
        "best_eff": [
            0.5432692307692307,
            0.7884615384615384,
            0.8182347413058775,
            0.8390730898855598,
            0.8498828747083441,
            0.8594982593237288,
            0.8672896374208363,
            0.8715429521128848,
            0.8757962668049332,
            0.8800495814969816
        ],
        "best_eff_err": [
            0.051106470253531974,
            0.061568502283008156,
            0.06272017914246476,
            0.06351381928237683,
            0.06392163451582517,
            0.06428221503515276,
            0.06457291783998463,
            0.06473106168368135,
            0.06488882010811814,
            0.06504619591760054
        ]
    }
}