{
    "M-550": {
        "best_paths": [
            "HLT_Mu17_TrkIsoVVL_Mu8_TrkIsoVVL_DZ_Mass8",
            "HLT_IsoMu20_eta2p1_LooseChargedIsoPFTau27_eta2p1_CrossL1",
            "HLT_Mu50",
            "HLT_DoubleMu4_Mass8_DZ_PFHT350",
            "HLT_MonoCentralPFJet80_PFMETNoMu120_PFMHTNoMu120_IDTight",
            "HLT_DoubleMediumChargedIsoPFTau40_Trk1_TightID_eta2p1_Reg",
            "HLT_MediumChargedIsoPFTau180HighPtRelaxedIso_Trk50_eta2p1",
            "HLT_Mu12_DoublePhoton20",
            "HLT_Mu12_DoublePFJets40MaxDeta1p6_DoubleCaloBTagCSV_p33",
            "HLT_RsqMR300_Rsq0p09_MR200"
        ],
        "best_eff": [
            0.6957746478873239,
            0.8985915492957747,
            0.9295774647887324,
            0.9445299626357084,
            0.9533054852950154,
            0.9589392881119168,
            0.9645730909288182,
            0.9700922918347835,
            0.9725843748092795,
            0.9750764577837756
        ],
        "best_eff_err": [
            0.04427108069155412,
            0.050311467885892254,
            0.05117155528052098,
            0.05158146742845164,
            0.05182053226483988,
            0.05197343005133656,
            0.05212587935364772,
            0.052274796443377694,
            0.05234189808592545,
            0.05240891381509677
        ]
    }
}