{
    "M-1750": {
        "best_paths": [
            "HLT_Mu50",
            "HLT_AK8PFJet400_TrimMass30",
            "HLT_Mu17_TrkIsoVVL_Mu8_TrkIsoVVL_DZ_Mass8",
            "HLT_AK8PFJet500",
            "HLT_DoubleMu3_DZ_PFMET50_PFMHT60",
            "HLT_IsoMu20_eta2p1_LooseChargedIsoPFTau27_eta2p1_CrossL1",
            "HLT_PFHT1050",
            "HLT_AK8PFHT750_TrimMass50",
            "HLT_AK8PFHT800_TrimMass50",
            "HLT_AK8PFHT850_TrimMass50"
        ],
        "best_eff": [
            0.8189910979228486,
            0.9555010436474662,
            0.9798063858938296,
            0.9930387785395793,
            0.9982891610674492,
            0.9993156644269796,
            0.9996578322134897,
            0.9996578322134897,
            0.9996578322134897,
            0.9996578322134897
        ],
        "best_eff_err": [
            0.04929747099654644,
            0.053247672902926486,
            0.053920657886064066,
            0.054283539005322526,
            0.05442685345539226,
            0.05445482881332895,
            0.05446415073942705,
            0.05446415073942705,
            0.05446415073942705,
            0.05446415073942705
        ]
    }
}