{
    "M-350": {
        "best_paths": [
            "HLT_Mu17_TrkIsoVVL_Mu8_TrkIsoVVL_DZ_Mass8",
            "HLT_IsoMu20_eta2p1_LooseChargedIsoPFTau27_eta2p1_CrossL1",
            "HLT_IsoMu27",
            "HLT_MonoCentralPFJet80_PFMETNoMu120_PFMHTNoMu120_IDTight",
            "HLT_Mu50",
            "HLT_Mu37_TkMu27",
            "HLT_Mu23_TrkIsoVVL_Ele12_CaloIdL_TrackIdL_IsoVL",
            "HLT_Mu17_Photon30_IsoCaloId",
            "HLT_DoubleMu3_DZ_PFMET50_PFMHT60",
            "HLT_DoubleMu20_7_Mass0to30_Photon23"
        ],
        "best_eff": [
            0.6693227091633466,
            0.8446215139442231,
            0.9043824701195219,
            0.9243027888446215,
            0.9322709163346613,
            0.9400769574566442,
            0.9471262758307165,
            0.9523303032453718,
            0.955854962432408,
            0.9572370124701003
        ],
        "best_eff_err": [
            0.05163936811480367,
            0.058008843739287,
            0.06002597280206918,
            0.06068345104274031,
            0.060944456337762375,
            0.06119907289928215,
            0.06142809990137164,
            0.06159662843406052,
            0.06171051046073379,
            0.06175510729302725
        ]
    }
}