{
    "M-650": {
        "best_paths": [
            "HLT_IsoMu20_eta2p1_LooseChargedIsoPFTau27_eta2p1_CrossL1",
            "HLT_Mu17_TrkIsoVVL_Mu8_TrkIsoVVL_DZ_Mass8",
            "HLT_Mu50",
            "HLT_MonoCentralPFJet80_PFMETNoMu120_PFMHTNoMu120_IDTight",
            "HLT_DoubleMu4_Mass8_DZ_PFHT350",
            "HLT_RsqMR300_Rsq0p09_MR200_4jet",
            "HLT_IsoMu27",
            "HLT_MediumChargedIsoPFTau180HighPtRelaxedIso_Trk50_eta2p1",
            "HLT_Mu12_TrkIsoVVL_Ele23_CaloIdL_TrackIdL_IsoVL_DZ",
            "HLT_PFHT300PT30_QuadPFJet_75_60_45_40_TriplePFBTagCSV_3p0"
        ],
        "best_eff": [
            0.6912442396313364,
            0.8778801843317973,
            0.923963133640553,
            0.9470046082949308,
            0.9633122480358725,
            0.9735045228739612,
            0.9806826577680946,
            0.9835181902291724,
            0.9858223376946103,
            0.987860792662228
        ],
        "best_eff_err": [
            0.039909004782693026,
            0.04497516427636668,
            0.046140517038020246,
            0.04671229247168962,
            0.04711277400808652,
            0.04736135533293215,
            0.04753564410308488,
            0.04760431645584787,
            0.04766004658800694,
            0.04770929617609168
        ]
    }
}