{
    "M-600": {
        "best_paths": [
            "HLT_IsoMu20_eta2p1_LooseChargedIsoPFTau27_eta2p1_CrossL1",
            "HLT_Mu17_TrkIsoVVL_Mu8_TrkIsoVVL_DZ_Mass8",
            "HLT_Mu50",
            "HLT_DoubleMu8_Mass8_PFHT350",
            "HLT_IsoMu27",
            "HLT_DoubleMediumChargedIsoPFTau40_Trk1_TightID_eta2p1_Reg",
            "HLT_Mu12_DoublePFJets40MaxDeta1p6_DoubleCaloBTagCSV_p33",
            "HLT_DoubleMu3_DZ_PFMET50_PFMHT60",
            "HLT_HT430_DisplacedDijet40_DisplacedTrack",
            "HLT_OldMu100"
        ],
        "best_eff": [
            0.7024608501118568,
            0.87248322147651,
            0.9172259507829977,
            0.9488926874611571,
            0.9588730950142124,
            0.9655845044101855,
            0.9695428464949556,
            0.9715220175373406,
            0.9735011885797256,
            0.9754803596221107
        ],
        "best_eff_err": [
            0.039642159164808385,
            0.044179905275461964,
            0.04529856092017134,
            0.04607388015784007,
            0.04631554778338207,
            0.04647735260498601,
            0.04657252040193088,
            0.04662003144892012,
            0.04666749412608668,
            0.046714908580862795
        ]
    }
}