{
    "M-500": {
        "best_paths": [
            "HLT_IsoMu20_eta2p1_LooseChargedIsoPFTau27_eta2p1_CrossL1",
            "HLT_Mu17_TrkIsoVVL_Mu8_TrkIsoVVL_DZ_Mass8",
            "HLT_Mu50",
            "HLT_Mu17_Photon30_IsoCaloId",
            "HLT_DoubleMediumChargedIsoPFTau40_Trk1_TightID_eta2p1_Reg",
            "HLT_IsoMu27",
            "HLT_PFMETNoMu120_PFMHTNoMu120_IDTight_PFHT60",
            "HLT_DoubleMu4_Mass8_DZ_PFHT350",
            "HLT_DoubleMu3_DZ_PFMET50_PFMHT60",
            "HLT_DoubleMu43NoFiltersNoVtx"
        ],
        "best_eff": [
            0.6568047337278107,
            0.8698224852071006,
            0.9053254437869822,
            0.9207835607228223,
            0.9306856156324694,
            0.9395613552774399,
            0.9480987883639637,
            0.9559510616415916,
            0.9585684860674675,
            0.9611859104933435
        ],
        "best_eff_err": [
            0.0440818474134655,
            0.05072907751326109,
            0.05175401090099379,
            0.05219398162733764,
            0.0524738767250677,
            0.052723498777168,
            0.052962496174904894,
            0.053181364958237734,
            0.05325412132473346,
            0.053326778426205194
        ]
    }
}