{
    "M-280": {
        "best_paths": [
            "HLT_Mu17_TrkIsoVVL_Mu8_TrkIsoVVL_DZ_Mass8",
            "HLT_IsoMu20_eta2p1_LooseChargedIsoPFTau27_eta2p1_CrossL1",
            "HLT_IsoMu27",
            "HLT_DoubleMu3_DZ_PFMET50_PFMHT60",
            "HLT_MediumChargedIsoPFTau50_Trk30_eta2p1_1pr_MET100",
            "HLT_IsoMu24_eta2p1",
            "HLT_Mu23_TrkIsoVVL_Ele12_CaloIdL_TrackIdL_IsoVL_DZ",
            "HLT_TrkMu12_DoubleTrkMu5NoFiltersNoVtx",
            "HLT_Mu17_TrkIsoVVL_Mu8_TrkIsoVVL_DZ_Mass3p8",
            "HLT_PFHT300PT30_QuadPFJet_75_60_45_40_TriplePFBTagCSV_3p0"
        ],
        "best_eff": [
            0.5675675675675675,
            0.7837837837837838,
            0.8288288288288288,
            0.8567244423046059,
            0.8717962064134428,
            0.8813018603581916,
            0.8903108693672006,
            0.898281044645994,
            0.9022661322853908,
            0.9062512199247875
        ],
        "best_eff_err": [
            0.05056293765910732,
            0.05941849530753567,
            0.06110207192004746,
            0.06212180864624119,
            0.06266585943557537,
            0.06300657267152114,
            0.06332779264646665,
            0.06361062027616844,
            0.06375156356624832,
            0.06389219594257117
        ]
    }
}