{
    "M-900": {
        "best_paths": [
            "HLT_DoubleMu8_Mass8_PFHT350",
            "HLT_IsoMu20_eta2p1_LooseChargedIsoPFTau27_eta2p1_CrossL1",
            "HLT_MonoCentralPFJet80_PFMETNoMu120_PFMHTNoMu120_IDTight",
            "HLT_Mu50",
            "HLT_Mu17_TrkIsoVVL_Mu8_TrkIsoVVL_DZ_Mass8",
            "HLT_PFHT700_PFMET85_PFMHT85_IDTight",
            "HLT_MET105_IsoTrk50",
            "HLT_Mu37_TkMu27",
            "HLT_IsoMu27",
            "HLT_AK8PFJet500"
        ],
        "best_eff": [
            0.7193269408159667,
            0.8866670566372241,
            0.9559153283927067,
            0.9797537785897167,
            0.9861020492952783,
            0.9892173140927861,
            0.9919733560116214,
            0.9940079523995939,
            0.9947263981569393,
            0.9950856210356118
        ],
        "best_eff_err": [
            0.04733808082952824,
            0.05255666150595745,
            0.0545704074745635,
            0.05524665109005055,
            0.05542534619576021,
            0.055512826226724044,
            0.05559010411978615,
            0.055647084223283905,
            0.055667190797902034,
            0.05567724136232341
        ]
    }
}