{
    "M-500": {
        "best_paths": [
            " HLT_Ele25_eta2p1_WPTight_Gsf == 1 ",
            "HLT_Ele27_WPLoose_Gsf_WHbbBoost",
            "HLT_HT550to650",
            "HLT_DoubleJetsC112_DoubleBTagCSV_p014_DoublePFJetsC112MaxDeta1p6",
            "HLT_Photon50_R9Id90_HE10_IsoM",
            "HLT_Ele23_CaloIdL_TrackIdL_IsoVL_PFJet30",
            "HLT_AK4CaloJet100",
            "HLT_AK4CaloJet30",
            "HLT_AK4CaloJet40",
            "HLT_AK4CaloJet50"
        ],
        "best_eff": [
            0.8387096774193549,
            0.9032258064516129,
            0.9354838709677419,
            0.9516129032258065,
            0.9518340306217218,
            0.9518907276860344,
            0.9518907276860344,
            0.9518907276860344,
            0.9518907276860344,
            0.9518907276860344
        ],
        "best_eff_err": [
            0.11630810566012868,
            0.12069862537980455,
            0.12283505009457917,
            0.12388944754626786,
            0.12390384087759879,
            0.1239075310584492,
            0.1239075310584492,
            0.1239075310584492,
            0.1239075310584492,
            0.1239075310584492
        ]
    }
}