{
    "M-400": {
        "best_paths": [
            " HLT_Ele25_eta2p1_WPTight_Gsf == 1 ",
            "HLT_Ele27_eta2p1_WPLoose_Gsf_HT200",
            "HLT_HT650",
            "HLT_Mu8_TrkIsoVVL_Ele23_CaloIdL_TrackIdL_IsoVL",
            "HLT_DoubleEle8_CaloIdM_TrackIdM_Mass8_PFHT300",
            "HLT_DoubleMediumCombinedIsoPFTau35_Trk1_eta2p1_Reg",
            "HLT_PFMET90_PFMHT90_IDTight",
            "HLT_Ele36_eta2p1_WPLoose_Gsf_LooseIsoPFTau20_SingleL1",
            "HLT_DoubleEle37_Ele27_CaloIdL_GsfTrkIdVL",
            "HLT_DiMu9_Ele9_CaloIdL_TrackIdL"
        ],
        "best_eff": [
            0.5652173913043478,
            0.6304347826086957,
            0.6666666666666666,
            0.688689929781476,
            0.7031826834046645,
            0.7153666106349073,
            0.726620649094153,
            0.7358778110259373,
            0.7431386805911547,
            0.7503850574027489
        ],
        "best_eff_err": [
            0.06399826714730325,
            0.06758970328325228,
            0.06950480468569158,
            0.07064351872285898,
            0.07138295798955202,
            0.07199872234348002,
            0.07256284877553663,
            0.07302361197575107,
            0.07338298782984005,
            0.07373990018795838
        ]
    }
}