{
    "M-800": {
        "best_paths": [
            " HLT_Ele25_eta2p1_WPTight_Gsf == 1 ",
            "HLT_Ele50_CaloIdVT_GsfTrkIdT_PFJet165",
            "HLT_AK8PFHT700_TrimR0p1PT0p03Mass50",
            "HLT_HT500to550",
            "HLT_HT450to470",
            "HLT_Ele24_eta2p1_WPLoose_Gsf_LooseIsoPFTau30",
            "HLT_AK4CaloJet100",
            "HLT_AK4CaloJet30",
            "HLT_AK4CaloJet40",
            "HLT_AK4CaloJet50"
        ],
        "best_eff": [
            0.8135593220338984,
            0.923728813559322,
            0.9576271186440678,
            0.9830508474576272,
            0.9915254237288136,
            0.9968908738549911,
            0.9968908738549911,
            0.9968908738549911,
            0.9968908738549911,
            0.9968908738549911
        ],
        "best_eff_err": [
            0.08303355060281958,
            0.0884771738043267,
            0.09008598146385297,
            0.09127397978194074,
            0.0916665578507794,
            0.09191424124984018,
            0.09191424124984018,
            0.09191424124984018,
            0.09191424124984018,
            0.09191424124984018
        ]
    }
}