{
    "M-450": {
        "best_paths": [
            " HLT_Ele25_eta2p1_WPTight_Gsf == 1 ",
            "HLT_Ele27_eta2p1_WPLoose_Gsf_HT200",
            "HLT_DoubleEle37_Ele27_CaloIdL_GsfTrkIdVL",
            "HLT_Mu8_Ele8_CaloIdM_TrackIdM_Mass8_PFHT300",
            "HLT_VLooseIsoPFTau140_Trk50_eta2p1",
            "HLT_DoubleMediumCombinedIsoPFTau35_Trk1_eta2p1_Reg",
            "HLT_Ele115_CaloIdVT_GsfTrkIdT",
            "HLT_HT500to550",
            "HLT_LooseIsoPFTau50_Trk30_eta2p1",
            "HLT_Ele23_CaloIdL_TrackIdL_IsoVL_PFJet30"
        ],
        "best_eff": [
            0.6491228070175439,
            0.7894736842105263,
            0.8245614035087719,
            0.8596491228070176,
            0.8919275155258588,
            0.8961415053949653,
            0.8975461686846675,
            0.8989508319743696,
            0.8996146796934754,
            0.8997071854299856
        ],
        "best_eff_err": [
            0.10671513211049508,
            0.11768778828946262,
            0.12027464211229902,
            0.12280701754385964,
            0.12509137120351854,
            0.12538652557752328,
            0.1254847560941635,
            0.1255829097752577,
            0.12562927078843092,
            0.12563572973677103
        ]
    }
}