{
    "M-300": {
        "best_paths": [
            " HLT_Ele25_eta2p1_WPTight_Gsf == 1 ",
            "HLT_Ele23_Ele12_CaloIdL_TrackIdL_IsoVL_DZ",
            "HLT_Ele27_eta2p1_WPLoose_Gsf_HT200",
            "HLT_Ele24_eta2p1_WPLoose_Gsf_LooseIsoPFTau30",
            "HLT_Mu8_TrkIsoVVL_Ele23_CaloIdL_TrackIdL_IsoVL",
            "HLT_HT650",
            "HLT_DoubleJet90_Double30_TripleBTagCSV_p087",
            "HLT_DoubleMediumCombinedIsoPFTau35_Trk1_eta2p1_Reg",
            "HLT_Mu8_DiEle12_CaloIdL_TrackIdL",
            "HLT_PFHT300_PFMET110"
        ],
        "best_eff": [
            0.496,
            0.544,
            0.592,
            0.6223899095146697,
            0.6467035919934194,
            0.664625171373732,
            0.680625171373732,
            0.6921546476556075,
            0.7001546476556075,
            0.7081546476556075
        ],
        "best_eff_err": [
            0.06299206299209449,
            0.06596969000988256,
            0.06881860213634101,
            0.07056287463048368,
            0.07192794127421802,
            0.07291777129746806,
            0.07379025254726979,
            0.07441261439598035,
            0.07484141354387196,
            0.07526776987027621
        ]
    }
}