{
    "M-550": {
        "best_paths": [
            " HLT_Ele25_eta2p1_WPTight_Gsf == 1 ",
            "HLT_Ele50_CaloIdVT_GsfTrkIdT_PFJet165",
            "HLT_RsqMR270_Rsq0p09_MR200",
            "HLT_HT550to650",
            "HLT_HT650",
            "HLT_Diphoton30_18_R9Id_OR_IsoCaloId_AND_HE_R9Id_DoublePixelSeedMatch_Mass70",
            "HLT_Ele27_WPLoose_Gsf_WHbbBoost",
            "HLT_HT430to450",
            "HLT_HT450to470",
            "HLT_HT470to500"
        ],
        "best_eff": [
            0.6933333333333334,
            0.76,
            0.8133333333333334,
            0.8533333333333334,
            0.8933333333333333,
            0.9066666666666666,
            0.92,
            0.9333333333333333,
            0.9466666666666667,
            0.96
        ],
        "best_eff_err": [
            0.09614803401237304,
            0.10066445913694333,
            0.10413666234542206,
            0.10666666666666667,
            0.10913803695829934,
            0.10994948334980428,
            0.11075498483890767,
            0.1115546702045434,
            0.11234866364235145,
            0.11313708498984759
        ]
    }
}