{
    "M-900": {
        "best_paths": [
            " HLT_Ele25_eta2p1_WPTight_Gsf == 1 ",
            "HLT_HT650",
            "HLT_CaloMHTNoPU90_PFMET90_PFMHT90_IDTight_BTagCSV_p067",
            "HLT_HT550to650",
            "HLT_DoubleEle8_CaloIdM_TrackIdM_Mass8_PFHT300",
            "HLT_AK4CaloJet100",
            "HLT_AK4CaloJet30",
            "HLT_AK4CaloJet40",
            "HLT_AK4CaloJet50",
            "HLT_AK4CaloJet80"
        ],
        "best_eff": [
            0.8125,
            0.9444444444444444,
            0.9791666666666666,
            0.9930555555555556,
            1.0,
            1.0,
            1.0,
            1.0,
            1.0,
            1.0
        ],
        "best_eff_err": [
            0.07511565157216644,
            0.08098544298396251,
            0.0824607089377633,
            0.0830434773826486,
            0.08333333333333333,
            0.08333333333333333,
            0.08333333333333333,
            0.08333333333333333,
            0.08333333333333333,
            0.08333333333333333
        ]
    }
}