{
    "M-250": {
        "best_paths": [
            " HLT_Ele25_eta2p1_WPTight_Gsf == 1 ",
            "HLT_Ele50_CaloIdVT_GsfTrkIdT_PFJet165",
            "HLT_HT470to500",
            "HLT_Ele45_WPLoose_Gsf",
            "HLT_Ele17_CaloIdL_TrackIdL_IsoVL_PFJet30",
            "HLT_Ele23_CaloIdL_TrackIdL_IsoVL_PFJet30",
            "HLT_Ele17_CaloIdM_TrackIdM_PFJet30",
            "HLT_AK4CaloJet100",
            "HLT_AK4CaloJet30",
            "HLT_AK4CaloJet40"
        ],
        "best_eff": [
            0.3,
            0.4,
            0.5,
            0.5759802577460926,
            0.5766372360844529,
            0.5766717850287908,
            0.576683027145599,
            0.576683027145599,
            0.576683027145599,
            0.576683027145599
        ],
        "best_eff_err": [
            0.17320508075688773,
            0.2,
            0.223606797749979,
            0.23999588699519264,
            0.2401327208200609,
            0.24013991443089813,
            0.24014225516255966,
            0.24014225516255966,
            0.24014225516255966,
            0.24014225516255966
        ]
    }
}