{
    "M-270": {
        "best_paths": [
            " HLT_Ele25_eta2p1_WPTight_Gsf == 1 ",
            "HLT_Ele24_eta2p1_WPLoose_Gsf_LooseIsoPFTau30",
            "HLT_Ele23_Ele12_CaloIdL_TrackIdL_IsoVL_DZ",
            "HLT_HT650",
            "HLT_Ele17_CaloIdM_TrackIdM_PFJet30",
            "HLT_Ele23_CaloIdL_TrackIdL_IsoVL_PFJet30",
            "HLT_AK4CaloJet100",
            "HLT_AK4CaloJet30",
            "HLT_AK4CaloJet40",
            "HLT_AK4CaloJet50"
        ],
        "best_eff": [
            0.7333333333333333,
            0.8177497486518599,
            0.8422082076592633,
            0.8666666666666667,
            0.8669006489351979,
            0.8669008317338451,
            0.8669008317338451,
            0.8669008317338451,
            0.8669008317338451,
            0.8669008317338451
        ],
        "best_eff_err": [
            0.22110831935702666,
            0.23348800806491968,
            0.23695403318777017,
            0.2403700850309326,
            0.2404025303437546,
            0.2404025556899434,
            0.2404025556899434,
            0.2404025556899434,
            0.2404025556899434,
            0.2404025556899434
        ]
    }
}