{
    "M-1250": {
        "best_paths": [
            " HLT_DoubleTightChargedIsoPFTauHPS35_Trk1_TightID_eta2p1_Reg == 1  ||  HLT_DoubleTightChargedIsoPFTauHPS40_Trk1_eta2p1_Reg == 1  ||  HLT_DoubleMediumChargedIsoPFTauHPS40_Trk1_TightID_eta2p1_Reg == 1  ||  HLT_DoubleMediumChargedIsoPFTauHPS35_Trk1_eta2p1_Reg == 1 ",
            "HLT_AK8PFJet330_TrimMass30_PFAK8BoostedDoubleB_np4",
            "HLT_PFHT500_PFMET100_PFMHT100_IDTight",
            "HLT_MediumChargedIsoPFTau180HighPtRelaxedIso_Trk50_eta2p1",
            "HLT_MonoCentralPFJet80_PFMETNoMu120_PFMHTNoMu120_IDTight",
            "HLT_PFHT330PT30_QuadPFJet_75_60_45_40_TriplePFBTagDeepCSV_4p5",
            "HLT_HT650_DisplacedDijet60_Inclusive",
            "HLT_QuadPFJet103_88_75_15_DoublePFBTagDeepCSV_1p3_7p7_VBF1",
            "HLT_AK8PFJet400_TrimMass30",
            "HLT_Mu50"
        ],
        "best_eff": [
            0.5147287111147075,
            0.8498816101264418,
            0.893322528826004,
            0.9219754565717746,
            0.9296642480604743,
            0.9358038331941859,
            0.9405890793842382,
            0.9443231116068571,
            0.9479512768101769,
            0.950346963977536
        ],
        "best_eff_err": [
            0.007652784158201686,
            0.009833530831138186,
            0.010081714881353959,
            0.010242122073941243,
            0.010284740366573987,
            0.010318645149840064,
            0.010344993778521418,
            0.010365507666644373,
            0.010385401133178618,
            0.010398515980538392
        ]
    }
}