{
    "M-500": {
        "best_paths": [
            " HLT_DoubleTightChargedIsoPFTauHPS35_Trk1_TightID_eta2p1_Reg == 1  ||  HLT_DoubleTightChargedIsoPFTauHPS40_Trk1_eta2p1_Reg == 1  ||  HLT_DoubleMediumChargedIsoPFTauHPS40_Trk1_TightID_eta2p1_Reg == 1  ||  HLT_DoubleMediumChargedIsoPFTauHPS35_Trk1_eta2p1_Reg == 1 ",
            "HLT_PFHT330PT30_QuadPFJet_75_60_45_40_TriplePFBTagDeepCSV_4p5",
            "HLT_PFMETNoMu120_PFMHTNoMu120_IDTight",
            "HLT_QuadPFJet103_88_75_15_DoublePFBTagDeepCSV_1p3_7p7_VBF1",
            "HLT_MediumChargedIsoPFTau180HighPtRelaxedIso_Trk50_eta2p1",
            "HLT_PFHT450_SixPFJet36_PFBTagDeepCSV_1p59",
            "HLT_Photon35_TwoProngs35",
            "HLT_Mu50",
            "HLT_DoublePFJets116MaxDeta1p6_DoubleCaloBTagDeepCSV_p71",
            "HLT_VBF_DoubleLooseChargedIsoPFTauHPS20_Trk1_eta2p1"
        ],
        "best_eff": [
            0.39264218160378883,
            0.42913547318251666,
            0.45141598487985984,
            0.47049333774128016,
            0.4868915736854113,
            0.4975781129883981,
            0.5069088973051851,
            0.514689750641747,
            0.5222697695515722,
            0.5296865468290191
        ],
        "best_eff_err": [
            0.003847720607146595,
            0.004022557493229867,
            0.004125660803613203,
            0.0042119362696147735,
            0.0042847075177986915,
            0.004331473748183797,
            0.004371897882389943,
            0.004405323564463611,
            0.0044376443823893295,
            0.004469042899500796
        ]
    }
}