{
    "M-3000": {
        "best_paths": [
            " HLT_DoubleTightChargedIsoPFTauHPS35_Trk1_TightID_eta2p1_Reg == 1  ||  HLT_DoubleTightChargedIsoPFTauHPS40_Trk1_eta2p1_Reg == 1  ||  HLT_DoubleMediumChargedIsoPFTauHPS40_Trk1_TightID_eta2p1_Reg == 1  ||  HLT_DoubleMediumChargedIsoPFTauHPS35_Trk1_eta2p1_Reg == 1 ",
            "HLT_AK8PFJet400_TrimMass30",
            "HLT_MediumChargedIsoPFTau180HighPtRelaxedIso_Trk50_eta2p1",
            "HLT_DiJet110_35_Mjj650_PFMET110",
            "HLT_AK8PFJet330_TrimMass30_PFAK8BoostedDoubleB_np2",
            "HLT_Ele115_CaloIdVT_GsfTrkIdT",
            "HLT_QuadPFJet103_88_75_15_DoublePFBTagDeepCSV_1p3_7p7_VBF1",
            "HLT_Mu50",
            "HLT_Photon60_R9Id90_CaloIdL_IsoL_DisplacedIdL_PFHT350MinPFJet15",
            "HLT_AK8PFJet500"
        ],
        "best_eff": [
            0.2810886517739939,
            0.9091890267478155,
            0.9375725713894897,
            0.9575242444177012,
            0.968376892964197,
            0.971204466702226,
            0.9737089240591097,
            0.9747053013686436,
            0.9756470115399686,
            0.9765713137399087
        ],
        "best_eff_err": [
            0.016043914430999225,
            0.028854647525745243,
            0.029301585978115007,
            0.02961171564903347,
            0.029779053486032592,
            0.029822497879351813,
            0.029860924950208232,
            0.029876199094188798,
            0.02989062803400709,
            0.029904783477788237
        ]
    }
}