{
    "M-340": {
        "best_paths": [
            " HLT_DoubleTightChargedIsoPFTauHPS35_Trk1_TightID_eta2p1_Reg == 1  ||  HLT_DoubleTightChargedIsoPFTauHPS40_Trk1_eta2p1_Reg == 1  ||  HLT_DoubleMediumChargedIsoPFTauHPS40_Trk1_TightID_eta2p1_Reg == 1  ||  HLT_DoubleMediumChargedIsoPFTauHPS35_Trk1_eta2p1_Reg == 1 ",
            "HLT_PFHT330PT30_QuadPFJet_75_60_45_40_TriplePFBTagDeepCSV_4p5",
            "HLT_PFHT450_SixPFJet36_PFBTagDeepCSV_1p59",
            "HLT_QuadPFJet103_88_75_15_DoublePFBTagDeepCSV_1p3_7p7_VBF1",
            "HLT_Photon35_TwoProngs35",
            "HLT_AK8PFJet330_TrimMass30_PFAK8BoostedDoubleB_np4",
            "HLT_Diphoton30_18_R9IdL_AND_HE_AND_IsoCaloId_NoPixelVeto",
            "HLT_VBF_DoubleLooseChargedIsoPFTauHPS20_Trk1_eta2p1",
            "HLT_Mu17_Photon30_IsoCaloId",
            "HLT_PFMETNoMu120_PFMHTNoMu120_IDTight"
        ],
        "best_eff": [
            0.22047219720618755,
            0.23923634383990003,
            0.24993761934388625,
            0.2585204552876636,
            0.26669171677473297,
            0.2737113509310756,
            0.27996019595332267,
            0.2854646859090472,
            0.2896511138626898,
            0.29336816563817664
        ],
        "best_eff_err": [
            0.0032698065089236256,
            0.0034061103752037183,
            0.0034814563410152564,
            0.00354072824088623,
            0.003596250227836483,
            0.0036432715543840977,
            0.003684624905352512,
            0.0037206715555212796,
            0.0037478546559624715,
            0.003771825840761482
        ]
    }
}