{
    "M-550": {
        "best_paths": [
            " HLT_DoubleTightChargedIsoPFTauHPS35_Trk1_TightID_eta2p1_Reg == 1  ||  HLT_DoubleTightChargedIsoPFTauHPS40_Trk1_eta2p1_Reg == 1  ||  HLT_DoubleMediumChargedIsoPFTauHPS40_Trk1_TightID_eta2p1_Reg == 1  ||  HLT_DoubleMediumChargedIsoPFTauHPS35_Trk1_eta2p1_Reg == 1 ",
            "HLT_PFHT330PT30_QuadPFJet_75_60_45_40_TriplePFBTagDeepCSV_4p5",
            "HLT_PFMETNoMu120_PFMHTNoMu120_IDTight",
            "HLT_MediumChargedIsoPFTau180HighPtRelaxedIso_Trk50_eta2p1",
            "HLT_QuadPFJet103_88_75_15_DoublePFBTagDeepCSV_1p3_7p7_VBF1",
            "HLT_DoublePFJets116MaxDeta1p6_DoubleCaloBTagDeepCSV_p71",
            "HLT_RsqMR300_Rsq0p09_MR200",
            "HLT_PFHT450_SixPFJet36_PFBTagDeepCSV_1p59",
            "HLT_Mu50",
            "HLT_VBF_DoubleLooseChargedIsoPFTauHPS20_Trk1_eta2p1"
        ],
        "best_eff": [
            0.4305805421289573,
            0.4707720223997751,
            0.5056464703586769,
            0.531306930646619,
            0.5507588916946029,
            0.5641584623855637,
            0.575700794429827,
            0.5852019611981999,
            0.5939479361675306,
            0.6018190007942694
        ],
        "best_eff_err": [
            0.0037712482721601734,
            0.003943331124826522,
            0.004086781456208154,
            0.004189195850168522,
            0.004265192950677662,
            0.004316765703614571,
            0.00436070129145027,
            0.004396537791063296,
            0.004429269571870545,
            0.0044585215665822004
        ]
    }
}