{
    "M-1750": {
        "best_paths": [
            " HLT_DoubleTightChargedIsoPFTauHPS35_Trk1_TightID_eta2p1_Reg == 1  ||  HLT_DoubleTightChargedIsoPFTauHPS40_Trk1_eta2p1_Reg == 1  ||  HLT_DoubleMediumChargedIsoPFTauHPS40_Trk1_TightID_eta2p1_Reg == 1  ||  HLT_DoubleMediumChargedIsoPFTauHPS35_Trk1_eta2p1_Reg == 1 ",
            "HLT_AK8PFJet400_TrimMass30",
            "HLT_DiJet110_35_Mjj650_PFMET110",
            "HLT_MediumChargedIsoPFTau180HighPtRelaxedIso_Trk50_eta2p1",
            "HLT_AK8PFJet330_TrimMass30_PFAK8BoostedDoubleB_np4",
            "HLT_PFMET120_PFMHT120_IDTight",
            "HLT_PFHT330PT30_QuadPFJet_75_60_45_40_TriplePFBTagDeepCSV_4p5",
            "HLT_HT650_DisplacedDijet60_Inclusive",
            "HLT_PFHT450_SixPFJet36_PFBTagDeepCSV_1p59",
            "HLT_VBF_DoubleLooseChargedIsoPFTauHPS20_Trk1_eta2p1"
        ],
        "best_eff": [
            0.4356773386693402,
            0.8848524262130345,
            0.9177808487576362,
            0.9425789978321677,
            0.9535184675670331,
            0.957318242454474,
            0.9607291979322121,
            0.9636196848423338,
            0.9657347423710978,
            0.9674972903117344
        ],
        "best_eff_err": [
            0.010436442625115852,
            0.014873234569294557,
            0.015147449032408365,
            0.01535072472093881,
            0.01543954717249694,
            0.015470279913874167,
            0.015497815958484377,
            0.01552111211255764,
            0.015538136490350908,
            0.015552309236185268
        ]
    }
}