{
    "M-400": {
        "best_paths": [
            "HLT_HT650",
            "HLT_DoubleMediumCombinedIsoPFTau35_Trk1_eta2p1_Reg",
            "HLT_HT550to650",
            "HLT_QuadJet45_TripleBTagCSV_p087",
            "HLT_HT500to550",
            "HLT_HT430to450",
            "HLT_HT470to500",
            "HLT_HT450to470",
            "HLT_VBF_DisplacedJet40_VTightID_Hadronic",
            "HLT_HT410to430"
        ],
        "best_eff": [
            0.09388646288209607,
            0.1632316685485275,
            0.21175248125215573,
            0.24983362529231254,
            0.27993330343898276,
            0.3050116863414877,
            0.3296622186327922,
            0.3488044699058996,
            0.360930366287803,
            0.36949083592067183
        ],
        "best_eff_err": [
            0.0022638036411929824,
            0.002984966595423303,
            0.0033997855157443784,
            0.00369285886824279,
            0.003908989914643284,
            0.004080332035074689,
            0.004242011620578875,
            0.004363432742754306,
            0.004438630330163744,
            0.004490959112609285
        ]
    }
}