{
    "M-320": {
        "best_paths": [
            "HLT_PFHT400_SixJet30_DoubleBTagCSV_p056",
            "HLT_DoubleMediumCombinedIsoPFTau35_Trk1_eta2p1_Reg",
            "HLT_HT650",
            "HLT_QuadJet45_TripleBTagCSV_p087",
            "HLT_HT550to650",
            "HLT_HT500to550",
            "HLT_HT430to450",
            "HLT_HT470to500",
            "HLT_HT450to470",
            "HLT_Diphoton30EB_18EB_R9Id_OR_IsoCaloId_AND_HE_R9Id_DoublePixelVeto_Mass55"
        ],
        "best_eff": [
            0.05763888888888889,
            0.10526136398257331,
            0.13611987021296174,
            0.15789613990189974,
            0.17654740959083765,
            0.19164305517472624,
            0.20375327514243147,
            0.21489161563537792,
            0.2229747433202327,
            0.2299464171465129
        ],
        "best_eff_err": [
            0.004473645391224002,
            0.006045583902004113,
            0.006874870458702843,
            0.007404393869659321,
            0.007829507256890916,
            0.008157372585043813,
            0.008411163116954213,
            0.00863800580677274,
            0.008798965045678998,
            0.008935463387740466
        ]
    }
}