{
    "M-600": {
        "best_paths": [
            "HLT_HT650",
            "HLT_HT550to650",
            "HLT_HT500to550",
            "HLT_HT470to500",
            "HLT_PFHT300_PFMET110",
            "HLT_HT430to450",
            "HLT_HT450to470",
            "HLT_DoubleMediumCombinedIsoPFTau35_Trk1_eta2p1_Reg",
            "HLT_RsqMR270_Rsq0p09_MR200",
            "HLT_Mu38NoFiltersNoVtx_DisplacedJet60_Loose"
        ],
        "best_eff": [
            0.24819448682738277,
            0.43006815176482555,
            0.5630149527006408,
            0.6426609703997559,
            0.6973858457939172,
            0.7382769046892482,
            0.7775404587529243,
            0.7961825738376005,
            0.8058982354784755,
            0.8148036310982296
        ],
        "best_eff_err": [
            0.005024550517842933,
            0.006614085324792538,
            0.007567651368713606,
            0.008085225083608039,
            0.008422435936077917,
            0.008665842535066292,
            0.008893294009489698,
            0.008999274226986946,
            0.009054015932389591,
            0.009103903168635904
        ]
    }
}