{
    "M-270": {
        "best_paths": [
            "HLT_DoubleMediumCombinedIsoPFTau35_Trk1_eta2p1_Reg",
            "HLT_QuadJet45_TripleBTagCSV_p087",
            "HLT_HT650",
            "HLT_HT550to650",
            "HLT_HT500to550",
            "HLT_HT430to450",
            "HLT_VBF_DisplacedJet40_VTightID_Hadronic",
            "HLT_Diphoton30EB_18EB_R9Id_OR_IsoCaloId_AND_HE_R9Id_DoublePixelVeto_Mass55",
            "HLT_HT450to470",
            "HLT_HT470to500"
        ],
        "best_eff": [
            0.03996791527638786,
            0.07516095776995105,
            0.09472104362596502,
            0.11384345877593745,
            0.1248330775339279,
            0.13369599279251096,
            0.1419005658449043,
            0.1500333622368865,
            0.15626591327509975,
            0.16218709827326594
        ],
        "best_eff_err": [
            0.00402749858301606,
            0.005523009637741368,
            0.006200159835928202,
            0.006797256978024245,
            0.0071177787949039985,
            0.007366120915015104,
            0.0075887756166020115,
            0.007803214930109875,
            0.007963642863686752,
            0.00811311814209104
        ]
    }
}