{
    "M-500": {
        "best_paths": [
            "HLT_HT650",
            "HLT_HT550to650",
            "HLT_HT500to550",
            "HLT_HT470to500",
            "HLT_HT430to450",
            "HLT_HT450to470",
            "HLT_DoubleMediumCombinedIsoPFTau35_Trk1_eta2p1_Reg",
            "HLT_PFHT300_PFMET110",
            "HLT_QuadJet45_TripleBTagCSV_p087",
            "HLT_VLooseIsoPFTau140_Trk50_eta2p1"
        ],
        "best_eff": [
            0.15259040925065184,
            0.255299852624419,
            0.3343158372066659,
            0.3975739712050788,
            0.4527831311642671,
            0.5053848769980728,
            0.544786948238758,
            0.5724377415376924,
            0.5882844943091342,
            0.6021995828350416
        ],
        "best_eff_err": [
            0.004159151190986088,
            0.005379802978213206,
            0.006156297010491084,
            0.006713516503567817,
            0.007164505298412861,
            0.00756923885392749,
            0.00785876742233412,
            0.00805573588031345,
            0.008166477874731987,
            0.008262496986998338
        ]
    }
}