{
    "M-900": {
        "best_paths": [
            "HLT_HT650",
            "HLT_HT550to650",
            "HLT_HT500to550",
            "HLT_PFHT300_PFMET110",
            "HLT_HT470to500",
            "HLT_HT450to470",
            "HLT_HT430to450",
            "HLT_DoubleMediumCombinedIsoPFTau35_Trk1_eta2p1_Reg",
            "HLT_Mu38NoFiltersNoVtx_DisplacedJet60_Loose",
            "HLT_VLooseIsoPFTau140_Trk50_eta2p1"
        ],
        "best_eff": [
            0.7284285472113917,
            0.8628581115443296,
            0.906424817765723,
            0.9287167528394644,
            0.9421936133242923,
            0.9501610654348196,
            0.9571961561281574,
            0.960921883228064,
            0.9634405861187348,
            0.9652846708959687
        ],
        "best_eff_err": [
            0.007857588530141915,
            0.00855195677615151,
            0.008765197335680633,
            0.00887232504038617,
            0.008936467537749697,
            0.008974172625965709,
            0.009007334206865442,
            0.00902484695843436,
            0.009036666874720637,
            0.009045311109518287
        ]
    }
}