{
    "M-800": {
        "best_paths": [
            "HLT_HT650",
            "HLT_HT550to650",
            "HLT_HT500to550",
            "HLT_PFHT300_PFMET110",
            "HLT_HT470to500",
            "HLT_HT450to470",
            "HLT_HT430to450",
            "HLT_DoubleMediumCombinedIsoPFTau35_Trk1_eta2p1_Reg",
            "HLT_Mu38NoFiltersNoVtx_DisplacedJet60_Loose",
            "HLT_VBF_DisplacedJet40_VTightID_Hadronic"
        ],
        "best_eff": [
            0.590416774976172,
            0.7760159431591717,
            0.8475868642232043,
            0.8803396802703405,
            0.9026081145481327,
            0.919071159344944,
            0.9311151763278744,
            0.937254873030855,
            0.941396104494664,
            0.9435823706141885
        ],
        "best_eff_err": [
            0.007152495999822872,
            0.008199995261638319,
            0.008569794112522709,
            0.00873380353409164,
            0.008843575671154071,
            0.008923862058593588,
            0.008982143355416115,
            0.009011708454396167,
            0.009031595487608275,
            0.009042076740062148
        ]
    }
}