{
    "M-550": {
        "best_paths": [
            "HLT_HT650",
            "HLT_HT550to650",
            "HLT_HT500to550",
            "HLT_HT470to500",
            "HLT_HT430to450",
            "HLT_HT450to470",
            "HLT_PFHT300_PFMET110",
            "HLT_DoubleMediumCombinedIsoPFTau35_Trk1_eta2p1_Reg",
            "HLT_VLooseIsoPFTau140_Trk50_eta2p1",
            "HLT_DoubleJet90_Double30_TripleBTagCSV_p087"
        ],
        "best_eff": [
            0.2057124168756132,
            0.34176387223372945,
            0.4478360405537992,
            0.5277444674588466,
            0.5844325738580617,
            0.6409026490788182,
            0.6779680039245611,
            0.7071645727822096,
            0.7197389396032557,
            0.7318735075857146
        ],
        "best_eff_err": [
            0.0047355950352062515,
            0.00610389956575577,
            0.006987210447601468,
            0.007585009827449671,
            0.007981996078920955,
            0.008358730760583265,
            0.008597039108112813,
            0.008780202878288765,
            0.008857921008458561,
            0.008932279757751758
        ]
    }
}