{
    "M-400": {
        "best_paths": [
            " HLT_DoubleMediumIsoPFTau35_Trk1_eta2p1_Reg == 1  ||  HLT_DoubleMediumCombinedIsoPFTau35_Trk1_eta2p1_Reg == 1 "
        ],
        "best_eff": [
            0.08114529738505533
        ],
        "best_eff_err": [
            0.002104596982769607
        ]
    }
}