{
    "M-260": {
        "best_paths": [
            " HLT_DoubleMediumIsoPFTau35_Trk1_eta2p1_Reg == 1  ||  HLT_DoubleMediumCombinedIsoPFTau35_Trk1_eta2p1_Reg == 1 "
        ],
        "best_eff": [
            0.03843553984685283
        ],
        "best_eff_err": [
            0.0039762530317242785
        ]
    }
}