{
    "M-550": {
        "best_paths": [
            " HLT_DoubleMediumIsoPFTau35_Trk1_eta2p1_Reg == 1  ||  HLT_DoubleMediumCombinedIsoPFTau35_Trk1_eta2p1_Reg == 1 "
        ],
        "best_eff": [
            0.1202951007461511
        ],
        "best_eff_err": [
            0.0036213314249368047
        ]
    }
}