{
    "M-320": {
        "best_paths": [
            " HLT_DoubleMediumIsoPFTau35_Trk1_eta2p1_Reg == 1  ||  HLT_DoubleMediumCombinedIsoPFTau35_Trk1_eta2p1_Reg == 1 "
        ],
        "best_eff": [
            0.05245978429759575
        ],
        "best_eff_err": [
            0.004267927234748694
        ]
    }
}