{
    "M-700": {
        "best_paths": [
            " HLT_DoubleTightChargedIsoPFTau35_Trk1_TightID_eta2p1_Reg == 1  ||  HLT_DoubleMediumChargedIsoPFTau40_Trk1_TightID_eta2p1_Reg == 1  ||  HLT_DoubleTightChargedIsoPFTau40_Trk1_eta2p1_Reg == 1  ||  HLT_PFHT300PT30_QuadPFJet_75_60_45_40_TriplePFBTagCSV_3p0 == 1  ||  HLT_MediumChargedIsoPFTau50_Trk30_eta2p1_1pr_MET90 == 1  ||  HLT_PFMETTypeOne120_PFMHT120_IDTight == 1  ||  HLT_MediumChargedIsoPFTau180HighPtRelaxedIso_Trk50_eta2p1 == 1 ",
            "HLT_RsqMR300_Rsq0p09_MR200",
            "HLT_PFHT380_SixPFJet32_DoublePFBTagCSV_2p2",
            "HLT_DoublePFJets100MaxDeta1p6_DoubleCaloBTagCSV_p33",
            "HLT_HT650_DisplacedDijet60_Inclusive",
            "HLT_Mu50",
            "HLT_VBF_DoubleLooseChargedIsoPFTau20_Trk1_eta2p1_Reg",
            "HLT_Photon200",
            "HLT_Photon60_R9Id90_CaloIdL_IsoL_DisplacedIdL_PFHT350MinPFJet15",
            "HLT_AK8PFJet360_TrimMass30"
        ],
        "best_eff": [
            0.7148427219757403,
            0.7308397495587462,
            0.743153454193464,
            0.7522397165217722,
            0.7601322502557628,
            0.7675349588547314,
            0.7738240613265955,
            0.7790406463756474,
            0.782707886624024,
            0.7861773666046136
        ],
        "best_eff_err": [
            0.005482645847650477,
            0.0055436528139052536,
            0.005590159428431621,
            0.005624230008259889,
            0.005653657860154545,
            0.005681120829756195,
            0.005704348605067959,
            0.005723543690120632,
            0.0057369993206669466,
            0.005749700352562609
        ]
    }
}