{
    "M-280": {
        "best_paths": [
            " HLT_DoubleTightChargedIsoPFTau35_Trk1_TightID_eta2p1_Reg == 1  ||  HLT_DoubleMediumChargedIsoPFTau40_Trk1_TightID_eta2p1_Reg == 1  ||  HLT_DoubleTightChargedIsoPFTau40_Trk1_eta2p1_Reg == 1  ||  HLT_PFHT300PT30_QuadPFJet_75_60_45_40_TriplePFBTagCSV_3p0 == 1  ||  HLT_MediumChargedIsoPFTau50_Trk30_eta2p1_1pr_MET90 == 1  ||  HLT_PFMETTypeOne120_PFMHT120_IDTight == 1  ||  HLT_MediumChargedIsoPFTau180HighPtRelaxedIso_Trk50_eta2p1 == 1 ",
            "HLT_DoubleTightChargedIsoPFTau35_Trk1_TightID_eta2p1_Reg",
            "HLT_DoubleMediumChargedIsoPFTau40_Trk1_TightID_eta2p1_Reg",
            "HLT_DoubleTightChargedIsoPFTau40_Trk1_eta2p1_Reg",
            "HLT_MediumChargedIsoPFTau50_Trk30_eta2p1_1pr_MET90",
            "HLT_MediumChargedIsoPFTau180HighPtRelaxedIso_Trk50_eta2p1",
            "HLT_PFMETTypeOne120_PFMHT120_IDTight",
            "HLT_PFHT380_SixPFJet32_DoublePFBTagCSV_2p2",
            "HLT_PFHT300PT30_QuadPFJet_75_60_45_40_TriplePFBTagCSV_3p0",
            "HLT_DoubleMediumChargedIsoPFTau35_Trk1_eta2p1_Reg"
        ],
        "best_eff": [
            0.18191795682134615,
            0.1905450827840841,
            0.1905450827840841,
            0.1905450827840841,
            0.1905450827840841,
            0.1905450827840841,
            0.1905450827840841,
            0.1905450827840841,
            0.1964843318299046,
            0.1964843318299046
        ],
        "best_eff_err": [
            0.0027652311234252474,
            0.0028300396774341425,
            0.0028300396774341425,
            0.0028300396774341425,
            0.0028300396774341425,
            0.0028300396774341425,
            0.0028300396774341425,
            0.0028300396774341425,
            0.0028738071017002076,
            0.0028738071017002076
        ]
    }
}