{
    "M-2500": {
        "best_paths": [
            " HLT_DoubleTightChargedIsoPFTau35_Trk1_TightID_eta2p1_Reg == 1  ||  HLT_DoubleMediumChargedIsoPFTau40_Trk1_TightID_eta2p1_Reg == 1  ||  HLT_DoubleTightChargedIsoPFTau40_Trk1_eta2p1_Reg == 1  ||  HLT_PFHT300PT30_QuadPFJet_75_60_45_40_TriplePFBTagCSV_3p0 == 1  ||  HLT_MediumChargedIsoPFTau50_Trk30_eta2p1_1pr_MET90 == 1  ||  HLT_PFMETTypeOne120_PFMHT120_IDTight == 1  ||  HLT_MediumChargedIsoPFTau180HighPtRelaxedIso_Trk50_eta2p1 == 1 ",
            "HLT_AK8PFJet400_TrimMass30",
            "HLT_AK8PFJet500",
            "HLT_AK8PFJet360_TrimMass30",
            "HLT_HT650_DisplacedDijet60_Inclusive",
            "HLT_PFHT500_PFMET100_PFMHT100_IDTight",
            "HLT_Photon200",
            "HLT_DoublePFJets100MaxDeta1p6_DoubleCaloBTagCSV_p33",
            "HLT_DiJet110_35_Mjj650_PFMET110",
            "HLT_PFHT430_SixPFJet40_PFBTagCSV_1p5"
        ],
        "best_eff": [
            0.913954399456538,
            0.9493419776943806,
            0.9543313920894855,
            0.9584376834343522,
            0.9619424749869734,
            0.9648886367983323,
            0.967197683698168,
            0.9686357430698912,
            0.9696052657613389,
            0.9704529056001474
        ],
        "best_eff_err": [
            0.022378492603592898,
            0.022807616820659207,
            0.02286747276666061,
            0.022916616970850782,
            0.02295847919867842,
            0.022993610033121174,
            0.023021106262150887,
            0.023038214151083265,
            0.023049740922222003,
            0.023059813892726978
        ]
    }
}