{
    "M-400": {
        "best_paths": [
            " HLT_DoubleTightChargedIsoPFTau35_Trk1_TightID_eta2p1_Reg == 1  ||  HLT_DoubleMediumChargedIsoPFTau40_Trk1_TightID_eta2p1_Reg == 1  ||  HLT_DoubleTightChargedIsoPFTau40_Trk1_eta2p1_Reg == 1  ||  HLT_PFHT300PT30_QuadPFJet_75_60_45_40_TriplePFBTagCSV_3p0 == 1  ||  HLT_MediumChargedIsoPFTau50_Trk30_eta2p1_1pr_MET90 == 1  ||  HLT_PFMETTypeOne120_PFMHT120_IDTight == 1  ||  HLT_MediumChargedIsoPFTau180HighPtRelaxedIso_Trk50_eta2p1 == 1 ",
            "HLT_PFHT380_SixPFJet32_DoublePFBTagCSV_2p2",
            "HLT_VBF_DoubleLooseChargedIsoPFTau20_Trk1_eta2p1_Reg",
            "HLT_Mu12_DoublePFJets40MaxDeta1p6_DoubleCaloBTagCSV_p33",
            "HLT_DoubleMediumChargedIsoPFTau35_Trk1_eta2p1_Reg",
            "HLT_Diphoton30PV_18PV_R9Id_AND_IsoCaloId_AND_HE_R9Id_PixelVeto_Mass55",
            "HLT_Mu50",
            "HLT_Mu17_Photon30_IsoCaloId",
            "HLT_PFHT430_SixPFJet40_PFBTagCSV_1p5",
            "HLT_QuadPFJet98_83_71_15_DoubleBTagCSV_p013_p08_VBF1"
        ],
        "best_eff": [
            0.35683678871674634,
            0.36971415506066874,
            0.3760872107927051,
            0.38207711189934856,
            0.38769860864934785,
            0.3932272104273236,
            0.3973369269784464,
            0.399965812467911,
            0.4025522774764469,
            0.40503392454998766
        ],
        "best_eff_err": [
            0.003809003728137516,
            0.003877123417632554,
            0.003910397162488258,
            0.0039414143887173386,
            0.0039703035107465715,
            0.003998511668765016,
            0.0040193520841290045,
            0.004032626707865391,
            0.004045644620259108,
            0.004058095718929784
        ]
    }
}