{
    "M-850": {
        "best_paths": [
            " HLT_DoubleTightChargedIsoPFTau35_Trk1_TightID_eta2p1_Reg == 1  ||  HLT_DoubleMediumChargedIsoPFTau40_Trk1_TightID_eta2p1_Reg == 1  ||  HLT_DoubleTightChargedIsoPFTau40_Trk1_eta2p1_Reg == 1  ||  HLT_PFHT300PT30_QuadPFJet_75_60_45_40_TriplePFBTagCSV_3p0 == 1  ||  HLT_MediumChargedIsoPFTau50_Trk30_eta2p1_1pr_MET90 == 1  ||  HLT_PFMETTypeOne120_PFMHT120_IDTight == 1  ||  HLT_MediumChargedIsoPFTau180HighPtRelaxedIso_Trk50_eta2p1 == 1 ",
            "HLT_AK8PFJet360_TrimMass30",
            "HLT_RsqMR300_Rsq0p09_MR200",
            "HLT_HT650_DisplacedDijet60_Inclusive",
            "HLT_Mu50",
            "HLT_Photon200",
            "HLT_PFHT380_SixPFJet32_DoublePFBTagCSV_2p2",
            "HLT_PFHT500_PFMET100_PFMHT100_IDTight",
            "HLT_DoublePFJets100MaxDeta1p6_DoubleCaloBTagCSV_p33",
            "HLT_VBF_DoubleLooseChargedIsoPFTau20_Trk1_eta2p1_Reg"
        ],
        "best_eff": [
            0.815544380593882,
            0.8423866697490429,
            0.8524847732208115,
            0.8616903869943585,
            0.8688416281008697,
            0.8743630896553174,
            0.8791217408737991,
            0.8833337111893711,
            0.8870359771503911,
            0.8896488211903711
        ],
        "best_eff_err": [
            0.005740785175072026,
            0.005834494551280163,
            0.005869360851091347,
            0.005900966099974727,
            0.005925401813583903,
            0.005944199867840249,
            0.005960353335473515,
            0.005974614632834944,
            0.005987122071067644,
            0.005995933389766292
        ]
    }
}