{
    "M-600": {
        "best_paths": [
            " HLT_DoubleTightChargedIsoPFTau35_Trk1_TightID_eta2p1_Reg == 1  ||  HLT_DoubleMediumChargedIsoPFTau40_Trk1_TightID_eta2p1_Reg == 1  ||  HLT_DoubleTightChargedIsoPFTau40_Trk1_eta2p1_Reg == 1  ||  HLT_PFHT300PT30_QuadPFJet_75_60_45_40_TriplePFBTagCSV_3p0 == 1  ||  HLT_MediumChargedIsoPFTau50_Trk30_eta2p1_1pr_MET90 == 1  ||  HLT_PFMETTypeOne120_PFMHT120_IDTight == 1  ||  HLT_MediumChargedIsoPFTau180HighPtRelaxedIso_Trk50_eta2p1 == 1 ",
            "HLT_DoublePFJets100MaxDeta1p6_DoubleCaloBTagCSV_p33",
            "HLT_PFHT380_SixPFJet32_DoublePFBTagCSV_2p2",
            "HLT_RsqMR300_Rsq0p09_MR200",
            "HLT_Mu50",
            "HLT_VBF_DoubleLooseChargedIsoPFTau20_Trk1_eta2p1_Reg",
            "HLT_HT650_DisplacedDijet60_Inclusive",
            "HLT_Ele50_CaloIdVT_GsfTrkIdT_PFJet165",
            "HLT_Photon60_R9Id90_CaloIdL_IsoL_DisplacedIdL_PFHT350MinPFJet15",
            "HLT_Mu12_DoublePFJets40MaxDeta1p6_DoubleCaloBTagCSV_p33"
        ],
        "best_eff": [
            0.6176072145577535,
            0.6326029799384469,
            0.644725174468862,
            0.6553405342896869,
            0.6637805141443781,
            0.6710157373972157,
            0.6760652232342077,
            0.6805554671476233,
            0.6842187064267157,
            0.6875880959402478
        ],
        "best_eff_err": [
            0.005306245764212542,
            0.005370278360683994,
            0.0054214879247665,
            0.005465937935516301,
            0.005501022613117783,
            0.005530921996028805,
            0.005551693467096022,
            0.00557009938549043,
            0.005585070408003208,
            0.0055988051736690515
        ]
    }
}