{
    "M-1000": {
        "best_paths": [
            " HLT_DoubleTightChargedIsoPFTau35_Trk1_TightID_eta2p1_Reg == 1  ||  HLT_DoubleMediumChargedIsoPFTau40_Trk1_TightID_eta2p1_Reg == 1  ||  HLT_DoubleTightChargedIsoPFTau40_Trk1_eta2p1_Reg == 1  ||  HLT_PFHT300PT30_QuadPFJet_75_60_45_40_TriplePFBTagCSV_3p0 == 1  ||  HLT_MediumChargedIsoPFTau50_Trk30_eta2p1_1pr_MET90 == 1  ||  HLT_PFMETTypeOne120_PFMHT120_IDTight == 1  ||  HLT_MediumChargedIsoPFTau180HighPtRelaxedIso_Trk50_eta2p1 == 1 ",
            "HLT_AK8PFJet360_TrimMass30",
            "HLT_HT650_DisplacedDijet60_Inclusive",
            "HLT_Photon200",
            "HLT_PFHT500_PFMET100_PFMHT100_IDTight",
            "HLT_Mu50",
            "HLT_AK8PFJet400_TrimMass30",
            "HLT_DoublePFJets100MaxDeta1p6_DoubleCaloBTagCSV_p33",
            "HLT_VBF_DoubleLooseChargedIsoPFTau20_Trk1_eta2p1_Reg",
            "HLT_PFHT380_SixPFJet32_DoublePFBTagCSV_2p2"
        ],
        "best_eff": [
            0.8589122617350224,
            0.894654874241059,
            0.9026533441977966,
            0.9089466102153843,
            0.9148465238216561,
            0.9196332366916445,
            0.9228758420258399,
            0.9254925781463927,
            0.9279184127936011,
            0.9299167495961833
        ],
        "best_eff_err": [
            0.008152536074305687,
            0.008320436184619995,
            0.008357546961238147,
            0.008386630612232179,
            0.008413805124755997,
            0.008435788006037228,
            0.008450647115180766,
            0.008462619181064997,
            0.008473702727639034,
            0.0084828221743592
        ]
    }
}