{
    "M-1750": {
        "best_paths": [
            " HLT_DoubleTightChargedIsoPFTau35_Trk1_TightID_eta2p1_Reg == 1  ||  HLT_DoubleMediumChargedIsoPFTau40_Trk1_TightID_eta2p1_Reg == 1  ||  HLT_DoubleTightChargedIsoPFTau40_Trk1_eta2p1_Reg == 1  ||  HLT_PFHT300PT30_QuadPFJet_75_60_45_40_TriplePFBTagCSV_3p0 == 1  ||  HLT_MediumChargedIsoPFTau50_Trk30_eta2p1_1pr_MET90 == 1  ||  HLT_PFMETTypeOne120_PFMHT120_IDTight == 1  ||  HLT_MediumChargedIsoPFTau180HighPtRelaxedIso_Trk50_eta2p1 == 1 ",
            "HLT_AK8PFJet400_TrimMass30",
            "HLT_AK8PFJet500",
            "HLT_AK8PFJet360_TrimMass30",
            "HLT_PFHT380_SixPFJet32_DoublePFBTagCSV_2p2",
            "HLT_HT650_DisplacedDijet60_Inclusive",
            "HLT_PFHT500_PFMET100_PFMHT100_IDTight",
            "HLT_Mu50",
            "HLT_Ele50_CaloIdVT_GsfTrkIdT_PFJet165",
            "HLT_DiJet110_35_Mjj650_PFMET110"
        ],
        "best_eff": [
            0.905251831711959,
            0.9407782488212629,
            0.9455608284819378,
            0.9496487693231341,
            0.953213633743837,
            0.9553798312621602,
            0.957322519864959,
            0.9587435765493313,
            0.959654168427385,
            0.9604708676712771
        ],
        "best_eff_err": [
            0.014454076921476645,
            0.014734971133166064,
            0.014772377311354412,
            0.014804275563665767,
            0.014832036248324054,
            0.014848879737635594,
            0.014863969076444768,
            0.014874997078696765,
            0.014882059361663522,
            0.014888390591299473
        ]
    }
}