{
    "M-250": {
        "best_paths": [
            " HLT_DoubleTightChargedIsoPFTau35_Trk1_TightID_eta2p1_Reg == 1  ||  HLT_DoubleMediumChargedIsoPFTau40_Trk1_TightID_eta2p1_Reg == 1  ||  HLT_DoubleTightChargedIsoPFTau40_Trk1_eta2p1_Reg == 1  ||  HLT_PFHT300PT30_QuadPFJet_75_60_45_40_TriplePFBTagCSV_3p0 == 1  ||  HLT_MediumChargedIsoPFTau50_Trk30_eta2p1_1pr_MET90 == 1  ||  HLT_PFMETTypeOne120_PFMHT120_IDTight == 1  ||  HLT_MediumChargedIsoPFTau180HighPtRelaxedIso_Trk50_eta2p1 == 1 ",
            "HLT_DoubleMediumChargedIsoPFTau35_Trk1_eta2p1_Reg",
            "HLT_PFHT380_SixPFJet32_DoublePFBTagCSV_2p2",
            "HLT_Diphoton30PV_18PV_R9Id_AND_IsoCaloId_AND_HE_R9Id_PixelVeto_Mass55",
            "HLT_Mu12_DoublePFJets40MaxDeta1p6_DoubleCaloBTagCSV_p33",
            "HLT_VBF_DoubleLooseChargedIsoPFTau20_Trk1_eta2p1_Reg",
            "HLT_Mu8_TrkIsoVVL_Ele23_CaloIdL_TrackIdL_IsoVL_DZ",
            "HLT_Mu12_DoublePhoton20",
            "HLT_Ele32_WPTight_Gsf_L1DoubleEG",
            "HLT_AK8PFJet360_TrimMass30"
        ],
        "best_eff": [
            0.16391875975623135,
            0.17007628221886892,
            0.17556613182379865,
            0.18038932301471813,
            0.18303998951327438,
            0.18541542650282655,
            0.1874496876786239,
            0.18909852041254857,
            0.19064575711774903,
            0.19199998436653154
        ],
        "best_eff_err": [
            0.0026484085027830705,
            0.0026976929732247944,
            0.0027408862621582986,
            0.002778280291558902,
            0.002798618076313343,
            0.0028167193420836033,
            0.0028321288260908677,
            0.002844557448529854,
            0.002856171070564254,
            0.0028662973389069184
        ]
    }
}