{
    "M-1500": {
        "best_paths": [
            " HLT_DoubleTightChargedIsoPFTau35_Trk1_TightID_eta2p1_Reg == 1  ||  HLT_DoubleMediumChargedIsoPFTau40_Trk1_TightID_eta2p1_Reg == 1  ||  HLT_DoubleTightChargedIsoPFTau40_Trk1_eta2p1_Reg == 1  ||  HLT_PFHT300PT30_QuadPFJet_75_60_45_40_TriplePFBTagCSV_3p0 == 1  ||  HLT_MediumChargedIsoPFTau50_Trk30_eta2p1_1pr_MET90 == 1  ||  HLT_PFMETTypeOne120_PFMHT120_IDTight == 1  ||  HLT_MediumChargedIsoPFTau180HighPtRelaxedIso_Trk50_eta2p1 == 1 ",
            "HLT_AK8PFJet400_TrimMass30",
            "HLT_AK8PFJet360_TrimMass30",
            "HLT_AK8PFJet500",
            "HLT_HT650_DisplacedDijet60_Inclusive",
            "HLT_PFHT500_PFMET100_PFMHT100_IDTight",
            "HLT_Photon200",
            "HLT_DiJet110_35_Mjj650_PFMET110",
            "HLT_Mu50",
            "HLT_PFHT380_SixPFJet32_DoublePFBTagDeepCSV_2p2"
        ],
        "best_eff": [
            0.8853492631195334,
            0.9293563658858829,
            0.9363599815333951,
            0.9411944162351094,
            0.9446223799408462,
            0.9473031609194292,
            0.9495776795016823,
            0.9515858403544487,
            0.9531463461890523,
            0.954662425805625
        ],
        "best_eff_err": [
            0.012116094468510794,
            0.012413563633256826,
            0.012460250056065922,
            0.0124923748338499,
            0.01251510365873697,
            0.012532849629437647,
            0.0125478865837532,
            0.01256114767181342,
            0.012571442967180702,
            0.012581437096399167
        ]
    }
}