{
    "M-800": {
        "best_paths": [
            " HLT_DoubleTightChargedIsoPFTau35_Trk1_TightID_eta2p1_Reg == 1  ||  HLT_DoubleMediumChargedIsoPFTau40_Trk1_TightID_eta2p1_Reg == 1  ||  HLT_DoubleTightChargedIsoPFTau40_Trk1_eta2p1_Reg == 1  ||  HLT_PFHT300PT30_QuadPFJet_75_60_45_40_TriplePFBTagCSV_3p0 == 1  ||  HLT_MediumChargedIsoPFTau50_Trk30_eta2p1_1pr_MET90 == 1  ||  HLT_PFMETTypeOne120_PFMHT120_IDTight == 1  ||  HLT_MediumChargedIsoPFTau180HighPtRelaxedIso_Trk50_eta2p1 == 1 ",
            "HLT_AK8PFJet360_TrimMass30",
            "HLT_RsqMR300_Rsq0p09_MR200",
            "HLT_HT650_DisplacedDijet60_Inclusive",
            "HLT_Mu50",
            "HLT_Photon200",
            "HLT_DoublePFJets100MaxDeta1p6_DoubleCaloBTagCSV_p33",
            "HLT_PFHT380_SixPFJet32_DoublePFBTagCSV_2p2",
            "HLT_PFHT500_PFMET100_PFMHT100_IDTight",
            "HLT_VBF_DoubleLooseChargedIsoPFTau20_Trk1_eta2p1_Reg"
        ],
        "best_eff": [
            0.7874525424170663,
            0.8081832314509685,
            0.8215143790430013,
            0.8323556788659496,
            0.839948433106746,
            0.8459163981492678,
            0.8514672400546274,
            0.8559764216886425,
            0.8596387911397098,
            0.8628818761938296
        ],
        "best_eff_err": [
            0.005592998551557332,
            0.005666141680207149,
            0.005712682622196492,
            0.005750253428014468,
            0.005776420814421926,
            0.005796905678642437,
            0.005815894016363679,
            0.00583127352396026,
            0.0058437350138687135,
            0.005854747714277037
        ]
    }
}