{
    "M-270": {
        "best_paths": [
            " HLT_DoubleTightChargedIsoPFTau35_Trk1_TightID_eta2p1_Reg == 1  ||  HLT_DoubleMediumChargedIsoPFTau40_Trk1_TightID_eta2p1_Reg == 1  ||  HLT_DoubleTightChargedIsoPFTau40_Trk1_eta2p1_Reg == 1  ||  HLT_PFHT300PT30_QuadPFJet_75_60_45_40_TriplePFBTagCSV_3p0 == 1  ||  HLT_MediumChargedIsoPFTau50_Trk30_eta2p1_1pr_MET90 == 1  ||  HLT_PFMETTypeOne120_PFMHT120_IDTight == 1  ||  HLT_MediumChargedIsoPFTau180HighPtRelaxedIso_Trk50_eta2p1 == 1 ",
            "HLT_PFHT380_SixPFJet32_DoublePFBTagCSV_2p2",
            "HLT_Diphoton30PV_18PV_R9Id_AND_IsoCaloId_AND_HE_R9Id_PixelVeto_Mass55",
            "HLT_DoubleMediumChargedIsoPFTau35_Trk1_eta2p1_Reg",
            "HLT_VBF_DoubleLooseChargedIsoPFTau20_Trk1_eta2p1_Reg",
            "HLT_Mu12_DoublePFJets40MaxDeta1p6_DoubleCaloBTagCSV_p33",
            "HLT_Mu17_Photon30_IsoCaloId",
            "HLT_AK8PFJet360_TrimMass30",
            "HLT_Ele32_WPTight_Gsf_L1DoubleEG",
            "HLT_Mu12_DoublePhoton20"
        ],
        "best_eff": [
            0.1699147521435877,
            0.17720233526657425,
            0.18245053206243989,
            0.1873244386967672,
            0.19022788861548243,
            0.19296632853560144,
            0.19498735740058967,
            0.1967242694122684,
            0.19837402526188935,
            0.1999395478366059
        ],
        "best_eff_err": [
            0.0027213285387878254,
            0.0027790742709505765,
            0.0028199278720488974,
            0.002857344816305227,
            0.002879403490650774,
            0.0029000547695346413,
            0.002915202043606347,
            0.0029281573023107648,
            0.002940409626544325,
            0.0029519893464687807
        ]
    }
}