{
    "M-260": {
        "best_paths": [
            " HLT_DoubleTightChargedIsoPFTau35_Trk1_TightID_eta2p1_Reg == 1  ||  HLT_DoubleMediumChargedIsoPFTau40_Trk1_TightID_eta2p1_Reg == 1  ||  HLT_DoubleTightChargedIsoPFTau40_Trk1_eta2p1_Reg == 1  ||  HLT_PFHT300PT30_QuadPFJet_75_60_45_40_TriplePFBTagCSV_3p0 == 1  ||  HLT_MediumChargedIsoPFTau50_Trk30_eta2p1_1pr_MET90 == 1  ||  HLT_PFMETTypeOne120_PFMHT120_IDTight == 1  ||  HLT_MediumChargedIsoPFTau180HighPtRelaxedIso_Trk50_eta2p1 == 1 ",
            "HLT_PFHT380_SixPFJet32_DoublePFBTagCSV_2p2",
            "HLT_DoubleMediumChargedIsoPFTau35_Trk1_eta2p1_Reg",
            "HLT_Diphoton30PV_18PV_R9Id_AND_IsoCaloId_AND_HE_R9Id_PixelVeto_Mass55",
            "HLT_VBF_DoubleLooseChargedIsoPFTau20_Trk1_eta2p1_Reg",
            "HLT_Mu17_Photon30_IsoCaloId",
            "HLT_Mu12_DoublePFJets40MaxDeta1p6_DoubleCaloBTagCSV_p33",
            "HLT_Mu8_TrkIsoVVL_Ele23_CaloIdL_TrackIdL_IsoVL_DZ",
            "HLT_AK8PFJet400_TrimMass30",
            "HLT_PFHT380_SixPFJet32_DoublePFBTagDeepCSV_2p2"
        ],
        "best_eff": [
            0.16373255420917476,
            0.1697042185503042,
            0.17559684430639116,
            0.18073801077033488,
            0.18402884010423012,
            0.18660562156378957,
            0.18904673175300624,
            0.19071702406348687,
            0.19214883887110426,
            0.19342170682100707
        ],
        "best_eff_err": [
            0.002789816348492334,
            0.0028402359205094096,
            0.002889125782574346,
            0.0029311149161743697,
            0.0029576790216076718,
            0.002978313828591058,
            0.0029977311678071584,
            0.003010945033056025,
            0.0030222262872405723,
            0.0030322199598194132
        ]
    }
}