{
    "M-750": {
        "best_paths": [
            " HLT_DoubleTightChargedIsoPFTau35_Trk1_TightID_eta2p1_Reg == 1  ||  HLT_DoubleMediumChargedIsoPFTau40_Trk1_TightID_eta2p1_Reg == 1  ||  HLT_DoubleTightChargedIsoPFTau40_Trk1_eta2p1_Reg == 1  ||  HLT_PFHT300PT30_QuadPFJet_75_60_45_40_TriplePFBTagCSV_3p0 == 1  ||  HLT_MediumChargedIsoPFTau50_Trk30_eta2p1_1pr_MET90 == 1  ||  HLT_PFMETTypeOne120_PFMHT120_IDTight == 1  ||  HLT_MediumChargedIsoPFTau180HighPtRelaxedIso_Trk50_eta2p1 == 1 ",
            "HLT_RsqMR300_Rsq0p09_MR200",
            "HLT_AK8PFJet360_TrimMass30",
            "HLT_HT650_DisplacedDijet60_Inclusive",
            "HLT_Mu50",
            "HLT_DoublePFJets100MaxDeta1p6_DoubleCaloBTagCSV_p33",
            "HLT_PFHT380_SixPFJet32_DoublePFBTagCSV_2p2",
            "HLT_Photon200",
            "HLT_VBF_DoubleLooseChargedIsoPFTau20_Trk1_eta2p1_Reg",
            "HLT_PFHT500_PFMET100_PFMHT100_IDTight"
        ],
        "best_eff": [
            0.7543106521929241,
            0.7713394937689734,
            0.7854680144694176,
            0.7958618436830762,
            0.8040971082108583,
            0.8114588105776772,
            0.8169183947156946,
            0.8211307034042451,
            0.8245911511395283,
            0.8276981143140364
        ],
        "best_eff_err": [
            0.005587848616831116,
            0.005650570473391604,
            0.00570208600887541,
            0.005739688896764054,
            0.005769308489685927,
            0.0057956580212317295,
            0.005815122249093785,
            0.005830095344956143,
            0.005842367160809546,
            0.005853363490966718
        ]
    }
}